facility_name,latitude,longitude,observed_datetime,hour_of_day,day_of_week,is_weekend,is_holiday,capacity,base_rate_kes,traffic_delay_index,occupied_bays,occupancy_rate,is_available
Unnamed Parking,-1.2896057,36.8150615,2026-08-01 06:00:00,6,5,1,0,50,100,1.0,14,0.2797,1
Unnamed Parking,-1.2909796,36.8282672,2026-08-01 06:00:00,6,5,1,0,50,100,1.0,11,0.2289,1
Unnamed Parking,-1.2856445,36.8132893,2026-08-01 06:00:00,6,5,1,0,50,100,1.0,15,0.2918,1
Unnamed Parking,-1.2597359,36.8182597,2026-08-01 06:00:00,6,5,1,0,50,100,1.0,18,0.3618,1
Unnamed Parking,-1.2641049,36.8117123,2026-08-01 06:00:00,6,5,1,0,50,100,1.0,11,0.2213,1
InterContinental Hotel Car Park,-1.2873717,36.8192911,2026-08-01 06:00:00,6,5,1,0,50,300,1.15,11,0.2213,1
Unnamed Parking,-1.25013,36.8202579,2026-08-01 06:00:00,6,5,1,0,50,100,1.16,18,0.3663,1
Olympic Bus Terminus,-1.3126351,36.7778212,2026-08-01 06:00:00,6,5,1,0,50,100,1.0,15,0.3014,1
Ayany Car Park,-1.3090339,36.7757579,2026-08-01 06:00:00,6,5,1,0,50,200,1.0,10,0.2024,1
Westgate Mall Car Park,-1.2566578,36.8035661,2026-08-01 06:00:00,6,5,1,0,50,50,1.0,14,0.2834,1
Student parking,-1.274479,36.805643,2026-08-01 06:00:00,6,5,1,0,50,100,1.0,10,0.2029,1
Kenton Rear Parking,-1.2809847,36.7869545,2026-08-01 06:00:00,6,5,1,0,50,100,1.0,10,0.2027,1
Unnamed Parking,-1.2553877,36.8667692,2026-08-01 06:00:00,6,5,1,0,50,100,1.0,13,0.2594,1
Unnamed Parking,-1.259848,36.8644681,2026-08-01 06:00:00,6,5,1,0,50,100,1.19,5,0.1,1
Travel House Parking,-1.2861727,36.8214386,2026-08-01 06:00:00,6,5,1,0,50,100,1.18,5,0.102,1
Lenana Parking Lot Area,-1.2900918,36.800209,2026-08-01 06:00:00,6,5,1,0,50,100,1.0,10,0.195,1
Unnamed Parking,-1.2944773,36.8101427,2026-08-01 06:00:00,6,5,1,0,50,100,1.0,8,0.159,1
Parking B,-1.2806414,36.8128716,2026-08-01 06:00:00,6,5,1,0,50,100,1.0,13,0.2651,1
MAIN PACKING,-1.2803274,36.8127162,2026-08-01 06:00:00,6,5,1,0,50,100,1.0,8,0.1674,1
YMCA STAFF PARKING,-1.2805756,36.8129968,2026-08-01 06:00:00,6,5,1,0,50,100,1.0,6,0.127,1
Unnamed Parking,-1.2896057,36.8150615,2026-08-01 07:00:00,7,5,1,0,50,100,1.0,18,0.3573,1
Unnamed Parking,-1.2909796,36.8282672,2026-08-01 07:00:00,7,5,1,0,50,100,1.0,11,0.2219,1
Unnamed Parking,-1.2856445,36.8132893,2026-08-01 07:00:00,7,5,1,0,50,100,1.0,12,0.2454,1
Unnamed Parking,-1.2597359,36.8182597,2026-08-01 07:00:00,7,5,1,0,50,100,1.0,6,0.126,1
Unnamed Parking,-1.2641049,36.8117123,2026-08-01 07:00:00,7,5,1,0,50,100,1.0,10,0.1964,1
InterContinental Hotel Car Park,-1.2873717,36.8192911,2026-08-01 07:00:00,7,5,1,0,50,300,1.15,12,0.2489,1
Unnamed Parking,-1.25013,36.8202579,2026-08-01 07:00:00,7,5,1,0,50,100,1.16,7,0.1479,1
Olympic Bus Terminus,-1.3126351,36.7778212,2026-08-01 07:00:00,7,5,1,0,50,100,1.0,14,0.2701,1
Ayany Car Park,-1.3090339,36.7757579,2026-08-01 07:00:00,7,5,1,0,50,200,1.0,10,0.1919,1
Westgate Mall Car Park,-1.2566578,36.8035661,2026-08-01 07:00:00,7,5,1,0,50,50,1.0,11,0.2167,1
Student parking,-1.274479,36.805643,2026-08-01 07:00:00,7,5,1,0,50,100,1.0,10,0.1919,1
Kenton Rear Parking,-1.2809847,36.7869545,2026-08-01 07:00:00,7,5,1,0,50,100,1.0,19,0.3882,1
Unnamed Parking,-1.2553877,36.8667692,2026-08-01 07:00:00,7,5,1,0,50,100,1.0,12,0.2389,1
Unnamed Parking,-1.259848,36.8644681,2026-08-01 07:00:00,7,5,1,0,50,100,1.19,8,0.1554,1
Travel House Parking,-1.2861727,36.8214386,2026-08-01 07:00:00,7,5,1,0,50,100,1.18,15,0.3058,1
Lenana Parking Lot Area,-1.2900918,36.800209,2026-08-01 07:00:00,7,5,1,0,50,100,1.0,7,0.1423,1
Unnamed Parking,-1.2944773,36.8101427,2026-08-01 07:00:00,7,5,1,0,50,100,1.0,13,0.2567,1
Parking B,-1.2806414,36.8128716,2026-08-01 07:00:00,7,5,1,0,50,100,1.0,5,0.1,1
MAIN PACKING,-1.2803274,36.8127162,2026-08-01 07:00:00,7,5,1,0,50,100,1.0,7,0.1337,1
YMCA STAFF PARKING,-1.2805756,36.8129968,2026-08-01 07:00:00,7,5,1,0,50,100,1.0,13,0.2557,1
Unnamed Parking,-1.2896057,36.8150615,2026-08-01 08:00:00,8,5,1,0,50,100,1.0,28,0.5691,1
Unnamed Parking,-1.2909796,36.8282672,2026-08-01 08:00:00,8,5,1,0,50,100,1.0,26,0.5237,1
Unnamed Parking,-1.2856445,36.8132893,2026-08-01 08:00:00,8,5,1,0,50,100,1.0,25,0.5007,1
Unnamed Parking,-1.2597359,36.8182597,2026-08-01 08:00:00,8,5,1,0,50,100,1.0,24,0.4859,1
Unnamed Parking,-1.2641049,36.8117123,2026-08-01 08:00:00,8,5,1,0,50,100,1.0,20,0.3917,1
InterContinental Hotel Car Park,-1.2873717,36.8192911,2026-08-01 08:00:00,8,5,1,0,50,300,1.15,23,0.4524,1
Unnamed Parking,-1.25013,36.8202579,2026-08-01 08:00:00,8,5,1,0,50,100,1.16,24,0.4731,1
Olympic Bus Terminus,-1.3126351,36.7778212,2026-08-01 08:00:00,8,5,1,0,50,100,1.0,30,0.5946,1
Ayany Car Park,-1.3090339,36.7757579,2026-08-01 08:00:00,8,5,1,0,50,200,1.0,27,0.5375,1
Westgate Mall Car Park,-1.2566578,36.8035661,2026-08-01 08:00:00,8,5,1,0,50,50,1.0,18,0.369,1
Student parking,-1.274479,36.805643,2026-08-01 08:00:00,8,5,1,0,50,100,1.0,27,0.5359,1
Kenton Rear Parking,-1.2809847,36.7869545,2026-08-01 08:00:00,8,5,1,0,50,100,1.0,24,0.4792,1
Unnamed Parking,-1.2553877,36.8667692,2026-08-01 08:00:00,8,5,1,0,50,100,1.0,23,0.4558,1
Unnamed Parking,-1.259848,36.8644681,2026-08-01 08:00:00,8,5,1,0,50,100,1.19,28,0.5589,1
Travel House Parking,-1.2861727,36.8214386,2026-08-01 08:00:00,8,5,1,0,50,100,1.18,30,0.5925,1
Lenana Parking Lot Area,-1.2900918,36.800209,2026-08-01 08:00:00,8,5,1,0,50,100,1.0,29,0.5845,1
Unnamed Parking,-1.2944773,36.8101427,2026-08-01 08:00:00,8,5,1,0,50,100,1.0,22,0.4429,1
Parking B,-1.2806414,36.8128716,2026-08-01 08:00:00,8,5,1,0,50,100,1.0,24,0.4853,1
MAIN PACKING,-1.2803274,36.8127162,2026-08-01 08:00:00,8,5,1,0,50,100,1.0,27,0.5365,1
YMCA STAFF PARKING,-1.2805756,36.8129968,2026-08-01 08:00:00,8,5,1,0,50,100,1.0,29,0.588,1
Unnamed Parking,-1.2896057,36.8150615,2026-08-01 09:00:00,9,5,1,0,50,100,1.0,24,0.4717,1
Unnamed Parking,-1.2909796,36.8282672,2026-08-01 09:00:00,9,5,1,0,50,100,1.0,25,0.4951,1
Unnamed Parking,-1.2856445,36.8132893,2026-08-01 09:00:00,9,5,1,0,50,100,1.0,21,0.4215,1
Unnamed Parking,-1.2597359,36.8182597,2026-08-01 09:00:00,9,5,1,0,50,100,1.0,21,0.4143,1
Unnamed Parking,-1.2641049,36.8117123,2026-08-01 09:00:00,9,5,1,0,50,100,1.0,29,0.575,1
InterContinental Hotel Car Park,-1.2873717,36.8192911,2026-08-01 09:00:00,9,5,1,0,50,300,1.15,31,0.6185,1
Unnamed Parking,-1.25013,36.8202579,2026-08-01 09:00:00,9,5,1,0,50,100,1.16,25,0.5042,1
Olympic Bus Terminus,-1.3126351,36.7778212,2026-08-01 09:00:00,9,5,1,0,50,100,1.0,30,0.5903,1
Ayany Car Park,-1.3090339,36.7757579,2026-08-01 09:00:00,9,5,1,0,50,200,1.0,27,0.5389,1
Westgate Mall Car Park,-1.2566578,36.8035661,2026-08-01 09:00:00,9,5,1,0,50,50,1.0,23,0.4584,1
Student parking,-1.274479,36.805643,2026-08-01 09:00:00,9,5,1,0,50,100,1.0,27,0.5389,1
Kenton Rear Parking,-1.2809847,36.7869545,2026-08-01 09:00:00,9,5,1,0,50,100,1.0,32,0.633,1
Unnamed Parking,-1.2553877,36.8667692,2026-08-01 09:00:00,9,5,1,0,50,100,1.0,25,0.5071,1
Unnamed Parking,-1.259848,36.8644681,2026-08-01 09:00:00,9,5,1,0,50,100,1.19,32,0.6352,1
Travel House Parking,-1.2861727,36.8214386,2026-08-01 09:00:00,9,5,1,0,50,100,1.18,15,0.3004,1
Lenana Parking Lot Area,-1.2900918,36.800209,2026-08-01 09:00:00,9,5,1,0,50,100,1.0,29,0.5758,1
Unnamed Parking,-1.2944773,36.8101427,2026-08-01 09:00:00,9,5,1,0,50,100,1.0,26,0.517,1
Parking B,-1.2806414,36.8128716,2026-08-01 09:00:00,9,5,1,0,50,100,1.0,24,0.4861,1
MAIN PACKING,-1.2803274,36.8127162,2026-08-01 09:00:00,9,5,1,0,50,100,1.0,26,0.5173,1
YMCA STAFF PARKING,-1.2805756,36.8129968,2026-08-01 09:00:00,9,5,1,0,50,100,1.0,18,0.351,1
Unnamed Parking,-1.2896057,36.8150615,2026-08-01 10:00:00,10,5,1,0,50,100,1.0,25,0.4924,1
Unnamed Parking,-1.2909796,36.8282672,2026-08-01 10:00:00,10,5,1,0,50,100,1.0,27,0.5386,1
Unnamed Parking,-1.2856445,36.8132893,2026-08-01 10:00:00,10,5,1,0,50,100,1.0,31,0.6282,1
Unnamed Parking,-1.2597359,36.8182597,2026-08-01 10:00:00,10,5,1,0,50,100,1.0,23,0.4685,1
Unnamed Parking,-1.2641049,36.8117123,2026-08-01 10:00:00,10,5,1,0,50,100,1.0,22,0.4453,1
InterContinental Hotel Car Park,-1.2873717,36.8192911,2026-08-01 10:00:00,10,5,1,0,50,300,1.15,23,0.4699,1
Unnamed Parking,-1.25013,36.8202579,2026-08-01 10:00:00,10,5,1,0,50,100,1.16,29,0.5832,1
Olympic Bus Terminus,-1.3126351,36.7778212,2026-08-01 10:00:00,10,5,1,0,50,100,1.0,27,0.5363,1
Ayany Car Park,-1.3090339,36.7757579,2026-08-01 10:00:00,10,5,1,0,50,200,1.0,23,0.4676,1
Westgate Mall Car Park,-1.2566578,36.8035661,2026-08-01 10:00:00,10,5,1,0,50,50,1.0,28,0.5511,1
Student parking,-1.274479,36.805643,2026-08-01 10:00:00,10,5,1,0,50,100,1.0,26,0.5178,1
Kenton Rear Parking,-1.2809847,36.7869545,2026-08-01 10:00:00,10,5,1,0,50,100,1.0,29,0.5875,1
Unnamed Parking,-1.2553877,36.8667692,2026-08-01 10:00:00,10,5,1,0,50,100,1.0,23,0.4538,1
Unnamed Parking,-1.259848,36.8644681,2026-08-01 10:00:00,10,5,1,0,50,100,1.19,24,0.4838,1
Travel House Parking,-1.2861727,36.8214386,2026-08-01 10:00:00,10,5,1,0,50,100,1.18,24,0.4786,1
Lenana Parking Lot Area,-1.2900918,36.800209,2026-08-01 10:00:00,10,5,1,0,50,100,1.0,20,0.3929,1
Unnamed Parking,-1.2944773,36.8101427,2026-08-01 10:00:00,10,5,1,0,50,100,1.0,27,0.5337,1
Parking B,-1.2806414,36.8128716,2026-08-01 10:00:00,10,5,1,0,50,100,1.0,27,0.5309,1
MAIN PACKING,-1.2803274,36.8127162,2026-08-01 10:00:00,10,5,1,0,50,100,1.0,26,0.5104,1
YMCA STAFF PARKING,-1.2805756,36.8129968,2026-08-01 10:00:00,10,5,1,0,50,100,1.0,25,0.4912,1
Unnamed Parking,-1.2896057,36.8150615,2026-08-01 11:00:00,11,5,1,0,50,100,1.0,20,0.3968,1
Unnamed Parking,-1.2909796,36.8282672,2026-08-01 11:00:00,11,5,1,0,50,100,1.0,24,0.4763,1
Unnamed Parking,-1.2856445,36.8132893,2026-08-01 11:00:00,11,5,1,0,50,100,1.0,24,0.4826,1
Unnamed Parking,-1.2597359,36.8182597,2026-08-01 11:00:00,11,5,1,0,50,100,1.0,22,0.4458,1
Unnamed Parking,-1.2641049,36.8117123,2026-08-01 11:00:00,11,5,1,0,50,100,1.0,25,0.4971,1
InterContinental Hotel Car Park,-1.2873717,36.8192911,2026-08-01 11:00:00,11,5,1,0,50,300,1.15,27,0.5423,1
Unnamed Parking,-1.25013,36.8202579,2026-08-01 11:00:00,11,5,1,0,50,100,1.16,33,0.6609,1
Olympic Bus Terminus,-1.3126351,36.7778212,2026-08-01 11:00:00,11,5,1,0,50,100,1.0,26,0.524,1
Ayany Car Park,-1.3090339,36.7757579,2026-08-01 11:00:00,11,5,1,0,50,200,1.0,27,0.5306,1
Westgate Mall Car Park,-1.2566578,36.8035661,2026-08-01 11:00:00,11,5,1,0,50,50,1.0,25,0.504,1
Student parking,-1.274479,36.805643,2026-08-01 11:00:00,11,5,1,0,50,100,1.0,18,0.3565,1
Kenton Rear Parking,-1.2809847,36.7869545,2026-08-01 11:00:00,11,5,1,0,50,100,1.0,25,0.5079,1
Unnamed Parking,-1.2553877,36.8667692,2026-08-01 11:00:00,11,5,1,0,50,100,1.0,26,0.5148,1
Unnamed Parking,-1.259848,36.8644681,2026-08-01 11:00:00,11,5,1,0,50,100,1.19,35,0.7071,1
Travel House Parking,-1.2861727,36.8214386,2026-08-01 11:00:00,11,5,1,0,50,100,1.18,25,0.4946,1
Lenana Parking Lot Area,-1.2900918,36.800209,2026-08-01 11:00:00,11,5,1,0,50,100,1.0,27,0.5341,1
Unnamed Parking,-1.2944773,36.8101427,2026-08-01 11:00:00,11,5,1,0,50,100,1.0,25,0.5072,1
Parking B,-1.2806414,36.8128716,2026-08-01 11:00:00,11,5,1,0,50,100,1.0,21,0.4165,1
MAIN PACKING,-1.2803274,36.8127162,2026-08-01 11:00:00,11,5,1,0,50,100,1.0,30,0.6014,1
YMCA STAFF PARKING,-1.2805756,36.8129968,2026-08-01 11:00:00,11,5,1,0,50,100,1.0,29,0.5702,1
Unnamed Parking,-1.2896057,36.8150615,2026-08-01 12:00:00,12,5,1,0,50,100,1.0,24,0.4833,1
Unnamed Parking,-1.2909796,36.8282672,2026-08-01 12:00:00,12,5,1,0,50,100,1.0,17,0.3472,1
Unnamed Parking,-1.2856445,36.8132893,2026-08-01 12:00:00,12,5,1,0,50,100,1.0,27,0.5322,1
Unnamed Parking,-1.2597359,36.8182597,2026-08-01 12:00:00,12,5,1,0,50,100,1.0,15,0.3079,1
Unnamed Parking,-1.2641049,36.8117123,2026-08-01 12:00:00,12,5,1,0,50,100,1.0,23,0.4669,1
InterContinental Hotel Car Park,-1.2873717,36.8192911,2026-08-01 12:00:00,12,5,1,0,50,300,1.15,30,0.5952,1
Unnamed Parking,-1.25013,36.8202579,2026-08-01 12:00:00,12,5,1,0,50,100,1.16,17,0.3408,1
Olympic Bus Terminus,-1.3126351,36.7778212,2026-08-01 12:00:00,12,5,1,0,50,100,1.0,19,0.3747,1
Ayany Car Park,-1.3090339,36.7757579,2026-08-01 12:00:00,12,5,1,0,50,200,1.0,21,0.428,1
Westgate Mall Car Park,-1.2566578,36.8035661,2026-08-01 12:00:00,12,5,1,0,50,50,1.0,19,0.3797,1
Student parking,-1.274479,36.805643,2026-08-01 12:00:00,12,5,1,0,50,100,1.0,15,0.2959,1
Kenton Rear Parking,-1.2809847,36.7869545,2026-08-01 12:00:00,12,5,1,0,50,100,1.0,21,0.4255,1
Unnamed Parking,-1.2553877,36.8667692,2026-08-01 12:00:00,12,5,1,0,50,100,1.0,17,0.335,1
Unnamed Parking,-1.259848,36.8644681,2026-08-01 12:00:00,12,5,1,0,50,100,1.19,23,0.4579,1
Travel House Parking,-1.2861727,36.8214386,2026-08-01 12:00:00,12,5,1,0,50,100,1.18,17,0.3464,1
Lenana Parking Lot Area,-1.2900918,36.800209,2026-08-01 12:00:00,12,5,1,0,50,100,1.0,27,0.544,1
Unnamed Parking,-1.2944773,36.8101427,2026-08-01 12:00:00,12,5,1,0,50,100,1.0,18,0.3573,1
Parking B,-1.2806414,36.8128716,2026-08-01 12:00:00,12,5,1,0,50,100,1.0,20,0.3942,1
MAIN PACKING,-1.2803274,36.8127162,2026-08-01 12:00:00,12,5,1,0,50,100,1.0,24,0.4851,1
YMCA STAFF PARKING,-1.2805756,36.8129968,2026-08-01 12:00:00,12,5,1,0,50,100,1.0,16,0.3215,1
Unnamed Parking,-1.2896057,36.8150615,2026-08-01 13:00:00,13,5,1,0,50,100,1.0,26,0.5282,1
Unnamed Parking,-1.2909796,36.8282672,2026-08-01 13:00:00,13,5,1,0,50,100,1.0,31,0.6146,1
Unnamed Parking,-1.2856445,36.8132893,2026-08-01 13:00:00,13,5,1,0,50,100,1.0,19,0.3814,1
Unnamed Parking,-1.2597359,36.8182597,2026-08-01 13:00:00,13,5,1,0,50,100,1.0,26,0.5248,1
Unnamed Parking,-1.2641049,36.8117123,2026-08-01 13:00:00,13,5,1,0,50,100,1.0,27,0.5308,1
InterContinental Hotel Car Park,-1.2873717,36.8192911,2026-08-01 13:00:00,13,5,1,0,50,300,1.15,29,0.5725,1
Unnamed Parking,-1.25013,36.8202579,2026-08-01 13:00:00,13,5,1,0,50,100,1.16,21,0.411,1
Olympic Bus Terminus,-1.3126351,36.7778212,2026-08-01 13:00:00,13,5,1,0,50,100,1.0,20,0.4044,1
Ayany Car Park,-1.3090339,36.7757579,2026-08-01 13:00:00,13,5,1,0,50,200,1.0,28,0.5518,1
Westgate Mall Car Park,-1.2566578,36.8035661,2026-08-01 13:00:00,13,5,1,0,50,50,1.0,27,0.5338,1
Student parking,-1.274479,36.805643,2026-08-01 13:00:00,13,5,1,0,50,100,1.0,27,0.53,1
Kenton Rear Parking,-1.2809847,36.7869545,2026-08-01 13:00:00,13,5,1,0,50,100,1.0,27,0.5377,1
Unnamed Parking,-1.2553877,36.8667692,2026-08-01 13:00:00,13,5,1,0,50,100,1.0,23,0.4556,1
Unnamed Parking,-1.259848,36.8644681,2026-08-01 13:00:00,13,5,1,0,50,100,1.19,26,0.5286,1
Travel House Parking,-1.2861727,36.8214386,2026-08-01 13:00:00,13,5,1,0,50,100,1.18,27,0.5334,1
Lenana Parking Lot Area,-1.2900918,36.800209,2026-08-01 13:00:00,13,5,1,0,50,100,1.0,23,0.4529,1
Unnamed Parking,-1.2944773,36.8101427,2026-08-01 13:00:00,13,5,1,0,50,100,1.0,33,0.6593,1
Parking B,-1.2806414,36.8128716,2026-08-01 13:00:00,13,5,1,0,50,100,1.0,27,0.5479,1
MAIN PACKING,-1.2803274,36.8127162,2026-08-01 13:00:00,13,5,1,0,50,100,1.0,21,0.4147,1
YMCA STAFF PARKING,-1.2805756,36.8129968,2026-08-01 13:00:00,13,5,1,0,50,100,1.0,28,0.5625,1
Unnamed Parking,-1.2896057,36.8150615,2026-08-01 14:00:00,14,5,1,0,50,100,1.0,22,0.432,1
Unnamed Parking,-1.2909796,36.8282672,2026-08-01 14:00:00,14,5,1,0,50,100,1.0,29,0.573,1
Unnamed Parking,-1.2856445,36.8132893,2026-08-01 14:00:00,14,5,1,0,50,100,1.0,30,0.6027,1
Unnamed Parking,-1.2597359,36.8182597,2026-08-01 14:00:00,14,5,1,0,50,100,1.0,22,0.4443,1
Unnamed Parking,-1.2641049,36.8117123,2026-08-01 14:00:00,14,5,1,0,50,100,1.0,29,0.5871,1
InterContinental Hotel Car Park,-1.2873717,36.8192911,2026-08-01 14:00:00,14,5,1,0,50,300,1.15,27,0.543,1
Unnamed Parking,-1.25013,36.8202579,2026-08-01 14:00:00,14,5,1,0,50,100,1.16,29,0.5758,1
Olympic Bus Terminus,-1.3126351,36.7778212,2026-08-01 14:00:00,14,5,1,0,50,100,1.0,33,0.6617,1
Ayany Car Park,-1.3090339,36.7757579,2026-08-01 14:00:00,14,5,1,0,50,200,1.0,25,0.4904,1
Westgate Mall Car Park,-1.2566578,36.8035661,2026-08-01 14:00:00,14,5,1,0,50,50,1.0,22,0.4497,1
Student parking,-1.274479,36.805643,2026-08-01 14:00:00,14,5,1,0,50,100,1.0,22,0.4388,1
Kenton Rear Parking,-1.2809847,36.7869545,2026-08-01 14:00:00,14,5,1,0,50,100,1.0,22,0.4447,1
Unnamed Parking,-1.2553877,36.8667692,2026-08-01 14:00:00,14,5,1,0,50,100,1.0,25,0.5038,1
Unnamed Parking,-1.259848,36.8644681,2026-08-01 14:00:00,14,5,1,0,50,100,1.19,27,0.5373,1
Travel House Parking,-1.2861727,36.8214386,2026-08-01 14:00:00,14,5,1,0,50,100,1.18,27,0.5321,1
Lenana Parking Lot Area,-1.2900918,36.800209,2026-08-01 14:00:00,14,5,1,0,50,100,1.0,29,0.5762,1
Unnamed Parking,-1.2944773,36.8101427,2026-08-01 14:00:00,14,5,1,0,50,100,1.0,26,0.511,1
Parking B,-1.2806414,36.8128716,2026-08-01 14:00:00,14,5,1,0,50,100,1.0,31,0.6263,1
MAIN PACKING,-1.2803274,36.8127162,2026-08-01 14:00:00,14,5,1,0,50,100,1.0,24,0.4888,1
YMCA STAFF PARKING,-1.2805756,36.8129968,2026-08-01 14:00:00,14,5,1,0,50,100,1.0,36,0.7276,1
Unnamed Parking,-1.2896057,36.8150615,2026-08-01 15:00:00,15,5,1,0,50,100,1.0,28,0.5601,1
Unnamed Parking,-1.2909796,36.8282672,2026-08-01 15:00:00,15,5,1,0,50,100,1.0,22,0.4414,1
Unnamed Parking,-1.2856445,36.8132893,2026-08-01 15:00:00,15,5,1,0,50,100,1.0,21,0.4243,1
Unnamed Parking,-1.2597359,36.8182597,2026-08-01 15:00:00,15,5,1,0,50,100,1.0,27,0.5486,1
Unnamed Parking,-1.2641049,36.8117123,2026-08-01 15:00:00,15,5,1,0,50,100,1.0,25,0.4921,1
InterContinental Hotel Car Park,-1.2873717,36.8192911,2026-08-01 15:00:00,15,5,1,0,50,300,1.15,28,0.5671,1
Unnamed Parking,-1.25013,36.8202579,2026-08-01 15:00:00,15,5,1,0,50,100,1.16,27,0.5479,1
Olympic Bus Terminus,-1.3126351,36.7778212,2026-08-01 15:00:00,15,5,1,0,50,100,1.0,25,0.5042,1
Ayany Car Park,-1.3090339,36.7757579,2026-08-01 15:00:00,15,5,1,0,50,200,1.0,22,0.4423,1
Westgate Mall Car Park,-1.2566578,36.8035661,2026-08-01 15:00:00,15,5,1,0,50,50,1.0,19,0.3888,1
Student parking,-1.274479,36.805643,2026-08-01 15:00:00,15,5,1,0,50,100,1.0,24,0.4743,1
Kenton Rear Parking,-1.2809847,36.7869545,2026-08-01 15:00:00,15,5,1,0,50,100,1.0,29,0.5785,1
Unnamed Parking,-1.2553877,36.8667692,2026-08-01 15:00:00,15,5,1,0,50,100,1.0,26,0.5271,1
Unnamed Parking,-1.259848,36.8644681,2026-08-01 15:00:00,15,5,1,0,50,100,1.19,21,0.4103,1
Travel House Parking,-1.2861727,36.8214386,2026-08-01 15:00:00,15,5,1,0,50,100,1.18,26,0.5239,1
Lenana Parking Lot Area,-1.2900918,36.800209,2026-08-01 15:00:00,15,5,1,0,50,100,1.0,27,0.5408,1
Unnamed Parking,-1.2944773,36.8101427,2026-08-01 15:00:00,15,5,1,0,50,100,1.0,22,0.4393,1
Parking B,-1.2806414,36.8128716,2026-08-01 15:00:00,15,5,1,0,50,100,1.0,26,0.5223,1
MAIN PACKING,-1.2803274,36.8127162,2026-08-01 15:00:00,15,5,1,0,50,100,1.0,26,0.5147,1
YMCA STAFF PARKING,-1.2805756,36.8129968,2026-08-01 15:00:00,15,5,1,0,50,100,1.0,21,0.4186,1
Unnamed Parking,-1.2896057,36.8150615,2026-08-01 16:00:00,16,5,1,0,50,100,1.0,27,0.5386,1
Unnamed Parking,-1.2909796,36.8282672,2026-08-01 16:00:00,16,5,1,0,50,100,1.0,28,0.5549,1
Unnamed Parking,-1.2856445,36.8132893,2026-08-01 16:00:00,16,5,1,0,50,100,1.0,30,0.5966,1
Unnamed Parking,-1.2597359,36.8182597,2026-08-01 16:00:00,16,5,1,0,50,100,1.0,30,0.5943,1
Unnamed Parking,-1.2641049,36.8117123,2026-08-01 16:00:00,16,5,1,0,50,100,1.0,20,0.3998,1
InterContinental Hotel Car Park,-1.2873717,36.8192911,2026-08-01 16:00:00,16,5,1,0,50,300,1.15,22,0.435,1
Unnamed Parking,-1.25013,36.8202579,2026-08-01 16:00:00,16,5,1,0,50,100,1.16,28,0.5512,1
Olympic Bus Terminus,-1.3126351,36.7778212,2026-08-01 16:00:00,16,5,1,0,50,100,1.0,28,0.5511,1
Ayany Car Park,-1.3090339,36.7757579,2026-08-01 16:00:00,16,5,1,0,50,200,1.0,28,0.5512,1
Westgate Mall Car Park,-1.2566578,36.8035661,2026-08-01 16:00:00,16,5,1,0,50,50,1.0,41,0.8182,1
Student parking,-1.274479,36.805643,2026-08-01 16:00:00,16,5,1,0,50,100,1.0,28,0.5557,1
Kenton Rear Parking,-1.2809847,36.7869545,2026-08-01 16:00:00,16,5,1,0,50,100,1.0,30,0.6008,1
Unnamed Parking,-1.2553877,36.8667692,2026-08-01 16:00:00,16,5,1,0,50,100,1.0,29,0.5863,1
Unnamed Parking,-1.259848,36.8644681,2026-08-01 16:00:00,16,5,1,0,50,100,1.19,28,0.5621,1
Travel House Parking,-1.2861727,36.8214386,2026-08-01 16:00:00,16,5,1,0,50,100,1.18,24,0.4848,1
Lenana Parking Lot Area,-1.2900918,36.800209,2026-08-01 16:00:00,16,5,1,0,50,100,1.0,29,0.5707,1
Unnamed Parking,-1.2944773,36.8101427,2026-08-01 16:00:00,16,5,1,0,50,100,1.0,22,0.4482,1
Parking B,-1.2806414,36.8128716,2026-08-01 16:00:00,16,5,1,0,50,100,1.0,25,0.4911,1
MAIN PACKING,-1.2803274,36.8127162,2026-08-01 16:00:00,16,5,1,0,50,100,1.0,24,0.4712,1
YMCA STAFF PARKING,-1.2805756,36.8129968,2026-08-01 16:00:00,16,5,1,0,50,100,1.0,26,0.5165,1
Unnamed Parking,-1.2896057,36.8150615,2026-08-01 17:00:00,17,5,1,0,50,100,1.0,30,0.6052,1
Unnamed Parking,-1.2909796,36.8282672,2026-08-01 17:00:00,17,5,1,0,50,100,1.0,14,0.2706,1
Unnamed Parking,-1.2856445,36.8132893,2026-08-01 17:00:00,17,5,1,0,50,100,1.0,24,0.4749,1
Unnamed Parking,-1.2597359,36.8182597,2026-08-01 17:00:00,17,5,1,0,50,100,1.0,15,0.291,1
Unnamed Parking,-1.2641049,36.8117123,2026-08-01 17:00:00,17,5,1,0,50,100,1.0,19,0.3822,1
InterContinental Hotel Car Park,-1.2873717,36.8192911,2026-08-01 17:00:00,17,5,1,0,50,300,1.15,25,0.5071,1
Unnamed Parking,-1.25013,36.8202579,2026-08-01 17:00:00,17,5,1,0,50,100,1.16,21,0.4251,1
Olympic Bus Terminus,-1.3126351,36.7778212,2026-08-01 17:00:00,17,5,1,0,50,100,1.0,17,0.3338,1
Ayany Car Park,-1.3090339,36.7757579,2026-08-01 17:00:00,17,5,1,0,50,200,1.0,18,0.3628,1
Westgate Mall Car Park,-1.2566578,36.8035661,2026-08-01 17:00:00,17,5,1,0,50,50,1.0,24,0.4744,1
Student parking,-1.274479,36.805643,2026-08-01 17:00:00,17,5,1,0,50,100,1.0,18,0.3616,1
Kenton Rear Parking,-1.2809847,36.7869545,2026-08-01 17:00:00,17,5,1,0,50,100,1.0,22,0.4373,1
Unnamed Parking,-1.2553877,36.8667692,2026-08-01 17:00:00,17,5,1,0,50,100,1.0,21,0.4236,1
Unnamed Parking,-1.259848,36.8644681,2026-08-01 17:00:00,17,5,1,0,50,100,1.19,18,0.3679,1
Travel House Parking,-1.2861727,36.8214386,2026-08-01 17:00:00,17,5,1,0,50,100,1.18,30,0.5915,1
Lenana Parking Lot Area,-1.2900918,36.800209,2026-08-01 17:00:00,17,5,1,0,50,100,1.0,24,0.4707,1
Unnamed Parking,-1.2944773,36.8101427,2026-08-01 17:00:00,17,5,1,0,50,100,1.0,13,0.258,1
Parking B,-1.2806414,36.8128716,2026-08-01 17:00:00,17,5,1,0,50,100,1.0,22,0.4349,1
MAIN PACKING,-1.2803274,36.8127162,2026-08-01 17:00:00,17,5,1,0,50,100,1.0,18,0.3671,1
YMCA STAFF PARKING,-1.2805756,36.8129968,2026-08-01 17:00:00,17,5,1,0,50,100,1.0,24,0.4882,1
Unnamed Parking,-1.2896057,36.8150615,2026-08-01 18:00:00,18,5,1,0,50,100,1.0,18,0.3566,1
Unnamed Parking,-1.2909796,36.8282672,2026-08-01 18:00:00,18,5,1,0,50,100,1.0,21,0.4108,1
Unnamed Parking,-1.2856445,36.8132893,2026-08-01 18:00:00,18,5,1,0,50,100,1.0,23,0.4604,1
Unnamed Parking,-1.2597359,36.8182597,2026-08-01 18:00:00,18,5,1,0,50,100,1.0,24,0.4893,1
Unnamed Parking,-1.2641049,36.8117123,2026-08-01 18:00:00,18,5,1,0,50,100,1.0,16,0.324,1
InterContinental Hotel Car Park,-1.2873717,36.8192911,2026-08-01 18:00:00,18,5,1,0,50,300,1.15,20,0.3932,1
Unnamed Parking,-1.25013,36.8202579,2026-08-01 18:00:00,18,5,1,0,50,100,1.16,19,0.382,1
Olympic Bus Terminus,-1.3126351,36.7778212,2026-08-01 18:00:00,18,5,1,0,50,100,1.0,18,0.3677,1
Ayany Car Park,-1.3090339,36.7757579,2026-08-01 18:00:00,18,5,1,0,50,200,1.0,28,0.5612,1
Westgate Mall Car Park,-1.2566578,36.8035661,2026-08-01 18:00:00,18,5,1,0,50,50,1.0,23,0.4524,1
Student parking,-1.274479,36.805643,2026-08-01 18:00:00,18,5,1,0,50,100,1.0,16,0.3191,1
Kenton Rear Parking,-1.2809847,36.7869545,2026-08-01 18:00:00,18,5,1,0,50,100,1.0,25,0.4934,1
Unnamed Parking,-1.2553877,36.8667692,2026-08-01 18:00:00,18,5,1,0,50,100,1.0,29,0.5898,1
Unnamed Parking,-1.259848,36.8644681,2026-08-01 18:00:00,18,5,1,0,50,100,1.19,25,0.5026,1
Travel House Parking,-1.2861727,36.8214386,2026-08-01 18:00:00,18,5,1,0,50,100,1.18,15,0.2985,1
Lenana Parking Lot Area,-1.2900918,36.800209,2026-08-01 18:00:00,18,5,1,0,50,100,1.0,19,0.3813,1
Unnamed Parking,-1.2944773,36.8101427,2026-08-01 18:00:00,18,5,1,0,50,100,1.0,26,0.5214,1
Parking B,-1.2806414,36.8128716,2026-08-01 18:00:00,18,5,1,0,50,100,1.0,18,0.3634,1
MAIN PACKING,-1.2803274,36.8127162,2026-08-01 18:00:00,18,5,1,0,50,100,1.0,23,0.4555,1
YMCA STAFF PARKING,-1.2805756,36.8129968,2026-08-01 18:00:00,18,5,1,0,50,100,1.0,24,0.482,1
Unnamed Parking,-1.2896057,36.8150615,2026-08-01 19:00:00,19,5,1,0,50,100,1.0,8,0.1658,1
Unnamed Parking,-1.2909796,36.8282672,2026-08-01 19:00:00,19,5,1,0,50,100,1.0,12,0.2352,1
Unnamed Parking,-1.2856445,36.8132893,2026-08-01 19:00:00,19,5,1,0,50,100,1.0,5,0.1,1
Unnamed Parking,-1.2597359,36.8182597,2026-08-01 19:00:00,19,5,1,0,50,100,1.0,8,0.158,1
Unnamed Parking,-1.2641049,36.8117123,2026-08-01 19:00:00,19,5,1,0,50,100,1.0,11,0.2198,1
InterContinental Hotel Car Park,-1.2873717,36.8192911,2026-08-01 19:00:00,19,5,1,0,50,300,1.15,7,0.1402,1
Unnamed Parking,-1.25013,36.8202579,2026-08-01 19:00:00,19,5,1,0,50,100,1.16,19,0.3706,1
Olympic Bus Terminus,-1.3126351,36.7778212,2026-08-01 19:00:00,19,5,1,0,50,100,1.0,6,0.1256,1
Ayany Car Park,-1.3090339,36.7757579,2026-08-01 19:00:00,19,5,1,0,50,200,1.0,10,0.2048,1
Westgate Mall Car Park,-1.2566578,36.8035661,2026-08-01 19:00:00,19,5,1,0,50,50,1.0,13,0.2505,1
Student parking,-1.274479,36.805643,2026-08-01 19:00:00,19,5,1,0,50,100,1.0,18,0.3553,1
Kenton Rear Parking,-1.2809847,36.7869545,2026-08-01 19:00:00,19,5,1,0,50,100,1.0,6,0.1251,1
Unnamed Parking,-1.2553877,36.8667692,2026-08-01 19:00:00,19,5,1,0,50,100,1.0,17,0.3331,1
Unnamed Parking,-1.259848,36.8644681,2026-08-01 19:00:00,19,5,1,0,50,100,1.19,12,0.2408,1
Travel House Parking,-1.2861727,36.8214386,2026-08-01 19:00:00,19,5,1,0,50,100,1.18,8,0.1615,1
Lenana Parking Lot Area,-1.2900918,36.800209,2026-08-01 19:00:00,19,5,1,0,50,100,1.0,14,0.277,1
Unnamed Parking,-1.2944773,36.8101427,2026-08-01 19:00:00,19,5,1,0,50,100,1.0,13,0.2559,1
Parking B,-1.2806414,36.8128716,2026-08-01 19:00:00,19,5,1,0,50,100,1.0,10,0.192,1
MAIN PACKING,-1.2803274,36.8127162,2026-08-01 19:00:00,19,5,1,0,50,100,1.0,12,0.2456,1
YMCA STAFF PARKING,-1.2805756,36.8129968,2026-08-01 19:00:00,19,5,1,0,50,100,1.0,10,0.2092,1
Unnamed Parking,-1.2896057,36.8150615,2026-08-01 20:00:00,20,5,1,0,50,100,1.0,12,0.2491,1
Unnamed Parking,-1.2909796,36.8282672,2026-08-01 20:00:00,20,5,1,0,50,100,1.0,15,0.293,1
Unnamed Parking,-1.2856445,36.8132893,2026-08-01 20:00:00,20,5,1,0,50,100,1.0,18,0.3669,1
Unnamed Parking,-1.2597359,36.8182597,2026-08-01 20:00:00,20,5,1,0,50,100,1.0,7,0.141,1
Unnamed Parking,-1.2641049,36.8117123,2026-08-01 20:00:00,20,5,1,0,50,100,1.0,21,0.4106,1
InterContinental Hotel Car Park,-1.2873717,36.8192911,2026-08-01 20:00:00,20,5,1,0,50,300,1.15,5,0.1,1
Unnamed Parking,-1.25013,36.8202579,2026-08-01 20:00:00,20,5,1,0,50,100,1.16,11,0.2279,1
Olympic Bus Terminus,-1.3126351,36.7778212,2026-08-01 20:00:00,20,5,1,0,50,100,1.0,14,0.2871,1
Ayany Car Park,-1.3090339,36.7757579,2026-08-01 20:00:00,20,5,1,0,50,200,1.0,13,0.2625,1
Westgate Mall Car Park,-1.2566578,36.8035661,2026-08-01 20:00:00,20,5,1,0,50,50,1.0,10,0.1902,1
Student parking,-1.274479,36.805643,2026-08-01 20:00:00,20,5,1,0,50,100,1.0,11,0.2234,1
Kenton Rear Parking,-1.2809847,36.7869545,2026-08-01 20:00:00,20,5,1,0,50,100,1.0,10,0.2006,1
Unnamed Parking,-1.2553877,36.8667692,2026-08-01 20:00:00,20,5,1,0,50,100,1.0,10,0.1929,1
Unnamed Parking,-1.259848,36.8644681,2026-08-01 20:00:00,20,5,1,0,50,100,1.19,15,0.308,1
Travel House Parking,-1.2861727,36.8214386,2026-08-01 20:00:00,20,5,1,0,50,100,1.18,13,0.2686,1
Lenana Parking Lot Area,-1.2900918,36.800209,2026-08-01 20:00:00,20,5,1,0,50,100,1.0,9,0.1846,1
Unnamed Parking,-1.2944773,36.8101427,2026-08-01 20:00:00,20,5,1,0,50,100,1.0,16,0.312,1
Parking B,-1.2806414,36.8128716,2026-08-01 20:00:00,20,5,1,0,50,100,1.0,13,0.2646,1
MAIN PACKING,-1.2803274,36.8127162,2026-08-01 20:00:00,20,5,1,0,50,100,1.0,15,0.305,1
YMCA STAFF PARKING,-1.2805756,36.8129968,2026-08-01 20:00:00,20,5,1,0,50,100,1.0,15,0.2904,1
Unnamed Parking,-1.2896057,36.8150615,2026-08-01 21:00:00,21,5,1,0,50,100,1.0,9,0.1737,1
Unnamed Parking,-1.2909796,36.8282672,2026-08-01 21:00:00,21,5,1,0,50,100,1.0,10,0.1952,1
Unnamed Parking,-1.2856445,36.8132893,2026-08-01 21:00:00,21,5,1,0,50,100,1.0,15,0.2998,1
Unnamed Parking,-1.2597359,36.8182597,2026-08-01 21:00:00,21,5,1,0,50,100,1.0,14,0.2888,1
Unnamed Parking,-1.2641049,36.8117123,2026-08-01 21:00:00,21,5,1,0,50,100,1.0,12,0.2383,1
InterContinental Hotel Car Park,-1.2873717,36.8192911,2026-08-01 21:00:00,21,5,1,0,50,300,1.15,12,0.2494,1
Unnamed Parking,-1.25013,36.8202579,2026-08-01 21:00:00,21,5,1,0,50,100,1.16,17,0.3422,1
Olympic Bus Terminus,-1.3126351,36.7778212,2026-08-01 21:00:00,21,5,1,0,50,100,1.0,10,0.1927,1
Ayany Car Park,-1.3090339,36.7757579,2026-08-01 21:00:00,21,5,1,0,50,200,1.0,14,0.2838,1
Westgate Mall Car Park,-1.2566578,36.8035661,2026-08-01 21:00:00,21,5,1,0,50,50,1.0,11,0.2238,1
Student parking,-1.274479,36.805643,2026-08-01 21:00:00,21,5,1,0,50,100,1.0,11,0.2226,1
Kenton Rear Parking,-1.2809847,36.7869545,2026-08-01 21:00:00,21,5,1,0,50,100,1.0,16,0.3279,1
Unnamed Parking,-1.2553877,36.8667692,2026-08-01 21:00:00,21,5,1,0,50,100,1.0,15,0.306,1
Unnamed Parking,-1.259848,36.8644681,2026-08-01 21:00:00,21,5,1,0,50,100,1.19,15,0.3051,1
Travel House Parking,-1.2861727,36.8214386,2026-08-01 21:00:00,21,5,1,0,50,100,1.18,17,0.3444,1
Lenana Parking Lot Area,-1.2900918,36.800209,2026-08-01 21:00:00,21,5,1,0,50,100,1.0,12,0.2417,1
Unnamed Parking,-1.2944773,36.8101427,2026-08-01 21:00:00,21,5,1,0,50,100,1.0,15,0.2946,1
Parking B,-1.2806414,36.8128716,2026-08-01 21:00:00,21,5,1,0,50,100,1.0,11,0.2152,1
MAIN PACKING,-1.2803274,36.8127162,2026-08-01 21:00:00,21,5,1,0,50,100,1.0,13,0.2659,1
YMCA STAFF PARKING,-1.2805756,36.8129968,2026-08-01 21:00:00,21,5,1,0,50,100,1.0,11,0.2296,1
Unnamed Parking,-1.2896057,36.8150615,2026-08-01 22:00:00,22,5,1,0,50,100,1.0,12,0.2478,1
Unnamed Parking,-1.2909796,36.8282672,2026-08-01 22:00:00,22,5,1,0,50,100,1.0,14,0.2876,1
Unnamed Parking,-1.2856445,36.8132893,2026-08-01 22:00:00,22,5,1,0,50,100,1.0,9,0.1745,1
Unnamed Parking,-1.2597359,36.8182597,2026-08-01 22:00:00,22,5,1,0,50,100,1.0,20,0.4074,1
Unnamed Parking,-1.2641049,36.8117123,2026-08-01 22:00:00,22,5,1,0,50,100,1.0,8,0.1595,1
InterContinental Hotel Car Park,-1.2873717,36.8192911,2026-08-01 22:00:00,22,5,1,0,50,300,1.15,7,0.1429,1
Unnamed Parking,-1.25013,36.8202579,2026-08-01 22:00:00,22,5,1,0,50,100,1.16,17,0.3326,1
Olympic Bus Terminus,-1.3126351,36.7778212,2026-08-01 22:00:00,22,5,1,0,50,100,1.0,15,0.3033,1
Ayany Car Park,-1.3090339,36.7757579,2026-08-01 22:00:00,22,5,1,0,50,200,1.0,14,0.2899,1
Westgate Mall Car Park,-1.2566578,36.8035661,2026-08-01 22:00:00,22,5,1,0,50,50,1.0,15,0.2903,1
Student parking,-1.274479,36.805643,2026-08-01 22:00:00,22,5,1,0,50,100,1.0,12,0.239,1
Kenton Rear Parking,-1.2809847,36.7869545,2026-08-01 22:00:00,22,5,1,0,50,100,1.0,8,0.1682,1
Unnamed Parking,-1.2553877,36.8667692,2026-08-01 22:00:00,22,5,1,0,50,100,1.0,12,0.2461,1
Unnamed Parking,-1.259848,36.8644681,2026-08-01 22:00:00,22,5,1,0,50,100,1.19,9,0.1858,1
Travel House Parking,-1.2861727,36.8214386,2026-08-01 22:00:00,22,5,1,0,50,100,1.18,16,0.318,1
Lenana Parking Lot Area,-1.2900918,36.800209,2026-08-01 22:00:00,22,5,1,0,50,100,1.0,11,0.2282,1
Unnamed Parking,-1.2944773,36.8101427,2026-08-01 22:00:00,22,5,1,0,50,100,1.0,9,0.174,1
Parking B,-1.2806414,36.8128716,2026-08-01 22:00:00,22,5,1,0,50,100,1.0,11,0.2143,1
MAIN PACKING,-1.2803274,36.8127162,2026-08-01 22:00:00,22,5,1,0,50,100,1.0,14,0.273,1
YMCA STAFF PARKING,-1.2805756,36.8129968,2026-08-01 22:00:00,22,5,1,0,50,100,1.0,10,0.1949,1
Unnamed Parking,-1.2896057,36.8150615,2026-08-02 06:00:00,6,6,1,0,50,100,1.0,9,0.1742,1
Unnamed Parking,-1.2909796,36.8282672,2026-08-02 06:00:00,6,6,1,0,50,100,1.0,13,0.2595,1
Unnamed Parking,-1.2856445,36.8132893,2026-08-02 06:00:00,6,6,1,0,50,100,1.0,13,0.2596,1
Unnamed Parking,-1.2597359,36.8182597,2026-08-02 06:00:00,6,6,1,0,50,100,1.0,10,0.1994,1
Unnamed Parking,-1.2641049,36.8117123,2026-08-02 06:00:00,6,6,1,0,50,100,1.0,10,0.2023,1
InterContinental Hotel Car Park,-1.2873717,36.8192911,2026-08-02 06:00:00,6,6,1,0,50,300,1.15,13,0.2586,1
Unnamed Parking,-1.25013,36.8202579,2026-08-02 06:00:00,6,6,1,0,50,100,1.16,6,0.1242,1
Olympic Bus Terminus,-1.3126351,36.7778212,2026-08-02 06:00:00,6,6,1,0,50,100,1.0,6,0.1274,1
Ayany Car Park,-1.3090339,36.7757579,2026-08-02 06:00:00,6,6,1,0,50,200,1.0,9,0.1825,1
Westgate Mall Car Park,-1.2566578,36.8035661,2026-08-02 06:00:00,6,6,1,0,50,50,1.0,11,0.2229,1
Student parking,-1.274479,36.805643,2026-08-02 06:00:00,6,6,1,0,50,100,1.0,13,0.2649,1
Kenton Rear Parking,-1.2809847,36.7869545,2026-08-02 06:00:00,6,6,1,0,50,100,1.0,18,0.358,1
Unnamed Parking,-1.2553877,36.8667692,2026-08-02 06:00:00,6,6,1,0,50,100,1.0,15,0.3086,1
Unnamed Parking,-1.259848,36.8644681,2026-08-02 06:00:00,6,6,1,0,50,100,1.19,11,0.2272,1
Travel House Parking,-1.2861727,36.8214386,2026-08-02 06:00:00,6,6,1,0,50,100,1.18,12,0.2385,1
Lenana Parking Lot Area,-1.2900918,36.800209,2026-08-02 06:00:00,6,6,1,0,50,100,1.0,8,0.1598,1
Unnamed Parking,-1.2944773,36.8101427,2026-08-02 06:00:00,6,6,1,0,50,100,1.0,12,0.2385,1
Parking B,-1.2806414,36.8128716,2026-08-02 06:00:00,6,6,1,0,50,100,1.0,11,0.2169,1
MAIN PACKING,-1.2803274,36.8127162,2026-08-02 06:00:00,6,6,1,0,50,100,1.0,13,0.2658,1
YMCA STAFF PARKING,-1.2805756,36.8129968,2026-08-02 06:00:00,6,6,1,0,50,100,1.0,9,0.1738,1
Unnamed Parking,-1.2896057,36.8150615,2026-08-02 07:00:00,7,6,1,0,50,100,1.0,14,0.2815,1
Unnamed Parking,-1.2909796,36.8282672,2026-08-02 07:00:00,7,6,1,0,50,100,1.0,18,0.3626,1
Unnamed Parking,-1.2856445,36.8132893,2026-08-02 07:00:00,7,6,1,0,50,100,1.0,12,0.2313,1
Unnamed Parking,-1.2597359,36.8182597,2026-08-02 07:00:00,7,6,1,0,50,100,1.0,14,0.2721,1
Unnamed Parking,-1.2641049,36.8117123,2026-08-02 07:00:00,7,6,1,0,50,100,1.0,15,0.2952,1
InterContinental Hotel Car Park,-1.2873717,36.8192911,2026-08-02 07:00:00,7,6,1,0,50,300,1.15,10,0.2079,1
Unnamed Parking,-1.25013,36.8202579,2026-08-02 07:00:00,7,6,1,0,50,100,1.16,13,0.2579,1
Olympic Bus Terminus,-1.3126351,36.7778212,2026-08-02 07:00:00,7,6,1,0,50,100,1.0,12,0.241,1
Ayany Car Park,-1.3090339,36.7757579,2026-08-02 07:00:00,7,6,1,0,50,200,1.0,12,0.2478,1
Westgate Mall Car Park,-1.2566578,36.8035661,2026-08-02 07:00:00,7,6,1,0,50,50,1.0,9,0.1782,1
Student parking,-1.274479,36.805643,2026-08-02 07:00:00,7,6,1,0,50,100,1.0,12,0.242,1
Kenton Rear Parking,-1.2809847,36.7869545,2026-08-02 07:00:00,7,6,1,0,50,100,1.0,14,0.2798,1
Unnamed Parking,-1.2553877,36.8667692,2026-08-02 07:00:00,7,6,1,0,50,100,1.0,18,0.3561,1
Unnamed Parking,-1.259848,36.8644681,2026-08-02 07:00:00,7,6,1,0,50,100,1.19,16,0.3167,1
Travel House Parking,-1.2861727,36.8214386,2026-08-02 07:00:00,7,6,1,0,50,100,1.18,21,0.4123,1
Lenana Parking Lot Area,-1.2900918,36.800209,2026-08-02 07:00:00,7,6,1,0,50,100,1.0,9,0.1786,1
Unnamed Parking,-1.2944773,36.8101427,2026-08-02 07:00:00,7,6,1,0,50,100,1.0,15,0.3098,1
Parking B,-1.2806414,36.8128716,2026-08-02 07:00:00,7,6,1,0,50,100,1.0,13,0.2547,1
MAIN PACKING,-1.2803274,36.8127162,2026-08-02 07:00:00,7,6,1,0,50,100,1.0,21,0.4152,1
YMCA STAFF PARKING,-1.2805756,36.8129968,2026-08-02 07:00:00,7,6,1,0,50,100,1.0,9,0.1753,1
Unnamed Parking,-1.2896057,36.8150615,2026-08-02 08:00:00,8,6,1,0,50,100,1.0,22,0.4428,1
Unnamed Parking,-1.2909796,36.8282672,2026-08-02 08:00:00,8,6,1,0,50,100,1.0,23,0.462,1
Unnamed Parking,-1.2856445,36.8132893,2026-08-02 08:00:00,8,6,1,0,50,100,1.0,17,0.3401,1
Unnamed Parking,-1.2597359,36.8182597,2026-08-02 08:00:00,8,6,1,0,50,100,1.0,23,0.4679,1
Unnamed Parking,-1.2641049,36.8117123,2026-08-02 08:00:00,8,6,1,0,50,100,1.0,22,0.4493,1
InterContinental Hotel Car Park,-1.2873717,36.8192911,2026-08-02 08:00:00,8,6,1,0,50,300,1.15,26,0.522,1
Unnamed Parking,-1.25013,36.8202579,2026-08-02 08:00:00,8,6,1,0,50,100,1.16,27,0.5373,1
Olympic Bus Terminus,-1.3126351,36.7778212,2026-08-02 08:00:00,8,6,1,0,50,100,1.0,33,0.6601,1
Ayany Car Park,-1.3090339,36.7757579,2026-08-02 08:00:00,8,6,1,0,50,200,1.0,29,0.586,1
Westgate Mall Car Park,-1.2566578,36.8035661,2026-08-02 08:00:00,8,6,1,0,50,50,1.0,23,0.4638,1
Student parking,-1.274479,36.805643,2026-08-02 08:00:00,8,6,1,0,50,100,1.0,22,0.4381,1
Kenton Rear Parking,-1.2809847,36.7869545,2026-08-02 08:00:00,8,6,1,0,50,100,1.0,27,0.5494,1
Unnamed Parking,-1.2553877,36.8667692,2026-08-02 08:00:00,8,6,1,0,50,100,1.0,20,0.4044,1
Unnamed Parking,-1.259848,36.8644681,2026-08-02 08:00:00,8,6,1,0,50,100,1.19,33,0.6565,1
Travel House Parking,-1.2861727,36.8214386,2026-08-02 08:00:00,8,6,1,0,50,100,1.18,30,0.6044,1
Lenana Parking Lot Area,-1.2900918,36.800209,2026-08-02 08:00:00,8,6,1,0,50,100,1.0,24,0.4725,1
Unnamed Parking,-1.2944773,36.8101427,2026-08-02 08:00:00,8,6,1,0,50,100,1.0,19,0.3729,1
Parking B,-1.2806414,36.8128716,2026-08-02 08:00:00,8,6,1,0,50,100,1.0,31,0.6183,1
MAIN PACKING,-1.2803274,36.8127162,2026-08-02 08:00:00,8,6,1,0,50,100,1.0,25,0.5008,1
YMCA STAFF PARKING,-1.2805756,36.8129968,2026-08-02 08:00:00,8,6,1,0,50,100,1.0,30,0.609,1
Unnamed Parking,-1.2896057,36.8150615,2026-08-02 09:00:00,9,6,1,0,50,100,1.0,19,0.3824,1
Unnamed Parking,-1.2909796,36.8282672,2026-08-02 09:00:00,9,6,1,0,50,100,1.0,23,0.462,1
Unnamed Parking,-1.2856445,36.8132893,2026-08-02 09:00:00,9,6,1,0,50,100,1.0,26,0.5104,1
Unnamed Parking,-1.2597359,36.8182597,2026-08-02 09:00:00,9,6,1,0,50,100,1.0,26,0.5138,1
Unnamed Parking,-1.2641049,36.8117123,2026-08-02 09:00:00,9,6,1,0,50,100,1.0,24,0.474,1
InterContinental Hotel Car Park,-1.2873717,36.8192911,2026-08-02 09:00:00,9,6,1,0,50,300,1.15,28,0.5598,1
Unnamed Parking,-1.25013,36.8202579,2026-08-02 09:00:00,9,6,1,0,50,100,1.16,21,0.4246,1
Olympic Bus Terminus,-1.3126351,36.7778212,2026-08-02 09:00:00,9,6,1,0,50,100,1.0,25,0.4986,1
Ayany Car Park,-1.3090339,36.7757579,2026-08-02 09:00:00,9,6,1,0,50,200,1.0,26,0.5196,1
Westgate Mall Car Park,-1.2566578,36.8035661,2026-08-02 09:00:00,9,6,1,0,50,50,1.0,28,0.5512,1
Student parking,-1.274479,36.805643,2026-08-02 09:00:00,9,6,1,0,50,100,1.0,28,0.5669,1
Kenton Rear Parking,-1.2809847,36.7869545,2026-08-02 09:00:00,9,6,1,0,50,100,1.0,21,0.42,1
Unnamed Parking,-1.2553877,36.8667692,2026-08-02 09:00:00,9,6,1,0,50,100,1.0,19,0.3873,1
Unnamed Parking,-1.259848,36.8644681,2026-08-02 09:00:00,9,6,1,0,50,100,1.19,31,0.6122,1
Travel House Parking,-1.2861727,36.8214386,2026-08-02 09:00:00,9,6,1,0,50,100,1.18,27,0.5366,1
Lenana Parking Lot Area,-1.2900918,36.800209,2026-08-02 09:00:00,9,6,1,0,50,100,1.0,23,0.4501,1
Unnamed Parking,-1.2944773,36.8101427,2026-08-02 09:00:00,9,6,1,0,50,100,1.0,32,0.6341,1
Parking B,-1.2806414,36.8128716,2026-08-02 09:00:00,9,6,1,0,50,100,1.0,26,0.5193,1
MAIN PACKING,-1.2803274,36.8127162,2026-08-02 09:00:00,9,6,1,0,50,100,1.0,30,0.6043,1
YMCA STAFF PARKING,-1.2805756,36.8129968,2026-08-02 09:00:00,9,6,1,0,50,100,1.0,26,0.5154,1
Unnamed Parking,-1.2896057,36.8150615,2026-08-02 10:00:00,10,6,1,0,50,100,1.0,34,0.6749,1
Unnamed Parking,-1.2909796,36.8282672,2026-08-02 10:00:00,10,6,1,0,50,100,1.0,33,0.6504,1
Unnamed Parking,-1.2856445,36.8132893,2026-08-02 10:00:00,10,6,1,0,50,100,1.0,25,0.4901,1
Unnamed Parking,-1.2597359,36.8182597,2026-08-02 10:00:00,10,6,1,0,50,100,1.0,29,0.5877,1
Unnamed Parking,-1.2641049,36.8117123,2026-08-02 10:00:00,10,6,1,0,50,100,1.0,28,0.5616,1
InterContinental Hotel Car Park,-1.2873717,36.8192911,2026-08-02 10:00:00,10,6,1,0,50,300,1.15,31,0.6195,1
Unnamed Parking,-1.25013,36.8202579,2026-08-02 10:00:00,10,6,1,0,50,100,1.16,22,0.4328,1
Olympic Bus Terminus,-1.3126351,36.7778212,2026-08-02 10:00:00,10,6,1,0,50,100,1.0,28,0.5649,1
Ayany Car Park,-1.3090339,36.7757579,2026-08-02 10:00:00,10,6,1,0,50,200,1.0,30,0.5947,1
Westgate Mall Car Park,-1.2566578,36.8035661,2026-08-02 10:00:00,10,6,1,0,50,50,1.0,18,0.3693,1
Student parking,-1.274479,36.805643,2026-08-02 10:00:00,10,6,1,0,50,100,1.0,21,0.4153,1
Kenton Rear Parking,-1.2809847,36.7869545,2026-08-02 10:00:00,10,6,1,0,50,100,1.0,17,0.3469,1
Unnamed Parking,-1.2553877,36.8667692,2026-08-02 10:00:00,10,6,1,0,50,100,1.0,24,0.4884,1
Unnamed Parking,-1.259848,36.8644681,2026-08-02 10:00:00,10,6,1,0,50,100,1.19,28,0.5674,1
Travel House Parking,-1.2861727,36.8214386,2026-08-02 10:00:00,10,6,1,0,50,100,1.18,32,0.6302,1
Lenana Parking Lot Area,-1.2900918,36.800209,2026-08-02 10:00:00,10,6,1,0,50,100,1.0,26,0.5159,1
Unnamed Parking,-1.2944773,36.8101427,2026-08-02 10:00:00,10,6,1,0,50,100,1.0,32,0.6403,1
Parking B,-1.2806414,36.8128716,2026-08-02 10:00:00,10,6,1,0,50,100,1.0,20,0.3996,1
MAIN PACKING,-1.2803274,36.8127162,2026-08-02 10:00:00,10,6,1,0,50,100,1.0,19,0.3737,1
YMCA STAFF PARKING,-1.2805756,36.8129968,2026-08-02 10:00:00,10,6,1,0,50,100,1.0,25,0.5056,1
Unnamed Parking,-1.2896057,36.8150615,2026-08-02 11:00:00,11,6,1,0,50,100,1.0,27,0.5407,1
Unnamed Parking,-1.2909796,36.8282672,2026-08-02 11:00:00,11,6,1,0,50,100,1.0,25,0.5074,1
Unnamed Parking,-1.2856445,36.8132893,2026-08-02 11:00:00,11,6,1,0,50,100,1.0,17,0.3446,1
Unnamed Parking,-1.2597359,36.8182597,2026-08-02 11:00:00,11,6,1,0,50,100,1.0,25,0.5029,1
Unnamed Parking,-1.2641049,36.8117123,2026-08-02 11:00:00,11,6,1,0,50,100,1.0,20,0.4056,1
InterContinental Hotel Car Park,-1.2873717,36.8192911,2026-08-02 11:00:00,11,6,1,0,50,300,1.15,28,0.5636,1
Unnamed Parking,-1.25013,36.8202579,2026-08-02 11:00:00,11,6,1,0,50,100,1.16,27,0.5393,1
Olympic Bus Terminus,-1.3126351,36.7778212,2026-08-02 11:00:00,11,6,1,0,50,100,1.0,22,0.4348,1
Ayany Car Park,-1.3090339,36.7757579,2026-08-02 11:00:00,11,6,1,0,50,200,1.0,23,0.4689,1
Westgate Mall Car Park,-1.2566578,36.8035661,2026-08-02 11:00:00,11,6,1,0,50,50,1.0,21,0.4253,1
Student parking,-1.274479,36.805643,2026-08-02 11:00:00,11,6,1,0,50,100,1.0,25,0.505,1
Kenton Rear Parking,-1.2809847,36.7869545,2026-08-02 11:00:00,11,6,1,0,50,100,1.0,29,0.5864,1
Unnamed Parking,-1.2553877,36.8667692,2026-08-02 11:00:00,11,6,1,0,50,100,1.0,22,0.4311,1
Unnamed Parking,-1.259848,36.8644681,2026-08-02 11:00:00,11,6,1,0,50,100,1.19,28,0.5503,1
Travel House Parking,-1.2861727,36.8214386,2026-08-02 11:00:00,11,6,1,0,50,100,1.18,23,0.4676,1
Lenana Parking Lot Area,-1.2900918,36.800209,2026-08-02 11:00:00,11,6,1,0,50,100,1.0,22,0.4466,1
Unnamed Parking,-1.2944773,36.8101427,2026-08-02 11:00:00,11,6,1,0,50,100,1.0,25,0.5014,1
Parking B,-1.2806414,36.8128716,2026-08-02 11:00:00,11,6,1,0,50,100,1.0,21,0.4272,1
MAIN PACKING,-1.2803274,36.8127162,2026-08-02 11:00:00,11,6,1,0,50,100,1.0,23,0.4657,1
YMCA STAFF PARKING,-1.2805756,36.8129968,2026-08-02 11:00:00,11,6,1,0,50,100,1.0,21,0.4142,1
Unnamed Parking,-1.2896057,36.8150615,2026-08-02 12:00:00,12,6,1,0,50,100,1.0,29,0.5772,1
Unnamed Parking,-1.2909796,36.8282672,2026-08-02 12:00:00,12,6,1,0,50,100,1.0,21,0.4228,1
Unnamed Parking,-1.2856445,36.8132893,2026-08-02 12:00:00,12,6,1,0,50,100,1.0,18,0.364,1
Unnamed Parking,-1.2597359,36.8182597,2026-08-02 12:00:00,12,6,1,0,50,100,1.0,22,0.4371,1
Unnamed Parking,-1.2641049,36.8117123,2026-08-02 12:00:00,12,6,1,0,50,100,1.0,21,0.411,1
InterContinental Hotel Car Park,-1.2873717,36.8192911,2026-08-02 12:00:00,12,6,1,0,50,300,1.15,20,0.4023,1
Unnamed Parking,-1.25013,36.8202579,2026-08-02 12:00:00,12,6,1,0,50,100,1.16,23,0.4691,1
Olympic Bus Terminus,-1.3126351,36.7778212,2026-08-02 12:00:00,12,6,1,0,50,100,1.0,24,0.4806,1
Ayany Car Park,-1.3090339,36.7757579,2026-08-02 12:00:00,12,6,1,0,50,200,1.0,19,0.3776,1
Westgate Mall Car Park,-1.2566578,36.8035661,2026-08-02 12:00:00,12,6,1,0,50,50,1.0,19,0.3739,1
Student parking,-1.274479,36.805643,2026-08-02 12:00:00,12,6,1,0,50,100,1.0,20,0.398,1
Kenton Rear Parking,-1.2809847,36.7869545,2026-08-02 12:00:00,12,6,1,0,50,100,1.0,12,0.2358,1
Unnamed Parking,-1.2553877,36.8667692,2026-08-02 12:00:00,12,6,1,0,50,100,1.0,15,0.2988,1
Unnamed Parking,-1.259848,36.8644681,2026-08-02 12:00:00,12,6,1,0,50,100,1.19,26,0.5293,1
Travel House Parking,-1.2861727,36.8214386,2026-08-02 12:00:00,12,6,1,0,50,100,1.18,28,0.5516,1
Lenana Parking Lot Area,-1.2900918,36.800209,2026-08-02 12:00:00,12,6,1,0,50,100,1.0,20,0.4001,1
Unnamed Parking,-1.2944773,36.8101427,2026-08-02 12:00:00,12,6,1,0,50,100,1.0,23,0.4661,1
Parking B,-1.2806414,36.8128716,2026-08-02 12:00:00,12,6,1,0,50,100,1.0,22,0.4449,1
MAIN PACKING,-1.2803274,36.8127162,2026-08-02 12:00:00,12,6,1,0,50,100,1.0,33,0.6663,1
YMCA STAFF PARKING,-1.2805756,36.8129968,2026-08-02 12:00:00,12,6,1,0,50,100,1.0,25,0.5096,1
Unnamed Parking,-1.2896057,36.8150615,2026-08-02 13:00:00,13,6,1,0,50,100,1.0,25,0.4998,1
Unnamed Parking,-1.2909796,36.8282672,2026-08-02 13:00:00,13,6,1,0,50,100,1.0,22,0.4336,1
Unnamed Parking,-1.2856445,36.8132893,2026-08-02 13:00:00,13,6,1,0,50,100,1.0,19,0.3815,1
Unnamed Parking,-1.2597359,36.8182597,2026-08-02 13:00:00,13,6,1,0,50,100,1.0,26,0.5263,1
Unnamed Parking,-1.2641049,36.8117123,2026-08-02 13:00:00,13,6,1,0,50,100,1.0,22,0.4495,1
InterContinental Hotel Car Park,-1.2873717,36.8192911,2026-08-02 13:00:00,13,6,1,0,50,300,1.15,20,0.3962,1
Unnamed Parking,-1.25013,36.8202579,2026-08-02 13:00:00,13,6,1,0,50,100,1.16,23,0.4583,1
Olympic Bus Terminus,-1.3126351,36.7778212,2026-08-02 13:00:00,13,6,1,0,50,100,1.0,21,0.4235,1
Ayany Car Park,-1.3090339,36.7757579,2026-08-02 13:00:00,13,6,1,0,50,200,1.0,32,0.645,1
Westgate Mall Car Park,-1.2566578,36.8035661,2026-08-02 13:00:00,13,6,1,0,50,50,1.0,29,0.5805,1
Student parking,-1.274479,36.805643,2026-08-02 13:00:00,13,6,1,0,50,100,1.0,25,0.5094,1
Kenton Rear Parking,-1.2809847,36.7869545,2026-08-02 13:00:00,13,6,1,0,50,100,1.0,31,0.6284,1
Unnamed Parking,-1.2553877,36.8667692,2026-08-02 13:00:00,13,6,1,0,50,100,1.0,26,0.5162,1
Unnamed Parking,-1.259848,36.8644681,2026-08-02 13:00:00,13,6,1,0,50,100,1.19,22,0.4411,1
Travel House Parking,-1.2861727,36.8214386,2026-08-02 13:00:00,13,6,1,0,50,100,1.18,32,0.6318,1
Lenana Parking Lot Area,-1.2900918,36.800209,2026-08-02 13:00:00,13,6,1,0,50,100,1.0,28,0.5531,1
Unnamed Parking,-1.2944773,36.8101427,2026-08-02 13:00:00,13,6,1,0,50,100,1.0,21,0.427,1
Parking B,-1.2806414,36.8128716,2026-08-02 13:00:00,13,6,1,0,50,100,1.0,25,0.4948,1
MAIN PACKING,-1.2803274,36.8127162,2026-08-02 13:00:00,13,6,1,0,50,100,1.0,22,0.44,1
YMCA STAFF PARKING,-1.2805756,36.8129968,2026-08-02 13:00:00,13,6,1,0,50,100,1.0,20,0.3994,1
Unnamed Parking,-1.2896057,36.8150615,2026-08-02 14:00:00,14,6,1,0,50,100,1.0,29,0.5841,1
Unnamed Parking,-1.2909796,36.8282672,2026-08-02 14:00:00,14,6,1,0,50,100,1.0,33,0.6628,1
Unnamed Parking,-1.2856445,36.8132893,2026-08-02 14:00:00,14,6,1,0,50,100,1.0,20,0.3981,1
Unnamed Parking,-1.2597359,36.8182597,2026-08-02 14:00:00,14,6,1,0,50,100,1.0,28,0.555,1
Unnamed Parking,-1.2641049,36.8117123,2026-08-02 14:00:00,14,6,1,0,50,100,1.0,23,0.4579,1
InterContinental Hotel Car Park,-1.2873717,36.8192911,2026-08-02 14:00:00,14,6,1,0,50,300,1.15,24,0.471,1
Unnamed Parking,-1.25013,36.8202579,2026-08-02 14:00:00,14,6,1,0,50,100,1.16,23,0.4626,1
Olympic Bus Terminus,-1.3126351,36.7778212,2026-08-02 14:00:00,14,6,1,0,50,100,1.0,22,0.4409,1
Ayany Car Park,-1.3090339,36.7757579,2026-08-02 14:00:00,14,6,1,0,50,200,1.0,26,0.5139,1
Westgate Mall Car Park,-1.2566578,36.8035661,2026-08-02 14:00:00,14,6,1,0,50,50,1.0,22,0.4435,1
Student parking,-1.274479,36.805643,2026-08-02 14:00:00,14,6,1,0,50,100,1.0,27,0.5316,1
Kenton Rear Parking,-1.2809847,36.7869545,2026-08-02 14:00:00,14,6,1,0,50,100,1.0,25,0.506,1
Unnamed Parking,-1.2553877,36.8667692,2026-08-02 14:00:00,14,6,1,0,50,100,1.0,25,0.4909,1
Unnamed Parking,-1.259848,36.8644681,2026-08-02 14:00:00,14,6,1,0,50,100,1.19,22,0.4374,1
Travel House Parking,-1.2861727,36.8214386,2026-08-02 14:00:00,14,6,1,0,50,100,1.18,23,0.4639,1
Lenana Parking Lot Area,-1.2900918,36.800209,2026-08-02 14:00:00,14,6,1,0,50,100,1.0,29,0.5704,1
Unnamed Parking,-1.2944773,36.8101427,2026-08-02 14:00:00,14,6,1,0,50,100,1.0,28,0.5501,1
Parking B,-1.2806414,36.8128716,2026-08-02 14:00:00,14,6,1,0,50,100,1.0,22,0.4318,1
MAIN PACKING,-1.2803274,36.8127162,2026-08-02 14:00:00,14,6,1,0,50,100,1.0,26,0.5179,1
YMCA STAFF PARKING,-1.2805756,36.8129968,2026-08-02 14:00:00,14,6,1,0,50,100,1.0,29,0.5701,1
Unnamed Parking,-1.2896057,36.8150615,2026-08-02 15:00:00,15,6,1,0,50,100,1.0,19,0.3764,1
Unnamed Parking,-1.2909796,36.8282672,2026-08-02 15:00:00,15,6,1,0,50,100,1.0,28,0.5535,1
Unnamed Parking,-1.2856445,36.8132893,2026-08-02 15:00:00,15,6,1,0,50,100,1.0,23,0.457,1
Unnamed Parking,-1.2597359,36.8182597,2026-08-02 15:00:00,15,6,1,0,50,100,1.0,28,0.5556,1
Unnamed Parking,-1.2641049,36.8117123,2026-08-02 15:00:00,15,6,1,0,50,100,1.0,22,0.4489,1
InterContinental Hotel Car Park,-1.2873717,36.8192911,2026-08-02 15:00:00,15,6,1,0,50,300,1.15,18,0.3656,1
Unnamed Parking,-1.25013,36.8202579,2026-08-02 15:00:00,15,6,1,0,50,100,1.16,19,0.3798,1
Olympic Bus Terminus,-1.3126351,36.7778212,2026-08-02 15:00:00,15,6,1,0,50,100,1.0,26,0.5138,1
Ayany Car Park,-1.3090339,36.7757579,2026-08-02 15:00:00,15,6,1,0,50,200,1.0,27,0.5308,1
Westgate Mall Car Park,-1.2566578,36.8035661,2026-08-02 15:00:00,15,6,1,0,50,50,1.0,22,0.4377,1
Student parking,-1.274479,36.805643,2026-08-02 15:00:00,15,6,1,0,50,100,1.0,28,0.5611,1
Kenton Rear Parking,-1.2809847,36.7869545,2026-08-02 15:00:00,15,6,1,0,50,100,1.0,19,0.3771,1
Unnamed Parking,-1.2553877,36.8667692,2026-08-02 15:00:00,15,6,1,0,50,100,1.0,25,0.5047,1
Unnamed Parking,-1.259848,36.8644681,2026-08-02 15:00:00,15,6,1,0,50,100,1.19,21,0.4131,1
Travel House Parking,-1.2861727,36.8214386,2026-08-02 15:00:00,15,6,1,0,50,100,1.18,23,0.4579,1
Lenana Parking Lot Area,-1.2900918,36.800209,2026-08-02 15:00:00,15,6,1,0,50,100,1.0,26,0.5138,1
Unnamed Parking,-1.2944773,36.8101427,2026-08-02 15:00:00,15,6,1,0,50,100,1.0,22,0.4412,1
Parking B,-1.2806414,36.8128716,2026-08-02 15:00:00,15,6,1,0,50,100,1.0,24,0.4792,1
MAIN PACKING,-1.2803274,36.8127162,2026-08-02 15:00:00,15,6,1,0,50,100,1.0,30,0.5905,1
YMCA STAFF PARKING,-1.2805756,36.8129968,2026-08-02 15:00:00,15,6,1,0,50,100,1.0,23,0.4638,1
Unnamed Parking,-1.2896057,36.8150615,2026-08-02 16:00:00,16,6,1,0,50,100,1.0,29,0.5769,1
Unnamed Parking,-1.2909796,36.8282672,2026-08-02 16:00:00,16,6,1,0,50,100,1.0,21,0.4196,1
Unnamed Parking,-1.2856445,36.8132893,2026-08-02 16:00:00,16,6,1,0,50,100,1.0,28,0.5524,1
Unnamed Parking,-1.2597359,36.8182597,2026-08-02 16:00:00,16,6,1,0,50,100,1.0,31,0.6253,1
Unnamed Parking,-1.2641049,36.8117123,2026-08-02 16:00:00,16,6,1,0,50,100,1.0,16,0.3123,1
InterContinental Hotel Car Park,-1.2873717,36.8192911,2026-08-02 16:00:00,16,6,1,0,50,300,1.15,22,0.4462,1
Unnamed Parking,-1.25013,36.8202579,2026-08-02 16:00:00,16,6,1,0,50,100,1.16,28,0.5562,1
Olympic Bus Terminus,-1.3126351,36.7778212,2026-08-02 16:00:00,16,6,1,0,50,100,1.0,25,0.4938,1
Ayany Car Park,-1.3090339,36.7757579,2026-08-02 16:00:00,16,6,1,0,50,200,1.0,27,0.5397,1
Westgate Mall Car Park,-1.2566578,36.8035661,2026-08-02 16:00:00,16,6,1,0,50,50,1.0,23,0.4617,1
Student parking,-1.274479,36.805643,2026-08-02 16:00:00,16,6,1,0,50,100,1.0,26,0.5169,1
Kenton Rear Parking,-1.2809847,36.7869545,2026-08-02 16:00:00,16,6,1,0,50,100,1.0,25,0.4975,1
Unnamed Parking,-1.2553877,36.8667692,2026-08-02 16:00:00,16,6,1,0,50,100,1.0,30,0.6034,1
Unnamed Parking,-1.259848,36.8644681,2026-08-02 16:00:00,16,6,1,0,50,100,1.19,27,0.5304,1
Travel House Parking,-1.2861727,36.8214386,2026-08-02 16:00:00,16,6,1,0,50,100,1.18,27,0.537,1
Lenana Parking Lot Area,-1.2900918,36.800209,2026-08-02 16:00:00,16,6,1,0,50,100,1.0,24,0.477,1
Unnamed Parking,-1.2944773,36.8101427,2026-08-02 16:00:00,16,6,1,0,50,100,1.0,24,0.471,1
Parking B,-1.2806414,36.8128716,2026-08-02 16:00:00,16,6,1,0,50,100,1.0,24,0.4754,1
MAIN PACKING,-1.2803274,36.8127162,2026-08-02 16:00:00,16,6,1,0,50,100,1.0,27,0.5416,1
YMCA STAFF PARKING,-1.2805756,36.8129968,2026-08-02 16:00:00,16,6,1,0,50,100,1.0,24,0.4763,1
Unnamed Parking,-1.2896057,36.8150615,2026-08-02 17:00:00,17,6,1,0,50,100,1.0,22,0.4432,1
Unnamed Parking,-1.2909796,36.8282672,2026-08-02 17:00:00,17,6,1,0,50,100,1.0,29,0.586,1
Unnamed Parking,-1.2856445,36.8132893,2026-08-02 17:00:00,17,6,1,0,50,100,1.0,24,0.4897,1
Unnamed Parking,-1.2597359,36.8182597,2026-08-02 17:00:00,17,6,1,0,50,100,1.0,20,0.3939,1
Unnamed Parking,-1.2641049,36.8117123,2026-08-02 17:00:00,17,6,1,0,50,100,1.0,26,0.5161,1
InterContinental Hotel Car Park,-1.2873717,36.8192911,2026-08-02 17:00:00,17,6,1,0,50,300,1.15,19,0.3874,1
Unnamed Parking,-1.25013,36.8202579,2026-08-02 17:00:00,17,6,1,0,50,100,1.16,13,0.257,1
Olympic Bus Terminus,-1.3126351,36.7778212,2026-08-02 17:00:00,17,6,1,0,50,100,1.0,17,0.3394,1
Ayany Car Park,-1.3090339,36.7757579,2026-08-02 17:00:00,17,6,1,0,50,200,1.0,14,0.2703,1
Westgate Mall Car Park,-1.2566578,36.8035661,2026-08-02 17:00:00,17,6,1,0,50,50,1.0,20,0.3919,1
Student parking,-1.274479,36.805643,2026-08-02 17:00:00,17,6,1,0,50,100,1.0,21,0.4215,1
Kenton Rear Parking,-1.2809847,36.7869545,2026-08-02 17:00:00,17,6,1,0,50,100,1.0,28,0.5541,1
Unnamed Parking,-1.2553877,36.8667692,2026-08-02 17:00:00,17,6,1,0,50,100,1.0,22,0.4462,1
Unnamed Parking,-1.259848,36.8644681,2026-08-02 17:00:00,17,6,1,0,50,100,1.19,20,0.4025,1
Travel House Parking,-1.2861727,36.8214386,2026-08-02 17:00:00,17,6,1,0,50,100,1.18,24,0.4864,1
Lenana Parking Lot Area,-1.2900918,36.800209,2026-08-02 17:00:00,17,6,1,0,50,100,1.0,12,0.2431,1
Unnamed Parking,-1.2944773,36.8101427,2026-08-02 17:00:00,17,6,1,0,50,100,1.0,22,0.4388,1
Parking B,-1.2806414,36.8128716,2026-08-02 17:00:00,17,6,1,0,50,100,1.0,24,0.4817,1
MAIN PACKING,-1.2803274,36.8127162,2026-08-02 17:00:00,17,6,1,0,50,100,1.0,15,0.3017,1
YMCA STAFF PARKING,-1.2805756,36.8129968,2026-08-02 17:00:00,17,6,1,0,50,100,1.0,26,0.5115,1
Unnamed Parking,-1.2896057,36.8150615,2026-08-02 18:00:00,18,6,1,0,50,100,1.0,22,0.4471,1
Unnamed Parking,-1.2909796,36.8282672,2026-08-02 18:00:00,18,6,1,0,50,100,1.0,19,0.3868,1
Unnamed Parking,-1.2856445,36.8132893,2026-08-02 18:00:00,18,6,1,0,50,100,1.0,24,0.4706,1
Unnamed Parking,-1.2597359,36.8182597,2026-08-02 18:00:00,18,6,1,0,50,100,1.0,30,0.6017,1
Unnamed Parking,-1.2641049,36.8117123,2026-08-02 18:00:00,18,6,1,0,50,100,1.0,22,0.4345,1
InterContinental Hotel Car Park,-1.2873717,36.8192911,2026-08-02 18:00:00,18,6,1,0,50,300,1.15,22,0.4399,1
Unnamed Parking,-1.25013,36.8202579,2026-08-02 18:00:00,18,6,1,0,50,100,1.16,19,0.3833,1
Olympic Bus Terminus,-1.3126351,36.7778212,2026-08-02 18:00:00,18,6,1,0,50,100,1.0,18,0.352,1
Ayany Car Park,-1.3090339,36.7757579,2026-08-02 18:00:00,18,6,1,0,50,200,1.0,24,0.4864,1
Westgate Mall Car Park,-1.2566578,36.8035661,2026-08-02 18:00:00,18,6,1,0,50,50,1.0,18,0.3515,1
Student parking,-1.274479,36.805643,2026-08-02 18:00:00,18,6,1,0,50,100,1.0,21,0.4257,1
Kenton Rear Parking,-1.2809847,36.7869545,2026-08-02 18:00:00,18,6,1,0,50,100,1.0,19,0.3818,1
Unnamed Parking,-1.2553877,36.8667692,2026-08-02 18:00:00,18,6,1,0,50,100,1.0,23,0.4583,1
Unnamed Parking,-1.259848,36.8644681,2026-08-02 18:00:00,18,6,1,0,50,100,1.19,22,0.4467,1
Travel House Parking,-1.2861727,36.8214386,2026-08-02 18:00:00,18,6,1,0,50,100,1.18,25,0.503,1
Lenana Parking Lot Area,-1.2900918,36.800209,2026-08-02 18:00:00,18,6,1,0,50,100,1.0,19,0.3792,1
Unnamed Parking,-1.2944773,36.8101427,2026-08-02 18:00:00,18,6,1,0,50,100,1.0,20,0.3984,1
Parking B,-1.2806414,36.8128716,2026-08-02 18:00:00,18,6,1,0,50,100,1.0,17,0.3417,1
MAIN PACKING,-1.2803274,36.8127162,2026-08-02 18:00:00,18,6,1,0,50,100,1.0,19,0.3845,1
YMCA STAFF PARKING,-1.2805756,36.8129968,2026-08-02 18:00:00,18,6,1,0,50,100,1.0,23,0.4502,1
Unnamed Parking,-1.2896057,36.8150615,2026-08-02 19:00:00,19,6,1,0,50,100,1.0,15,0.3006,1
Unnamed Parking,-1.2909796,36.8282672,2026-08-02 19:00:00,19,6,1,0,50,100,1.0,8,0.1662,1
Unnamed Parking,-1.2856445,36.8132893,2026-08-02 19:00:00,19,6,1,0,50,100,1.0,15,0.3096,1
Unnamed Parking,-1.2597359,36.8182597,2026-08-02 19:00:00,19,6,1,0,50,100,1.0,17,0.3485,1
Unnamed Parking,-1.2641049,36.8117123,2026-08-02 19:00:00,19,6,1,0,50,100,1.0,14,0.2731,1
InterContinental Hotel Car Park,-1.2873717,36.8192911,2026-08-02 19:00:00,19,6,1,0,50,300,1.15,20,0.3901,1
Unnamed Parking,-1.25013,36.8202579,2026-08-02 19:00:00,19,6,1,0,50,100,1.16,9,0.1781,1
Olympic Bus Terminus,-1.3126351,36.7778212,2026-08-02 19:00:00,19,6,1,0,50,100,1.0,7,0.1404,1
Ayany Car Park,-1.3090339,36.7757579,2026-08-02 19:00:00,19,6,1,0,50,200,1.0,5,0.1,1
Westgate Mall Car Park,-1.2566578,36.8035661,2026-08-02 19:00:00,19,6,1,0,50,50,1.0,18,0.3597,1
Student parking,-1.274479,36.805643,2026-08-02 19:00:00,19,6,1,0,50,100,1.0,15,0.2923,1
Kenton Rear Parking,-1.2809847,36.7869545,2026-08-02 19:00:00,19,6,1,0,50,100,1.0,12,0.2356,1
Unnamed Parking,-1.2553877,36.8667692,2026-08-02 19:00:00,19,6,1,0,50,100,1.0,13,0.2624,1
Unnamed Parking,-1.259848,36.8644681,2026-08-02 19:00:00,19,6,1,0,50,100,1.19,7,0.15,1
Travel House Parking,-1.2861727,36.8214386,2026-08-02 19:00:00,19,6,1,0,50,100,1.18,22,0.4357,1
Lenana Parking Lot Area,-1.2900918,36.800209,2026-08-02 19:00:00,19,6,1,0,50,100,1.0,13,0.2503,1
Unnamed Parking,-1.2944773,36.8101427,2026-08-02 19:00:00,19,6,1,0,50,100,1.0,12,0.2488,1
Parking B,-1.2806414,36.8128716,2026-08-02 19:00:00,19,6,1,0,50,100,1.0,15,0.2981,1
MAIN PACKING,-1.2803274,36.8127162,2026-08-02 19:00:00,19,6,1,0,50,100,1.0,14,0.2785,1
YMCA STAFF PARKING,-1.2805756,36.8129968,2026-08-02 19:00:00,19,6,1,0,50,100,1.0,13,0.2579,1
Unnamed Parking,-1.2896057,36.8150615,2026-08-02 20:00:00,20,6,1,0,50,100,1.0,9,0.1768,1
Unnamed Parking,-1.2909796,36.8282672,2026-08-02 20:00:00,20,6,1,0,50,100,1.0,14,0.2777,1
Unnamed Parking,-1.2856445,36.8132893,2026-08-02 20:00:00,20,6,1,0,50,100,1.0,20,0.3906,1
Unnamed Parking,-1.2597359,36.8182597,2026-08-02 20:00:00,20,6,1,0,50,100,1.0,17,0.3476,1
Unnamed Parking,-1.2641049,36.8117123,2026-08-02 20:00:00,20,6,1,0,50,100,1.0,18,0.3675,1
InterContinental Hotel Car Park,-1.2873717,36.8192911,2026-08-02 20:00:00,20,6,1,0,50,300,1.15,10,0.1991,1
Unnamed Parking,-1.25013,36.8202579,2026-08-02 20:00:00,20,6,1,0,50,100,1.16,8,0.1608,1
Olympic Bus Terminus,-1.3126351,36.7778212,2026-08-02 20:00:00,20,6,1,0,50,100,1.0,11,0.2299,1
Ayany Car Park,-1.3090339,36.7757579,2026-08-02 20:00:00,20,6,1,0,50,200,1.0,12,0.2445,1
Westgate Mall Car Park,-1.2566578,36.8035661,2026-08-02 20:00:00,20,6,1,0,50,50,1.0,16,0.3275,1
Student parking,-1.274479,36.805643,2026-08-02 20:00:00,20,6,1,0,50,100,1.0,5,0.1046,1
Kenton Rear Parking,-1.2809847,36.7869545,2026-08-02 20:00:00,20,6,1,0,50,100,1.0,18,0.3624,1
Unnamed Parking,-1.2553877,36.8667692,2026-08-02 20:00:00,20,6,1,0,50,100,1.0,11,0.2274,1
Unnamed Parking,-1.259848,36.8644681,2026-08-02 20:00:00,20,6,1,0,50,100,1.19,10,0.2058,1
Travel House Parking,-1.2861727,36.8214386,2026-08-02 20:00:00,20,6,1,0,50,100,1.18,8,0.159,1
Lenana Parking Lot Area,-1.2900918,36.800209,2026-08-02 20:00:00,20,6,1,0,50,100,1.0,5,0.1076,1
Unnamed Parking,-1.2944773,36.8101427,2026-08-02 20:00:00,20,6,1,0,50,100,1.0,15,0.3059,1
Parking B,-1.2806414,36.8128716,2026-08-02 20:00:00,20,6,1,0,50,100,1.0,12,0.2459,1
MAIN PACKING,-1.2803274,36.8127162,2026-08-02 20:00:00,20,6,1,0,50,100,1.0,7,0.1368,1
YMCA STAFF PARKING,-1.2805756,36.8129968,2026-08-02 20:00:00,20,6,1,0,50,100,1.0,7,0.1364,1
Unnamed Parking,-1.2896057,36.8150615,2026-08-02 21:00:00,21,6,1,0,50,100,1.0,11,0.2131,1
Unnamed Parking,-1.2909796,36.8282672,2026-08-02 21:00:00,21,6,1,0,50,100,1.0,19,0.3735,1
Unnamed Parking,-1.2856445,36.8132893,2026-08-02 21:00:00,21,6,1,0,50,100,1.0,11,0.2192,1
Unnamed Parking,-1.2597359,36.8182597,2026-08-02 21:00:00,21,6,1,0,50,100,1.0,6,0.1197,1
Unnamed Parking,-1.2641049,36.8117123,2026-08-02 21:00:00,21,6,1,0,50,100,1.0,11,0.2203,1
InterContinental Hotel Car Park,-1.2873717,36.8192911,2026-08-02 21:00:00,21,6,1,0,50,300,1.15,11,0.2182,1
Unnamed Parking,-1.25013,36.8202579,2026-08-02 21:00:00,21,6,1,0,50,100,1.16,5,0.1,1
Olympic Bus Terminus,-1.3126351,36.7778212,2026-08-02 21:00:00,21,6,1,0,50,100,1.0,12,0.2357,1
Ayany Car Park,-1.3090339,36.7757579,2026-08-02 21:00:00,21,6,1,0,50,200,1.0,11,0.2215,1
Westgate Mall Car Park,-1.2566578,36.8035661,2026-08-02 21:00:00,21,6,1,0,50,50,1.0,15,0.2957,1
Student parking,-1.274479,36.805643,2026-08-02 21:00:00,21,6,1,0,50,100,1.0,19,0.3879,1
Kenton Rear Parking,-1.2809847,36.7869545,2026-08-02 21:00:00,21,6,1,0,50,100,1.0,17,0.3301,1
Unnamed Parking,-1.2553877,36.8667692,2026-08-02 21:00:00,21,6,1,0,50,100,1.0,11,0.2185,1
Unnamed Parking,-1.259848,36.8644681,2026-08-02 21:00:00,21,6,1,0,50,100,1.19,8,0.1515,1
Travel House Parking,-1.2861727,36.8214386,2026-08-02 21:00:00,21,6,1,0,50,100,1.18,22,0.4459,1
Lenana Parking Lot Area,-1.2900918,36.800209,2026-08-02 21:00:00,21,6,1,0,50,100,1.0,12,0.2447,1
Unnamed Parking,-1.2944773,36.8101427,2026-08-02 21:00:00,21,6,1,0,50,100,1.0,12,0.2411,1
Parking B,-1.2806414,36.8128716,2026-08-02 21:00:00,21,6,1,0,50,100,1.0,12,0.2381,1
MAIN PACKING,-1.2803274,36.8127162,2026-08-02 21:00:00,21,6,1,0,50,100,1.0,13,0.2558,1
YMCA STAFF PARKING,-1.2805756,36.8129968,2026-08-02 21:00:00,21,6,1,0,50,100,1.0,11,0.2285,1
Unnamed Parking,-1.2896057,36.8150615,2026-08-02 22:00:00,22,6,1,0,50,100,1.0,10,0.1941,1
Unnamed Parking,-1.2909796,36.8282672,2026-08-02 22:00:00,22,6,1,0,50,100,1.0,10,0.1963,1
Unnamed Parking,-1.2856445,36.8132893,2026-08-02 22:00:00,22,6,1,0,50,100,1.0,12,0.2374,1
Unnamed Parking,-1.2597359,36.8182597,2026-08-02 22:00:00,22,6,1,0,50,100,1.0,10,0.1965,1
Unnamed Parking,-1.2641049,36.8117123,2026-08-02 22:00:00,22,6,1,0,50,100,1.0,9,0.183,1
InterContinental Hotel Car Park,-1.2873717,36.8192911,2026-08-02 22:00:00,22,6,1,0,50,300,1.15,12,0.2485,1
Unnamed Parking,-1.25013,36.8202579,2026-08-02 22:00:00,22,6,1,0,50,100,1.16,11,0.2196,1
Olympic Bus Terminus,-1.3126351,36.7778212,2026-08-02 22:00:00,22,6,1,0,50,100,1.0,18,0.3603,1
Ayany Car Park,-1.3090339,36.7757579,2026-08-02 22:00:00,22,6,1,0,50,200,1.0,5,0.1,1
Westgate Mall Car Park,-1.2566578,36.8035661,2026-08-02 22:00:00,22,6,1,0,50,50,1.0,16,0.3273,1
Student parking,-1.274479,36.805643,2026-08-02 22:00:00,22,6,1,0,50,100,1.0,17,0.3397,1
Kenton Rear Parking,-1.2809847,36.7869545,2026-08-02 22:00:00,22,6,1,0,50,100,1.0,5,0.1,1
Unnamed Parking,-1.2553877,36.8667692,2026-08-02 22:00:00,22,6,1,0,50,100,1.0,11,0.2126,1
Unnamed Parking,-1.259848,36.8644681,2026-08-02 22:00:00,22,6,1,0,50,100,1.19,11,0.2103,1
Travel House Parking,-1.2861727,36.8214386,2026-08-02 22:00:00,22,6,1,0,50,100,1.18,6,0.1274,1
Lenana Parking Lot Area,-1.2900918,36.800209,2026-08-02 22:00:00,22,6,1,0,50,100,1.0,9,0.1778,1
Unnamed Parking,-1.2944773,36.8101427,2026-08-02 22:00:00,22,6,1,0,50,100,1.0,8,0.1512,1
Parking B,-1.2806414,36.8128716,2026-08-02 22:00:00,22,6,1,0,50,100,1.0,19,0.3802,1
MAIN PACKING,-1.2803274,36.8127162,2026-08-02 22:00:00,22,6,1,0,50,100,1.0,16,0.3149,1
YMCA STAFF PARKING,-1.2805756,36.8129968,2026-08-02 22:00:00,22,6,1,0,50,100,1.0,17,0.3417,1
Unnamed Parking,-1.2896057,36.8150615,2026-08-03 06:00:00,6,0,0,0,50,100,1.0,23,0.4577,1
Unnamed Parking,-1.2909796,36.8282672,2026-08-03 06:00:00,6,0,0,0,50,100,1.0,15,0.3097,1
Unnamed Parking,-1.2856445,36.8132893,2026-08-03 06:00:00,6,0,0,0,50,100,1.0,18,0.358,1
Unnamed Parking,-1.2597359,36.8182597,2026-08-03 06:00:00,6,0,0,0,50,100,1.0,22,0.4391,1
Unnamed Parking,-1.2641049,36.8117123,2026-08-03 06:00:00,6,0,0,0,50,100,1.0,15,0.3022,1
InterContinental Hotel Car Park,-1.2873717,36.8192911,2026-08-03 06:00:00,6,0,0,0,50,300,1.15,23,0.457,1
Unnamed Parking,-1.25013,36.8202579,2026-08-03 06:00:00,6,0,0,0,50,100,1.16,19,0.3808,1
Olympic Bus Terminus,-1.3126351,36.7778212,2026-08-03 06:00:00,6,0,0,0,50,100,1.0,19,0.37,1
Ayany Car Park,-1.3090339,36.7757579,2026-08-03 06:00:00,6,0,0,0,50,200,1.0,23,0.4569,1
Westgate Mall Car Park,-1.2566578,36.8035661,2026-08-03 06:00:00,6,0,0,0,50,50,1.0,22,0.4355,1
Student parking,-1.274479,36.805643,2026-08-03 06:00:00,6,0,0,0,50,100,1.0,19,0.3711,1
Kenton Rear Parking,-1.2809847,36.7869545,2026-08-03 06:00:00,6,0,0,0,50,100,1.0,25,0.4927,1
Unnamed Parking,-1.2553877,36.8667692,2026-08-03 06:00:00,6,0,0,0,50,100,1.0,16,0.3135,1
Unnamed Parking,-1.259848,36.8644681,2026-08-03 06:00:00,6,0,0,0,50,100,1.19,22,0.4493,1
Travel House Parking,-1.2861727,36.8214386,2026-08-03 06:00:00,6,0,0,0,50,100,1.18,22,0.4474,1
Lenana Parking Lot Area,-1.2900918,36.800209,2026-08-03 06:00:00,6,0,0,0,50,100,1.0,19,0.3752,1
Unnamed Parking,-1.2944773,36.8101427,2026-08-03 06:00:00,6,0,0,0,50,100,1.0,21,0.4261,1
Parking B,-1.2806414,36.8128716,2026-08-03 06:00:00,6,0,0,0,50,100,1.0,15,0.2999,1
MAIN PACKING,-1.2803274,36.8127162,2026-08-03 06:00:00,6,0,0,0,50,100,1.0,24,0.4739,1
YMCA STAFF PARKING,-1.2805756,36.8129968,2026-08-03 06:00:00,6,0,0,0,50,100,1.0,19,0.3852,1
Unnamed Parking,-1.2896057,36.8150615,2026-08-03 07:00:00,7,0,0,0,50,100,1.0,18,0.3582,1
Unnamed Parking,-1.2909796,36.8282672,2026-08-03 07:00:00,7,0,0,0,50,100,1.0,24,0.4839,1
Unnamed Parking,-1.2856445,36.8132893,2026-08-03 07:00:00,7,0,0,0,50,100,1.0,17,0.3437,1
Unnamed Parking,-1.2597359,36.8182597,2026-08-03 07:00:00,7,0,0,0,50,100,1.0,14,0.2873,1
Unnamed Parking,-1.2641049,36.8117123,2026-08-03 07:00:00,7,0,0,0,50,100,1.0,14,0.2755,1
InterContinental Hotel Car Park,-1.2873717,36.8192911,2026-08-03 07:00:00,7,0,0,0,50,300,1.15,22,0.4485,1
Unnamed Parking,-1.25013,36.8202579,2026-08-03 07:00:00,7,0,0,0,50,100,1.16,15,0.2976,1
Olympic Bus Terminus,-1.3126351,36.7778212,2026-08-03 07:00:00,7,0,0,0,50,100,1.0,27,0.5404,1
Ayany Car Park,-1.3090339,36.7757579,2026-08-03 07:00:00,7,0,0,0,50,200,1.0,12,0.2334,1
Westgate Mall Car Park,-1.2566578,36.8035661,2026-08-03 07:00:00,7,0,0,0,50,50,1.0,27,0.5357,1
Student parking,-1.274479,36.805643,2026-08-03 07:00:00,7,0,0,0,50,100,1.0,21,0.4169,1
Kenton Rear Parking,-1.2809847,36.7869545,2026-08-03 07:00:00,7,0,0,0,50,100,1.0,20,0.3923,1
Unnamed Parking,-1.2553877,36.8667692,2026-08-03 07:00:00,7,0,0,0,50,100,1.0,18,0.3564,1
Unnamed Parking,-1.259848,36.8644681,2026-08-03 07:00:00,7,0,0,0,50,100,1.19,22,0.4319,1
Travel House Parking,-1.2861727,36.8214386,2026-08-03 07:00:00,7,0,0,0,50,100,1.18,20,0.397,1
Lenana Parking Lot Area,-1.2900918,36.800209,2026-08-03 07:00:00,7,0,0,0,50,100,1.0,24,0.4883,1
Unnamed Parking,-1.2944773,36.8101427,2026-08-03 07:00:00,7,0,0,0,50,100,1.0,20,0.4091,1
Parking B,-1.2806414,36.8128716,2026-08-03 07:00:00,7,0,0,0,50,100,1.0,21,0.412,1
MAIN PACKING,-1.2803274,36.8127162,2026-08-03 07:00:00,7,0,0,0,50,100,1.0,19,0.3709,1
YMCA STAFF PARKING,-1.2805756,36.8129968,2026-08-03 07:00:00,7,0,0,0,50,100,1.0,20,0.3954,1
Unnamed Parking,-1.2896057,36.8150615,2026-08-03 08:00:00,8,0,0,0,50,100,1.0,44,0.8746,1
Unnamed Parking,-1.2909796,36.8282672,2026-08-03 08:00:00,8,0,0,0,50,100,1.0,36,0.7132,1
Unnamed Parking,-1.2856445,36.8132893,2026-08-03 08:00:00,8,0,0,0,50,100,1.0,37,0.7421,1
Unnamed Parking,-1.2597359,36.8182597,2026-08-03 08:00:00,8,0,0,0,50,100,1.0,45,0.9095,1
Unnamed Parking,-1.2641049,36.8117123,2026-08-03 08:00:00,8,0,0,0,50,100,1.0,43,0.8637,1
InterContinental Hotel Car Park,-1.2873717,36.8192911,2026-08-03 08:00:00,8,0,0,0,50,300,1.15,42,0.8353,1
Unnamed Parking,-1.25013,36.8202579,2026-08-03 08:00:00,8,0,0,0,50,100,1.16,43,0.8515,1
Olympic Bus Terminus,-1.3126351,36.7778212,2026-08-03 08:00:00,8,0,0,0,50,100,1.0,44,0.8778,1
Ayany Car Park,-1.3090339,36.7757579,2026-08-03 08:00:00,8,0,0,0,50,200,1.0,40,0.8068,1
Westgate Mall Car Park,-1.2566578,36.8035661,2026-08-03 08:00:00,8,0,0,0,50,50,1.0,39,0.7877,1
Student parking,-1.274479,36.805643,2026-08-03 08:00:00,8,0,0,0,50,100,1.0,43,0.8657,1
Kenton Rear Parking,-1.2809847,36.7869545,2026-08-03 08:00:00,8,0,0,0,50,100,1.0,39,0.7717,1
Unnamed Parking,-1.2553877,36.8667692,2026-08-03 08:00:00,8,0,0,0,50,100,1.0,44,0.8827,1
Unnamed Parking,-1.259848,36.8644681,2026-08-03 08:00:00,8,0,0,0,50,100,1.19,36,0.7138,1
Travel House Parking,-1.2861727,36.8214386,2026-08-03 08:00:00,8,0,0,0,50,100,1.18,47,0.9323,1
Lenana Parking Lot Area,-1.2900918,36.800209,2026-08-03 08:00:00,8,0,0,0,50,100,1.0,44,0.8878,1
Unnamed Parking,-1.2944773,36.8101427,2026-08-03 08:00:00,8,0,0,0,50,100,1.0,44,0.8705,1
Parking B,-1.2806414,36.8128716,2026-08-03 08:00:00,8,0,0,0,50,100,1.0,46,0.9286,1
MAIN PACKING,-1.2803274,36.8127162,2026-08-03 08:00:00,8,0,0,0,50,100,1.0,49,0.9832,0
YMCA STAFF PARKING,-1.2805756,36.8129968,2026-08-03 08:00:00,8,0,0,0,50,100,1.0,47,0.9311,1
Unnamed Parking,-1.2896057,36.8150615,2026-08-03 09:00:00,9,0,0,0,50,100,1.0,35,0.7027,1
Unnamed Parking,-1.2909796,36.8282672,2026-08-03 09:00:00,9,0,0,0,50,100,1.0,37,0.7476,1
Unnamed Parking,-1.2856445,36.8132893,2026-08-03 09:00:00,9,0,0,0,50,100,1.0,40,0.8,1
Unnamed Parking,-1.2597359,36.8182597,2026-08-03 09:00:00,9,0,0,0,50,100,1.0,43,0.8521,1
Unnamed Parking,-1.2641049,36.8117123,2026-08-03 09:00:00,9,0,0,0,50,100,1.0,45,0.8914,1
InterContinental Hotel Car Park,-1.2873717,36.8192911,2026-08-03 09:00:00,9,0,0,0,50,300,1.15,40,0.7919,1
Unnamed Parking,-1.25013,36.8202579,2026-08-03 09:00:00,9,0,0,0,50,100,1.16,43,0.8649,1
Olympic Bus Terminus,-1.3126351,36.7778212,2026-08-03 09:00:00,9,0,0,0,50,100,1.0,39,0.7896,1
Ayany Car Park,-1.3090339,36.7757579,2026-08-03 09:00:00,9,0,0,0,50,200,1.0,40,0.8011,1
Westgate Mall Car Park,-1.2566578,36.8035661,2026-08-03 09:00:00,9,0,0,0,50,50,1.0,37,0.7375,1
Student parking,-1.274479,36.805643,2026-08-03 09:00:00,9,0,0,0,50,100,1.0,39,0.7761,1
Kenton Rear Parking,-1.2809847,36.7869545,2026-08-03 09:00:00,9,0,0,0,50,100,1.0,37,0.7419,1
Unnamed Parking,-1.2553877,36.8667692,2026-08-03 09:00:00,9,0,0,0,50,100,1.0,39,0.7719,1
Unnamed Parking,-1.259848,36.8644681,2026-08-03 09:00:00,9,0,0,0,50,100,1.19,47,0.9343,1
Travel House Parking,-1.2861727,36.8214386,2026-08-03 09:00:00,9,0,0,0,50,100,1.18,39,0.774,1
Lenana Parking Lot Area,-1.2900918,36.800209,2026-08-03 09:00:00,9,0,0,0,50,100,1.0,50,1.0,0
Unnamed Parking,-1.2944773,36.8101427,2026-08-03 09:00:00,9,0,0,0,50,100,1.0,44,0.8895,1
Parking B,-1.2806414,36.8128716,2026-08-03 09:00:00,9,0,0,0,50,100,1.0,43,0.8648,1
MAIN PACKING,-1.2803274,36.8127162,2026-08-03 09:00:00,9,0,0,0,50,100,1.0,39,0.7813,1
YMCA STAFF PARKING,-1.2805756,36.8129968,2026-08-03 09:00:00,9,0,0,0,50,100,1.0,45,0.906,1
Unnamed Parking,-1.2896057,36.8150615,2026-08-03 10:00:00,10,0,0,0,50,100,1.0,40,0.8039,1
Unnamed Parking,-1.2909796,36.8282672,2026-08-03 10:00:00,10,0,0,0,50,100,1.0,43,0.8598,1
Unnamed Parking,-1.2856445,36.8132893,2026-08-03 10:00:00,10,0,0,0,50,100,1.0,50,1.0,0
Unnamed Parking,-1.2597359,36.8182597,2026-08-03 10:00:00,10,0,0,0,50,100,1.0,42,0.8423,1
Unnamed Parking,-1.2641049,36.8117123,2026-08-03 10:00:00,10,0,0,0,50,100,1.0,47,0.9419,1
InterContinental Hotel Car Park,-1.2873717,36.8192911,2026-08-03 10:00:00,10,0,0,0,50,300,1.15,40,0.7937,1
Unnamed Parking,-1.25013,36.8202579,2026-08-03 10:00:00,10,0,0,0,50,100,1.16,42,0.8472,1
Olympic Bus Terminus,-1.3126351,36.7778212,2026-08-03 10:00:00,10,0,0,0,50,100,1.0,50,0.9917,0
Ayany Car Park,-1.3090339,36.7757579,2026-08-03 10:00:00,10,0,0,0,50,200,1.0,40,0.7998,1
Westgate Mall Car Park,-1.2566578,36.8035661,2026-08-03 10:00:00,10,0,0,0,50,50,1.0,50,0.995,0
Student parking,-1.274479,36.805643,2026-08-03 10:00:00,10,0,0,0,50,100,1.0,45,0.9066,1
Kenton Rear Parking,-1.2809847,36.7869545,2026-08-03 10:00:00,10,0,0,0,50,100,1.0,40,0.805,1
Unnamed Parking,-1.2553877,36.8667692,2026-08-03 10:00:00,10,0,0,0,50,100,1.0,45,0.9006,1
Unnamed Parking,-1.259848,36.8644681,2026-08-03 10:00:00,10,0,0,0,50,100,1.19,46,0.9278,1
Travel House Parking,-1.2861727,36.8214386,2026-08-03 10:00:00,10,0,0,0,50,100,1.18,45,0.8997,1
Lenana Parking Lot Area,-1.2900918,36.800209,2026-08-03 10:00:00,10,0,0,0,50,100,1.0,36,0.7244,1
Unnamed Parking,-1.2944773,36.8101427,2026-08-03 10:00:00,10,0,0,0,50,100,1.0,40,0.7918,1
Parking B,-1.2806414,36.8128716,2026-08-03 10:00:00,10,0,0,0,50,100,1.0,42,0.8302,1
MAIN PACKING,-1.2803274,36.8127162,2026-08-03 10:00:00,10,0,0,0,50,100,1.0,42,0.844,1
YMCA STAFF PARKING,-1.2805756,36.8129968,2026-08-03 10:00:00,10,0,0,0,50,100,1.0,45,0.8997,1
Unnamed Parking,-1.2896057,36.8150615,2026-08-03 11:00:00,11,0,0,0,50,100,1.0,43,0.8642,1
Unnamed Parking,-1.2909796,36.8282672,2026-08-03 11:00:00,11,0,0,0,50,100,1.0,37,0.7432,1
Unnamed Parking,-1.2856445,36.8132893,2026-08-03 11:00:00,11,0,0,0,50,100,1.0,44,0.8804,1
Unnamed Parking,-1.2597359,36.8182597,2026-08-03 11:00:00,11,0,0,0,50,100,1.0,45,0.8988,1
Unnamed Parking,-1.2641049,36.8117123,2026-08-03 11:00:00,11,0,0,0,50,100,1.0,45,0.8948,1
InterContinental Hotel Car Park,-1.2873717,36.8192911,2026-08-03 11:00:00,11,0,0,0,50,300,1.15,47,0.9365,1
Unnamed Parking,-1.25013,36.8202579,2026-08-03 11:00:00,11,0,0,0,50,100,1.16,46,0.9167,1
Olympic Bus Terminus,-1.3126351,36.7778212,2026-08-03 11:00:00,11,0,0,0,50,100,1.0,44,0.8867,1
Ayany Car Park,-1.3090339,36.7757579,2026-08-03 11:00:00,11,0,0,0,50,200,1.0,42,0.8444,1
Westgate Mall Car Park,-1.2566578,36.8035661,2026-08-03 11:00:00,11,0,0,0,50,50,1.0,36,0.7171,1
Student parking,-1.274479,36.805643,2026-08-03 11:00:00,11,0,0,0,50,100,1.0,44,0.8844,1
Kenton Rear Parking,-1.2809847,36.7869545,2026-08-03 11:00:00,11,0,0,0,50,100,1.0,43,0.8666,1
Unnamed Parking,-1.2553877,36.8667692,2026-08-03 11:00:00,11,0,0,0,50,100,1.0,44,0.8717,1
Unnamed Parking,-1.259848,36.8644681,2026-08-03 11:00:00,11,0,0,0,50,100,1.19,37,0.7479,1
Travel House Parking,-1.2861727,36.8214386,2026-08-03 11:00:00,11,0,0,0,50,100,1.18,38,0.7635,1
Lenana Parking Lot Area,-1.2900918,36.800209,2026-08-03 11:00:00,11,0,0,0,50,100,1.0,47,0.9343,1
Unnamed Parking,-1.2944773,36.8101427,2026-08-03 11:00:00,11,0,0,0,50,100,1.0,42,0.8468,1
Parking B,-1.2806414,36.8128716,2026-08-03 11:00:00,11,0,0,0,50,100,1.0,45,0.9045,1
MAIN PACKING,-1.2803274,36.8127162,2026-08-03 11:00:00,11,0,0,0,50,100,1.0,43,0.8523,1
YMCA STAFF PARKING,-1.2805756,36.8129968,2026-08-03 11:00:00,11,0,0,0,50,100,1.0,43,0.8524,1
Unnamed Parking,-1.2896057,36.8150615,2026-08-03 12:00:00,12,0,0,0,50,100,1.0,39,0.7751,1
Unnamed Parking,-1.2909796,36.8282672,2026-08-03 12:00:00,12,0,0,0,50,100,1.0,33,0.6587,1
Unnamed Parking,-1.2856445,36.8132893,2026-08-03 12:00:00,12,0,0,0,50,100,1.0,35,0.7077,1
Unnamed Parking,-1.2597359,36.8182597,2026-08-03 12:00:00,12,0,0,0,50,100,1.0,33,0.663,1
Unnamed Parking,-1.2641049,36.8117123,2026-08-03 12:00:00,12,0,0,0,50,100,1.0,33,0.6652,1
InterContinental Hotel Car Park,-1.2873717,36.8192911,2026-08-03 12:00:00,12,0,0,0,50,300,1.15,34,0.6753,1
Unnamed Parking,-1.25013,36.8202579,2026-08-03 12:00:00,12,0,0,0,50,100,1.16,36,0.7178,1
Olympic Bus Terminus,-1.3126351,36.7778212,2026-08-03 12:00:00,12,0,0,0,50,100,1.0,33,0.6617,1
Ayany Car Park,-1.3090339,36.7757579,2026-08-03 12:00:00,12,0,0,0,50,200,1.0,40,0.8005,1
Westgate Mall Car Park,-1.2566578,36.8035661,2026-08-03 12:00:00,12,0,0,0,50,50,1.0,31,0.6284,1
Student parking,-1.274479,36.805643,2026-08-03 12:00:00,12,0,0,0,50,100,1.0,34,0.6851,1
Kenton Rear Parking,-1.2809847,36.7869545,2026-08-03 12:00:00,12,0,0,0,50,100,1.0,33,0.6648,1
Unnamed Parking,-1.2553877,36.8667692,2026-08-03 12:00:00,12,0,0,0,50,100,1.0,41,0.8158,1
Unnamed Parking,-1.259848,36.8644681,2026-08-03 12:00:00,12,0,0,0,50,100,1.19,36,0.7157,1
Travel House Parking,-1.2861727,36.8214386,2026-08-03 12:00:00,12,0,0,0,50,100,1.18,39,0.7825,1
Lenana Parking Lot Area,-1.2900918,36.800209,2026-08-03 12:00:00,12,0,0,0,50,100,1.0,29,0.5812,1
Unnamed Parking,-1.2944773,36.8101427,2026-08-03 12:00:00,12,0,0,0,50,100,1.0,36,0.7214,1
Parking B,-1.2806414,36.8128716,2026-08-03 12:00:00,12,0,0,0,50,100,1.0,39,0.7712,1
MAIN PACKING,-1.2803274,36.8127162,2026-08-03 12:00:00,12,0,0,0,50,100,1.0,35,0.7066,1
YMCA STAFF PARKING,-1.2805756,36.8129968,2026-08-03 12:00:00,12,0,0,0,50,100,1.0,39,0.7852,1
Unnamed Parking,-1.2896057,36.8150615,2026-08-03 13:00:00,13,0,0,0,50,100,1.0,40,0.8086,1
Unnamed Parking,-1.2909796,36.8282672,2026-08-03 13:00:00,13,0,0,0,50,100,1.0,48,0.9627,0
Unnamed Parking,-1.2856445,36.8132893,2026-08-03 13:00:00,13,0,0,0,50,100,1.0,50,1.0,0
Unnamed Parking,-1.2597359,36.8182597,2026-08-03 13:00:00,13,0,0,0,50,100,1.0,41,0.821,1
Unnamed Parking,-1.2641049,36.8117123,2026-08-03 13:00:00,13,0,0,0,50,100,1.0,41,0.8144,1
InterContinental Hotel Car Park,-1.2873717,36.8192911,2026-08-03 13:00:00,13,0,0,0,50,300,1.15,48,0.9663,0
Unnamed Parking,-1.25013,36.8202579,2026-08-03 13:00:00,13,0,0,0,50,100,1.16,49,0.9764,0
Olympic Bus Terminus,-1.3126351,36.7778212,2026-08-03 13:00:00,13,0,0,0,50,100,1.0,40,0.8082,1
Ayany Car Park,-1.3090339,36.7757579,2026-08-03 13:00:00,13,0,0,0,50,200,1.0,41,0.8164,1
Westgate Mall Car Park,-1.2566578,36.8035661,2026-08-03 13:00:00,13,0,0,0,50,50,1.0,41,0.8275,1
Student parking,-1.274479,36.805643,2026-08-03 13:00:00,13,0,0,0,50,100,1.0,37,0.7424,1
Kenton Rear Parking,-1.2809847,36.7869545,2026-08-03 13:00:00,13,0,0,0,50,100,1.0,39,0.7765,1
Unnamed Parking,-1.2553877,36.8667692,2026-08-03 13:00:00,13,0,0,0,50,100,1.0,38,0.7697,1
Unnamed Parking,-1.259848,36.8644681,2026-08-03 13:00:00,13,0,0,0,50,100,1.19,39,0.7886,1
Travel House Parking,-1.2861727,36.8214386,2026-08-03 13:00:00,13,0,0,0,50,100,1.18,42,0.8472,1
Lenana Parking Lot Area,-1.2900918,36.800209,2026-08-03 13:00:00,13,0,0,0,50,100,1.0,43,0.8687,1
Unnamed Parking,-1.2944773,36.8101427,2026-08-03 13:00:00,13,0,0,0,50,100,1.0,49,0.974,0
Parking B,-1.2806414,36.8128716,2026-08-03 13:00:00,13,0,0,0,50,100,1.0,39,0.7701,1
MAIN PACKING,-1.2803274,36.8127162,2026-08-03 13:00:00,13,0,0,0,50,100,1.0,46,0.9287,1
YMCA STAFF PARKING,-1.2805756,36.8129968,2026-08-03 13:00:00,13,0,0,0,50,100,1.0,42,0.8329,1
Unnamed Parking,-1.2896057,36.8150615,2026-08-03 14:00:00,14,0,0,0,50,100,1.0,42,0.846,1
Unnamed Parking,-1.2909796,36.8282672,2026-08-03 14:00:00,14,0,0,0,50,100,1.0,45,0.904,1
Unnamed Parking,-1.2856445,36.8132893,2026-08-03 14:00:00,14,0,0,0,50,100,1.0,38,0.7602,1
Unnamed Parking,-1.2597359,36.8182597,2026-08-03 14:00:00,14,0,0,0,50,100,1.0,44,0.8806,1
Unnamed Parking,-1.2641049,36.8117123,2026-08-03 14:00:00,14,0,0,0,50,100,1.0,43,0.8633,1
InterContinental Hotel Car Park,-1.2873717,36.8192911,2026-08-03 14:00:00,14,0,0,0,50,300,1.15,44,0.8894,1
Unnamed Parking,-1.25013,36.8202579,2026-08-03 14:00:00,14,0,0,0,50,100,1.16,44,0.8731,1
Olympic Bus Terminus,-1.3126351,36.7778212,2026-08-03 14:00:00,14,0,0,0,50,100,1.0,50,1.0,0
Ayany Car Park,-1.3090339,36.7757579,2026-08-03 14:00:00,14,0,0,0,50,200,1.0,40,0.799,1
Westgate Mall Car Park,-1.2566578,36.8035661,2026-08-03 14:00:00,14,0,0,0,50,50,1.0,40,0.8075,1
Student parking,-1.274479,36.805643,2026-08-03 14:00:00,14,0,0,0,50,100,1.0,40,0.8001,1
Kenton Rear Parking,-1.2809847,36.7869545,2026-08-03 14:00:00,14,0,0,0,50,100,1.0,40,0.8056,1
Unnamed Parking,-1.2553877,36.8667692,2026-08-03 14:00:00,14,0,0,0,50,100,1.0,40,0.799,1
Unnamed Parking,-1.259848,36.8644681,2026-08-03 14:00:00,14,0,0,0,50,100,1.19,47,0.9451,1
Travel House Parking,-1.2861727,36.8214386,2026-08-03 14:00:00,14,0,0,0,50,100,1.18,48,0.9636,0
Lenana Parking Lot Area,-1.2900918,36.800209,2026-08-03 14:00:00,14,0,0,0,50,100,1.0,40,0.8043,1
Unnamed Parking,-1.2944773,36.8101427,2026-08-03 14:00:00,14,0,0,0,50,100,1.0,39,0.7834,1
Parking B,-1.2806414,36.8128716,2026-08-03 14:00:00,14,0,0,0,50,100,1.0,44,0.8877,1
MAIN PACKING,-1.2803274,36.8127162,2026-08-03 14:00:00,14,0,0,0,50,100,1.0,40,0.8058,1
YMCA STAFF PARKING,-1.2805756,36.8129968,2026-08-03 14:00:00,14,0,0,0,50,100,1.0,45,0.9006,1
Unnamed Parking,-1.2896057,36.8150615,2026-08-03 15:00:00,15,0,0,0,50,100,1.0,43,0.8662,1
Unnamed Parking,-1.2909796,36.8282672,2026-08-03 15:00:00,15,0,0,0,50,100,1.0,36,0.7287,1
Unnamed Parking,-1.2856445,36.8132893,2026-08-03 15:00:00,15,0,0,0,50,100,1.0,49,0.9738,0
Unnamed Parking,-1.2597359,36.8182597,2026-08-03 15:00:00,15,0,0,0,50,100,1.0,50,0.9937,0
Unnamed Parking,-1.2641049,36.8117123,2026-08-03 15:00:00,15,0,0,0,50,100,1.0,40,0.801,1
InterContinental Hotel Car Park,-1.2873717,36.8192911,2026-08-03 15:00:00,15,0,0,0,50,300,1.15,41,0.819,1
Unnamed Parking,-1.25013,36.8202579,2026-08-03 15:00:00,15,0,0,0,50,100,1.16,44,0.8729,1
Olympic Bus Terminus,-1.3126351,36.7778212,2026-08-03 15:00:00,15,0,0,0,50,100,1.0,44,0.8768,1
Ayany Car Park,-1.3090339,36.7757579,2026-08-03 15:00:00,15,0,0,0,50,200,1.0,45,0.9027,1
Westgate Mall Car Park,-1.2566578,36.8035661,2026-08-03 15:00:00,15,0,0,0,50,50,1.0,50,1.0,0
Student parking,-1.274479,36.805643,2026-08-03 15:00:00,15,0,0,0,50,100,1.0,42,0.8358,1
Kenton Rear Parking,-1.2809847,36.7869545,2026-08-03 15:00:00,15,0,0,0,50,100,1.0,39,0.7861,1
Unnamed Parking,-1.2553877,36.8667692,2026-08-03 15:00:00,15,0,0,0,50,100,1.0,37,0.7397,1
Unnamed Parking,-1.259848,36.8644681,2026-08-03 15:00:00,15,0,0,0,50,100,1.19,40,0.7915,1
Travel House Parking,-1.2861727,36.8214386,2026-08-03 15:00:00,15,0,0,0,50,100,1.18,42,0.8473,1
Lenana Parking Lot Area,-1.2900918,36.800209,2026-08-03 15:00:00,15,0,0,0,50,100,1.0,50,0.9936,0
Unnamed Parking,-1.2944773,36.8101427,2026-08-03 15:00:00,15,0,0,0,50,100,1.0,40,0.8086,1
Parking B,-1.2806414,36.8128716,2026-08-03 15:00:00,15,0,0,0,50,100,1.0,43,0.8679,1
MAIN PACKING,-1.2803274,36.8127162,2026-08-03 15:00:00,15,0,0,0,50,100,1.0,42,0.8487,1
YMCA STAFF PARKING,-1.2805756,36.8129968,2026-08-03 15:00:00,15,0,0,0,50,100,1.0,47,0.9451,1
Unnamed Parking,-1.2896057,36.8150615,2026-08-03 16:00:00,16,0,0,0,50,100,1.0,50,1.0,0
Unnamed Parking,-1.2909796,36.8282672,2026-08-03 16:00:00,16,0,0,0,50,100,1.0,40,0.8075,1
Unnamed Parking,-1.2856445,36.8132893,2026-08-03 16:00:00,16,0,0,0,50,100,1.0,41,0.8108,1
Unnamed Parking,-1.2597359,36.8182597,2026-08-03 16:00:00,16,0,0,0,50,100,1.0,47,0.9335,1
Unnamed Parking,-1.2641049,36.8117123,2026-08-03 16:00:00,16,0,0,0,50,100,1.0,45,0.9046,1
InterContinental Hotel Car Park,-1.2873717,36.8192911,2026-08-03 16:00:00,16,0,0,0,50,300,1.15,50,0.9977,0
Unnamed Parking,-1.25013,36.8202579,2026-08-03 16:00:00,16,0,0,0,50,100,1.16,45,0.8967,1
Olympic Bus Terminus,-1.3126351,36.7778212,2026-08-03 16:00:00,16,0,0,0,50,100,1.0,41,0.8213,1
Ayany Car Park,-1.3090339,36.7757579,2026-08-03 16:00:00,16,0,0,0,50,200,1.0,45,0.8973,1
Westgate Mall Car Park,-1.2566578,36.8035661,2026-08-03 16:00:00,16,0,0,0,50,50,1.0,47,0.9387,1
Student parking,-1.274479,36.805643,2026-08-03 16:00:00,16,0,0,0,50,100,1.0,46,0.9156,1
Kenton Rear Parking,-1.2809847,36.7869545,2026-08-03 16:00:00,16,0,0,0,50,100,1.0,45,0.8906,1
Unnamed Parking,-1.2553877,36.8667692,2026-08-03 16:00:00,16,0,0,0,50,100,1.0,47,0.9353,1
Unnamed Parking,-1.259848,36.8644681,2026-08-03 16:00:00,16,0,0,0,50,100,1.19,47,0.9435,1
Travel House Parking,-1.2861727,36.8214386,2026-08-03 16:00:00,16,0,0,0,50,100,1.18,48,0.9606,0
Lenana Parking Lot Area,-1.2900918,36.800209,2026-08-03 16:00:00,16,0,0,0,50,100,1.0,45,0.9019,1
Unnamed Parking,-1.2944773,36.8101427,2026-08-03 16:00:00,16,0,0,0,50,100,1.0,42,0.8366,1
Parking B,-1.2806414,36.8128716,2026-08-03 16:00:00,16,0,0,0,50,100,1.0,43,0.8617,1
MAIN PACKING,-1.2803274,36.8127162,2026-08-03 16:00:00,16,0,0,0,50,100,1.0,47,0.9465,1
YMCA STAFF PARKING,-1.2805756,36.8129968,2026-08-03 16:00:00,16,0,0,0,50,100,1.0,39,0.7846,1
Unnamed Parking,-1.2896057,36.8150615,2026-08-03 17:00:00,17,0,0,0,50,100,1.0,36,0.7295,1
Unnamed Parking,-1.2909796,36.8282672,2026-08-03 17:00:00,17,0,0,0,50,100,1.0,33,0.6685,1
Unnamed Parking,-1.2856445,36.8132893,2026-08-03 17:00:00,17,0,0,0,50,100,1.0,35,0.7023,1
Unnamed Parking,-1.2597359,36.8182597,2026-08-03 17:00:00,17,0,0,0,50,100,1.0,40,0.8023,1
Unnamed Parking,-1.2641049,36.8117123,2026-08-03 17:00:00,17,0,0,0,50,100,1.0,36,0.7153,1
InterContinental Hotel Car Park,-1.2873717,36.8192911,2026-08-03 17:00:00,17,0,0,0,50,300,1.15,35,0.7037,1
Unnamed Parking,-1.25013,36.8202579,2026-08-03 17:00:00,17,0,0,0,50,100,1.16,30,0.5912,1
Olympic Bus Terminus,-1.3126351,36.7778212,2026-08-03 17:00:00,17,0,0,0,50,100,1.0,38,0.7597,1
Ayany Car Park,-1.3090339,36.7757579,2026-08-03 17:00:00,17,0,0,0,50,200,1.0,38,0.7516,1
Westgate Mall Car Park,-1.2566578,36.8035661,2026-08-03 17:00:00,17,0,0,0,50,50,1.0,44,0.8731,1
Student parking,-1.274479,36.805643,2026-08-03 17:00:00,17,0,0,0,50,100,1.0,34,0.6754,1
Kenton Rear Parking,-1.2809847,36.7869545,2026-08-03 17:00:00,17,0,0,0,50,100,1.0,36,0.7175,1
Unnamed Parking,-1.2553877,36.8667692,2026-08-03 17:00:00,17,0,0,0,50,100,1.0,36,0.72,1
Unnamed Parking,-1.259848,36.8644681,2026-08-03 17:00:00,17,0,0,0,50,100,1.19,41,0.8262,1
Travel House Parking,-1.2861727,36.8214386,2026-08-03 17:00:00,17,0,0,0,50,100,1.18,35,0.6924,1
Lenana Parking Lot Area,-1.2900918,36.800209,2026-08-03 17:00:00,17,0,0,0,50,100,1.0,36,0.7223,1
Unnamed Parking,-1.2944773,36.8101427,2026-08-03 17:00:00,17,0,0,0,50,100,1.0,37,0.7486,1
Parking B,-1.2806414,36.8128716,2026-08-03 17:00:00,17,0,0,0,50,100,1.0,36,0.7149,1
MAIN PACKING,-1.2803274,36.8127162,2026-08-03 17:00:00,17,0,0,0,50,100,1.0,33,0.6643,1
YMCA STAFF PARKING,-1.2805756,36.8129968,2026-08-03 17:00:00,17,0,0,0,50,100,1.0,36,0.7155,1
Unnamed Parking,-1.2896057,36.8150615,2026-08-03 18:00:00,18,0,0,0,50,100,1.0,39,0.7859,1
Unnamed Parking,-1.2909796,36.8282672,2026-08-03 18:00:00,18,0,0,0,50,100,1.0,31,0.6179,1
Unnamed Parking,-1.2856445,36.8132893,2026-08-03 18:00:00,18,0,0,0,50,100,1.0,36,0.7106,1
Unnamed Parking,-1.2597359,36.8182597,2026-08-03 18:00:00,18,0,0,0,50,100,1.0,32,0.644,1
Unnamed Parking,-1.2641049,36.8117123,2026-08-03 18:00:00,18,0,0,0,50,100,1.0,40,0.7956,1
InterContinental Hotel Car Park,-1.2873717,36.8192911,2026-08-03 18:00:00,18,0,0,0,50,300,1.15,29,0.5781,1
Unnamed Parking,-1.25013,36.8202579,2026-08-03 18:00:00,18,0,0,0,50,100,1.16,33,0.6553,1
Olympic Bus Terminus,-1.3126351,36.7778212,2026-08-03 18:00:00,18,0,0,0,50,100,1.0,37,0.7302,1
Ayany Car Park,-1.3090339,36.7757579,2026-08-03 18:00:00,18,0,0,0,50,200,1.0,41,0.8252,1
Westgate Mall Car Park,-1.2566578,36.8035661,2026-08-03 18:00:00,18,0,0,0,50,50,1.0,35,0.6947,1
Student parking,-1.274479,36.805643,2026-08-03 18:00:00,18,0,0,0,50,100,1.0,33,0.6556,1
Kenton Rear Parking,-1.2809847,36.7869545,2026-08-03 18:00:00,18,0,0,0,50,100,1.0,43,0.8505,1
Unnamed Parking,-1.2553877,36.8667692,2026-08-03 18:00:00,18,0,0,0,50,100,1.0,29,0.5842,1
Unnamed Parking,-1.259848,36.8644681,2026-08-03 18:00:00,18,0,0,0,50,100,1.19,26,0.5241,1
Travel House Parking,-1.2861727,36.8214386,2026-08-03 18:00:00,18,0,0,0,50,100,1.18,37,0.7352,1
Lenana Parking Lot Area,-1.2900918,36.800209,2026-08-03 18:00:00,18,0,0,0,50,100,1.0,33,0.6598,1
Unnamed Parking,-1.2944773,36.8101427,2026-08-03 18:00:00,18,0,0,0,50,100,1.0,31,0.6183,1
Parking B,-1.2806414,36.8128716,2026-08-03 18:00:00,18,0,0,0,50,100,1.0,38,0.7567,1
MAIN PACKING,-1.2803274,36.8127162,2026-08-03 18:00:00,18,0,0,0,50,100,1.0,36,0.7195,1
YMCA STAFF PARKING,-1.2805756,36.8129968,2026-08-03 18:00:00,18,0,0,0,50,100,1.0,33,0.6549,1
Unnamed Parking,-1.2896057,36.8150615,2026-08-03 19:00:00,19,0,0,0,50,100,1.0,15,0.2976,1
Unnamed Parking,-1.2909796,36.8282672,2026-08-03 19:00:00,19,0,0,0,50,100,1.0,23,0.4698,1
Unnamed Parking,-1.2856445,36.8132893,2026-08-03 19:00:00,19,0,0,0,50,100,1.0,23,0.452,1
Unnamed Parking,-1.2597359,36.8182597,2026-08-03 19:00:00,19,0,0,0,50,100,1.0,20,0.3921,1
Unnamed Parking,-1.2641049,36.8117123,2026-08-03 19:00:00,19,0,0,0,50,100,1.0,27,0.5477,1
InterContinental Hotel Car Park,-1.2873717,36.8192911,2026-08-03 19:00:00,19,0,0,0,50,300,1.15,16,0.3144,1
Unnamed Parking,-1.25013,36.8202579,2026-08-03 19:00:00,19,0,0,0,50,100,1.16,14,0.278,1
Olympic Bus Terminus,-1.3126351,36.7778212,2026-08-03 19:00:00,19,0,0,0,50,100,1.0,17,0.3446,1
Ayany Car Park,-1.3090339,36.7757579,2026-08-03 19:00:00,19,0,0,0,50,200,1.0,20,0.3964,1
Westgate Mall Car Park,-1.2566578,36.8035661,2026-08-03 19:00:00,19,0,0,0,50,50,1.0,21,0.4195,1
Student parking,-1.274479,36.805643,2026-08-03 19:00:00,19,0,0,0,50,100,1.0,19,0.3807,1
Kenton Rear Parking,-1.2809847,36.7869545,2026-08-03 19:00:00,19,0,0,0,50,100,1.0,21,0.4282,1
Unnamed Parking,-1.2553877,36.8667692,2026-08-03 19:00:00,19,0,0,0,50,100,1.0,15,0.2999,1
Unnamed Parking,-1.259848,36.8644681,2026-08-03 19:00:00,19,0,0,0,50,100,1.19,26,0.5155,1
Travel House Parking,-1.2861727,36.8214386,2026-08-03 19:00:00,19,0,0,0,50,100,1.18,20,0.3934,1
Lenana Parking Lot Area,-1.2900918,36.800209,2026-08-03 19:00:00,19,0,0,0,50,100,1.0,24,0.4894,1
Unnamed Parking,-1.2944773,36.8101427,2026-08-03 19:00:00,19,0,0,0,50,100,1.0,21,0.4274,1
Parking B,-1.2806414,36.8128716,2026-08-03 19:00:00,19,0,0,0,50,100,1.0,22,0.4365,1
MAIN PACKING,-1.2803274,36.8127162,2026-08-03 19:00:00,19,0,0,0,50,100,1.0,22,0.4456,1
YMCA STAFF PARKING,-1.2805756,36.8129968,2026-08-03 19:00:00,19,0,0,0,50,100,1.0,22,0.4358,1
Unnamed Parking,-1.2896057,36.8150615,2026-08-03 20:00:00,20,0,0,0,50,100,1.0,23,0.4514,1
Unnamed Parking,-1.2909796,36.8282672,2026-08-03 20:00:00,20,0,0,0,50,100,1.0,25,0.5063,1
Unnamed Parking,-1.2856445,36.8132893,2026-08-03 20:00:00,20,0,0,0,50,100,1.0,21,0.4157,1
Unnamed Parking,-1.2597359,36.8182597,2026-08-03 20:00:00,20,0,0,0,50,100,1.0,23,0.4567,1
Unnamed Parking,-1.2641049,36.8117123,2026-08-03 20:00:00,20,0,0,0,50,100,1.0,20,0.3928,1
InterContinental Hotel Car Park,-1.2873717,36.8192911,2026-08-03 20:00:00,20,0,0,0,50,300,1.15,26,0.5152,1
Unnamed Parking,-1.25013,36.8202579,2026-08-03 20:00:00,20,0,0,0,50,100,1.16,17,0.3459,1
Olympic Bus Terminus,-1.3126351,36.7778212,2026-08-03 20:00:00,20,0,0,0,50,100,1.0,27,0.5441,1
Ayany Car Park,-1.3090339,36.7757579,2026-08-03 20:00:00,20,0,0,0,50,200,1.0,20,0.3968,1
Westgate Mall Car Park,-1.2566578,36.8035661,2026-08-03 20:00:00,20,0,0,0,50,50,1.0,14,0.2855,1
Student parking,-1.274479,36.805643,2026-08-03 20:00:00,20,0,0,0,50,100,1.0,21,0.4102,1
Kenton Rear Parking,-1.2809847,36.7869545,2026-08-03 20:00:00,20,0,0,0,50,100,1.0,17,0.3455,1
Unnamed Parking,-1.2553877,36.8667692,2026-08-03 20:00:00,20,0,0,0,50,100,1.0,23,0.4673,1
Unnamed Parking,-1.259848,36.8644681,2026-08-03 20:00:00,20,0,0,0,50,100,1.19,17,0.3478,1
Travel House Parking,-1.2861727,36.8214386,2026-08-03 20:00:00,20,0,0,0,50,100,1.18,18,0.3643,1
Lenana Parking Lot Area,-1.2900918,36.800209,2026-08-03 20:00:00,20,0,0,0,50,100,1.0,12,0.2488,1
Unnamed Parking,-1.2944773,36.8101427,2026-08-03 20:00:00,20,0,0,0,50,100,1.0,18,0.3638,1
Parking B,-1.2806414,36.8128716,2026-08-03 20:00:00,20,0,0,0,50,100,1.0,10,0.2061,1
MAIN PACKING,-1.2803274,36.8127162,2026-08-03 20:00:00,20,0,0,0,50,100,1.0,14,0.2733,1
YMCA STAFF PARKING,-1.2805756,36.8129968,2026-08-03 20:00:00,20,0,0,0,50,100,1.0,23,0.4608,1
Unnamed Parking,-1.2896057,36.8150615,2026-08-03 21:00:00,21,0,0,0,50,100,1.0,23,0.4629,1
Unnamed Parking,-1.2909796,36.8282672,2026-08-03 21:00:00,21,0,0,0,50,100,1.0,22,0.434,1
Unnamed Parking,-1.2856445,36.8132893,2026-08-03 21:00:00,21,0,0,0,50,100,1.0,16,0.3226,1
Unnamed Parking,-1.2597359,36.8182597,2026-08-03 21:00:00,21,0,0,0,50,100,1.0,20,0.3962,1
Unnamed Parking,-1.2641049,36.8117123,2026-08-03 21:00:00,21,0,0,0,50,100,1.0,20,0.3997,1
InterContinental Hotel Car Park,-1.2873717,36.8192911,2026-08-03 21:00:00,21,0,0,0,50,300,1.15,15,0.3073,1
Unnamed Parking,-1.25013,36.8202579,2026-08-03 21:00:00,21,0,0,0,50,100,1.16,26,0.5203,1
Olympic Bus Terminus,-1.3126351,36.7778212,2026-08-03 21:00:00,21,0,0,0,50,100,1.0,24,0.4702,1
Ayany Car Park,-1.3090339,36.7757579,2026-08-03 21:00:00,21,0,0,0,50,200,1.0,19,0.3823,1
Westgate Mall Car Park,-1.2566578,36.8035661,2026-08-03 21:00:00,21,0,0,0,50,50,1.0,20,0.4022,1
Student parking,-1.274479,36.805643,2026-08-03 21:00:00,21,0,0,0,50,100,1.0,21,0.4167,1
Kenton Rear Parking,-1.2809847,36.7869545,2026-08-03 21:00:00,21,0,0,0,50,100,1.0,12,0.2367,1
Unnamed Parking,-1.2553877,36.8667692,2026-08-03 21:00:00,21,0,0,0,50,100,1.0,19,0.3802,1
Unnamed Parking,-1.259848,36.8644681,2026-08-03 21:00:00,21,0,0,0,50,100,1.19,17,0.3454,1
Travel House Parking,-1.2861727,36.8214386,2026-08-03 21:00:00,21,0,0,0,50,100,1.18,16,0.3199,1
Lenana Parking Lot Area,-1.2900918,36.800209,2026-08-03 21:00:00,21,0,0,0,50,100,1.0,19,0.3775,1
Unnamed Parking,-1.2944773,36.8101427,2026-08-03 21:00:00,21,0,0,0,50,100,1.0,27,0.5438,1
Parking B,-1.2806414,36.8128716,2026-08-03 21:00:00,21,0,0,0,50,100,1.0,23,0.4513,1
MAIN PACKING,-1.2803274,36.8127162,2026-08-03 21:00:00,21,0,0,0,50,100,1.0,18,0.3543,1
YMCA STAFF PARKING,-1.2805756,36.8129968,2026-08-03 21:00:00,21,0,0,0,50,100,1.0,22,0.4458,1
Unnamed Parking,-1.2896057,36.8150615,2026-08-03 22:00:00,22,0,0,0,50,100,1.0,26,0.5119,1
Unnamed Parking,-1.2909796,36.8282672,2026-08-03 22:00:00,22,0,0,0,50,100,1.0,24,0.474,1
Unnamed Parking,-1.2856445,36.8132893,2026-08-03 22:00:00,22,0,0,0,50,100,1.0,20,0.4048,1
Unnamed Parking,-1.2597359,36.8182597,2026-08-03 22:00:00,22,0,0,0,50,100,1.0,17,0.3482,1
Unnamed Parking,-1.2641049,36.8117123,2026-08-03 22:00:00,22,0,0,0,50,100,1.0,23,0.4559,1
InterContinental Hotel Car Park,-1.2873717,36.8192911,2026-08-03 22:00:00,22,0,0,0,50,300,1.15,22,0.4315,1
Unnamed Parking,-1.25013,36.8202579,2026-08-03 22:00:00,22,0,0,0,50,100,1.16,24,0.4716,1
Olympic Bus Terminus,-1.3126351,36.7778212,2026-08-03 22:00:00,22,0,0,0,50,100,1.0,23,0.4508,1
Ayany Car Park,-1.3090339,36.7757579,2026-08-03 22:00:00,22,0,0,0,50,200,1.0,24,0.484,1
Westgate Mall Car Park,-1.2566578,36.8035661,2026-08-03 22:00:00,22,0,0,0,50,50,1.0,18,0.3572,1
Student parking,-1.274479,36.805643,2026-08-03 22:00:00,22,0,0,0,50,100,1.0,25,0.5054,1
Kenton Rear Parking,-1.2809847,36.7869545,2026-08-03 22:00:00,22,0,0,0,50,100,1.0,21,0.4158,1
Unnamed Parking,-1.2553877,36.8667692,2026-08-03 22:00:00,22,0,0,0,50,100,1.0,28,0.566,1
Unnamed Parking,-1.259848,36.8644681,2026-08-03 22:00:00,22,0,0,0,50,100,1.19,17,0.3449,1
Travel House Parking,-1.2861727,36.8214386,2026-08-03 22:00:00,22,0,0,0,50,100,1.18,27,0.5389,1
Lenana Parking Lot Area,-1.2900918,36.800209,2026-08-03 22:00:00,22,0,0,0,50,100,1.0,21,0.4158,1
Unnamed Parking,-1.2944773,36.8101427,2026-08-03 22:00:00,22,0,0,0,50,100,1.0,17,0.3479,1
Parking B,-1.2806414,36.8128716,2026-08-03 22:00:00,22,0,0,0,50,100,1.0,18,0.3613,1
MAIN PACKING,-1.2803274,36.8127162,2026-08-03 22:00:00,22,0,0,0,50,100,1.0,19,0.3744,1
YMCA STAFF PARKING,-1.2805756,36.8129968,2026-08-03 22:00:00,22,0,0,0,50,100,1.0,22,0.4339,1
Unnamed Parking,-1.2896057,36.8150615,2026-08-04 06:00:00,6,1,0,0,50,100,1.0,22,0.4418,1
Unnamed Parking,-1.2909796,36.8282672,2026-08-04 06:00:00,6,1,0,0,50,100,1.0,18,0.3541,1
Unnamed Parking,-1.2856445,36.8132893,2026-08-04 06:00:00,6,1,0,0,50,100,1.0,20,0.3981,1
Unnamed Parking,-1.2597359,36.8182597,2026-08-04 06:00:00,6,1,0,0,50,100,1.0,29,0.5714,1
Unnamed Parking,-1.2641049,36.8117123,2026-08-04 06:00:00,6,1,0,0,50,100,1.0,27,0.5382,1
InterContinental Hotel Car Park,-1.2873717,36.8192911,2026-08-04 06:00:00,6,1,0,0,50,300,1.15,22,0.4349,1
Unnamed Parking,-1.25013,36.8202579,2026-08-04 06:00:00,6,1,0,0,50,100,1.16,20,0.403,1
Olympic Bus Terminus,-1.3126351,36.7778212,2026-08-04 06:00:00,6,1,0,0,50,100,1.0,20,0.4096,1
Ayany Car Park,-1.3090339,36.7757579,2026-08-04 06:00:00,6,1,0,0,50,200,1.0,22,0.4491,1
Westgate Mall Car Park,-1.2566578,36.8035661,2026-08-04 06:00:00,6,1,0,0,50,50,1.0,16,0.3182,1
Student parking,-1.274479,36.805643,2026-08-04 06:00:00,6,1,0,0,50,100,1.0,19,0.3794,1
Kenton Rear Parking,-1.2809847,36.7869545,2026-08-04 06:00:00,6,1,0,0,50,100,1.0,13,0.2665,1
Unnamed Parking,-1.2553877,36.8667692,2026-08-04 06:00:00,6,1,0,0,50,100,1.0,22,0.4319,1
Unnamed Parking,-1.259848,36.8644681,2026-08-04 06:00:00,6,1,0,0,50,100,1.19,23,0.4518,1
Travel House Parking,-1.2861727,36.8214386,2026-08-04 06:00:00,6,1,0,0,50,100,1.18,18,0.3613,1
Lenana Parking Lot Area,-1.2900918,36.800209,2026-08-04 06:00:00,6,1,0,0,50,100,1.0,26,0.5259,1
Unnamed Parking,-1.2944773,36.8101427,2026-08-04 06:00:00,6,1,0,0,50,100,1.0,15,0.3019,1
Parking B,-1.2806414,36.8128716,2026-08-04 06:00:00,6,1,0,0,50,100,1.0,14,0.2829,1
MAIN PACKING,-1.2803274,36.8127162,2026-08-04 06:00:00,6,1,0,0,50,100,1.0,21,0.418,1
YMCA STAFF PARKING,-1.2805756,36.8129968,2026-08-04 06:00:00,6,1,0,0,50,100,1.0,24,0.4838,1
Unnamed Parking,-1.2896057,36.8150615,2026-08-04 07:00:00,7,1,0,0,50,100,1.0,27,0.5347,1
Unnamed Parking,-1.2909796,36.8282672,2026-08-04 07:00:00,7,1,0,0,50,100,1.0,18,0.3633,1
Unnamed Parking,-1.2856445,36.8132893,2026-08-04 07:00:00,7,1,0,0,50,100,1.0,24,0.4863,1
Unnamed Parking,-1.2597359,36.8182597,2026-08-04 07:00:00,7,1,0,0,50,100,1.0,20,0.3969,1
Unnamed Parking,-1.2641049,36.8117123,2026-08-04 07:00:00,7,1,0,0,50,100,1.0,19,0.3862,1
InterContinental Hotel Car Park,-1.2873717,36.8192911,2026-08-04 07:00:00,7,1,0,0,50,300,1.15,24,0.4707,1
Unnamed Parking,-1.25013,36.8202579,2026-08-04 07:00:00,7,1,0,0,50,100,1.16,23,0.4522,1
Olympic Bus Terminus,-1.3126351,36.7778212,2026-08-04 07:00:00,7,1,0,0,50,100,1.0,14,0.2739,1
Ayany Car Park,-1.3090339,36.7757579,2026-08-04 07:00:00,7,1,0,0,50,200,1.0,26,0.5181,1
Westgate Mall Car Park,-1.2566578,36.8035661,2026-08-04 07:00:00,7,1,0,0,50,50,1.0,26,0.5104,1
Student parking,-1.274479,36.805643,2026-08-04 07:00:00,7,1,0,0,50,100,1.0,17,0.35,1
Kenton Rear Parking,-1.2809847,36.7869545,2026-08-04 07:00:00,7,1,0,0,50,100,1.0,22,0.4317,1
Unnamed Parking,-1.2553877,36.8667692,2026-08-04 07:00:00,7,1,0,0,50,100,1.0,22,0.4395,1
Unnamed Parking,-1.259848,36.8644681,2026-08-04 07:00:00,7,1,0,0,50,100,1.19,21,0.4209,1
Travel House Parking,-1.2861727,36.8214386,2026-08-04 07:00:00,7,1,0,0,50,100,1.18,18,0.356,1
Lenana Parking Lot Area,-1.2900918,36.800209,2026-08-04 07:00:00,7,1,0,0,50,100,1.0,17,0.3463,1
Unnamed Parking,-1.2944773,36.8101427,2026-08-04 07:00:00,7,1,0,0,50,100,1.0,20,0.398,1
Parking B,-1.2806414,36.8128716,2026-08-04 07:00:00,7,1,0,0,50,100,1.0,25,0.4938,1
MAIN PACKING,-1.2803274,36.8127162,2026-08-04 07:00:00,7,1,0,0,50,100,1.0,22,0.4435,1
YMCA STAFF PARKING,-1.2805756,36.8129968,2026-08-04 07:00:00,7,1,0,0,50,100,1.0,19,0.3704,1
Unnamed Parking,-1.2896057,36.8150615,2026-08-04 08:00:00,8,1,0,0,50,100,1.0,46,0.9117,1
Unnamed Parking,-1.2909796,36.8282672,2026-08-04 08:00:00,8,1,0,0,50,100,1.0,31,0.6221,1
Unnamed Parking,-1.2856445,36.8132893,2026-08-04 08:00:00,8,1,0,0,50,100,1.0,47,0.9419,1
Unnamed Parking,-1.2597359,36.8182597,2026-08-04 08:00:00,8,1,0,0,50,100,1.0,36,0.7108,1
Unnamed Parking,-1.2641049,36.8117123,2026-08-04 08:00:00,8,1,0,0,50,100,1.0,41,0.821,1
InterContinental Hotel Car Park,-1.2873717,36.8192911,2026-08-04 08:00:00,8,1,0,0,50,300,1.15,38,0.7604,1
Unnamed Parking,-1.25013,36.8202579,2026-08-04 08:00:00,8,1,0,0,50,100,1.16,37,0.7464,1
Olympic Bus Terminus,-1.3126351,36.7778212,2026-08-04 08:00:00,8,1,0,0,50,100,1.0,47,0.9429,1
Ayany Car Park,-1.3090339,36.7757579,2026-08-04 08:00:00,8,1,0,0,50,200,1.0,41,0.8126,1
Westgate Mall Car Park,-1.2566578,36.8035661,2026-08-04 08:00:00,8,1,0,0,50,50,1.0,44,0.8777,1
Student parking,-1.274479,36.805643,2026-08-04 08:00:00,8,1,0,0,50,100,1.0,42,0.8462,1
Kenton Rear Parking,-1.2809847,36.7869545,2026-08-04 08:00:00,8,1,0,0,50,100,1.0,44,0.8882,1
Unnamed Parking,-1.2553877,36.8667692,2026-08-04 08:00:00,8,1,0,0,50,100,1.0,43,0.8561,1
Unnamed Parking,-1.259848,36.8644681,2026-08-04 08:00:00,8,1,0,0,50,100,1.19,37,0.7474,1
Travel House Parking,-1.2861727,36.8214386,2026-08-04 08:00:00,8,1,0,0,50,100,1.18,46,0.9297,1
Lenana Parking Lot Area,-1.2900918,36.800209,2026-08-04 08:00:00,8,1,0,0,50,100,1.0,41,0.8105,1
Unnamed Parking,-1.2944773,36.8101427,2026-08-04 08:00:00,8,1,0,0,50,100,1.0,36,0.7255,1
Parking B,-1.2806414,36.8128716,2026-08-04 08:00:00,8,1,0,0,50,100,1.0,41,0.8158,1
MAIN PACKING,-1.2803274,36.8127162,2026-08-04 08:00:00,8,1,0,0,50,100,1.0,49,0.9701,0
YMCA STAFF PARKING,-1.2805756,36.8129968,2026-08-04 08:00:00,8,1,0,0,50,100,1.0,46,0.918,1
Unnamed Parking,-1.2896057,36.8150615,2026-08-04 09:00:00,9,1,0,0,50,100,1.0,41,0.8221,1
Unnamed Parking,-1.2909796,36.8282672,2026-08-04 09:00:00,9,1,0,0,50,100,1.0,41,0.8221,1
Unnamed Parking,-1.2856445,36.8132893,2026-08-04 09:00:00,9,1,0,0,50,100,1.0,41,0.8243,1
Unnamed Parking,-1.2597359,36.8182597,2026-08-04 09:00:00,9,1,0,0,50,100,1.0,50,1.0,0
Unnamed Parking,-1.2641049,36.8117123,2026-08-04 09:00:00,9,1,0,0,50,100,1.0,44,0.8806,1
InterContinental Hotel Car Park,-1.2873717,36.8192911,2026-08-04 09:00:00,9,1,0,0,50,300,1.15,44,0.8844,1
Unnamed Parking,-1.25013,36.8202579,2026-08-04 09:00:00,9,1,0,0,50,100,1.16,47,0.9324,1
Olympic Bus Terminus,-1.3126351,36.7778212,2026-08-04 09:00:00,9,1,0,0,50,100,1.0,43,0.8691,1
Ayany Car Park,-1.3090339,36.7757579,2026-08-04 09:00:00,9,1,0,0,50,200,1.0,41,0.8293,1
Westgate Mall Car Park,-1.2566578,36.8035661,2026-08-04 09:00:00,9,1,0,0,50,50,1.0,42,0.8343,1
Student parking,-1.274479,36.805643,2026-08-04 09:00:00,9,1,0,0,50,100,1.0,42,0.8443,1
Kenton Rear Parking,-1.2809847,36.7869545,2026-08-04 09:00:00,9,1,0,0,50,100,1.0,42,0.847,1
Unnamed Parking,-1.2553877,36.8667692,2026-08-04 09:00:00,9,1,0,0,50,100,1.0,45,0.9082,1
Unnamed Parking,-1.259848,36.8644681,2026-08-04 09:00:00,9,1,0,0,50,100,1.19,43,0.8542,1
Travel House Parking,-1.2861727,36.8214386,2026-08-04 09:00:00,9,1,0,0,50,100,1.18,45,0.9086,1
Lenana Parking Lot Area,-1.2900918,36.800209,2026-08-04 09:00:00,9,1,0,0,50,100,1.0,42,0.8435,1
Unnamed Parking,-1.2944773,36.8101427,2026-08-04 09:00:00,9,1,0,0,50,100,1.0,43,0.8563,1
Parking B,-1.2806414,36.8128716,2026-08-04 09:00:00,9,1,0,0,50,100,1.0,35,0.6901,1
MAIN PACKING,-1.2803274,36.8127162,2026-08-04 09:00:00,9,1,0,0,50,100,1.0,46,0.9233,1
YMCA STAFF PARKING,-1.2805756,36.8129968,2026-08-04 09:00:00,9,1,0,0,50,100,1.0,44,0.8777,1
Unnamed Parking,-1.2896057,36.8150615,2026-08-04 10:00:00,10,1,0,0,50,100,1.0,46,0.9298,1
Unnamed Parking,-1.2909796,36.8282672,2026-08-04 10:00:00,10,1,0,0,50,100,1.0,31,0.6183,1
Unnamed Parking,-1.2856445,36.8132893,2026-08-04 10:00:00,10,1,0,0,50,100,1.0,50,1.0,0
Unnamed Parking,-1.2597359,36.8182597,2026-08-04 10:00:00,10,1,0,0,50,100,1.0,42,0.8388,1
Unnamed Parking,-1.2641049,36.8117123,2026-08-04 10:00:00,10,1,0,0,50,100,1.0,47,0.9387,1
InterContinental Hotel Car Park,-1.2873717,36.8192911,2026-08-04 10:00:00,10,1,0,0,50,300,1.15,38,0.7668,1
Unnamed Parking,-1.25013,36.8202579,2026-08-04 10:00:00,10,1,0,0,50,100,1.16,45,0.899,1
Olympic Bus Terminus,-1.3126351,36.7778212,2026-08-04 10:00:00,10,1,0,0,50,100,1.0,38,0.7657,1
Ayany Car Park,-1.3090339,36.7757579,2026-08-04 10:00:00,10,1,0,0,50,200,1.0,40,0.8001,1
Westgate Mall Car Park,-1.2566578,36.8035661,2026-08-04 10:00:00,10,1,0,0,50,50,1.0,50,1.0,0
Student parking,-1.274479,36.805643,2026-08-04 10:00:00,10,1,0,0,50,100,1.0,42,0.8347,1
Kenton Rear Parking,-1.2809847,36.7869545,2026-08-04 10:00:00,10,1,0,0,50,100,1.0,43,0.8674,1
Unnamed Parking,-1.2553877,36.8667692,2026-08-04 10:00:00,10,1,0,0,50,100,1.0,46,0.9196,1
Unnamed Parking,-1.259848,36.8644681,2026-08-04 10:00:00,10,1,0,0,50,100,1.19,44,0.8897,1
Travel House Parking,-1.2861727,36.8214386,2026-08-04 10:00:00,10,1,0,0,50,100,1.18,43,0.862,1
Lenana Parking Lot Area,-1.2900918,36.800209,2026-08-04 10:00:00,10,1,0,0,50,100,1.0,44,0.8792,1
Unnamed Parking,-1.2944773,36.8101427,2026-08-04 10:00:00,10,1,0,0,50,100,1.0,50,1.0,0
Parking B,-1.2806414,36.8128716,2026-08-04 10:00:00,10,1,0,0,50,100,1.0,42,0.8454,1
MAIN PACKING,-1.2803274,36.8127162,2026-08-04 10:00:00,10,1,0,0,50,100,1.0,43,0.8661,1
YMCA STAFF PARKING,-1.2805756,36.8129968,2026-08-04 10:00:00,10,1,0,0,50,100,1.0,47,0.9341,1
Unnamed Parking,-1.2896057,36.8150615,2026-08-04 11:00:00,11,1,0,0,50,100,1.0,47,0.9384,1
Unnamed Parking,-1.2909796,36.8282672,2026-08-04 11:00:00,11,1,0,0,50,100,1.0,47,0.945,1
Unnamed Parking,-1.2856445,36.8132893,2026-08-04 11:00:00,11,1,0,0,50,100,1.0,45,0.9011,1
Unnamed Parking,-1.2597359,36.8182597,2026-08-04 11:00:00,11,1,0,0,50,100,1.0,38,0.7586,1
Unnamed Parking,-1.2641049,36.8117123,2026-08-04 11:00:00,11,1,0,0,50,100,1.0,49,0.9807,0
InterContinental Hotel Car Park,-1.2873717,36.8192911,2026-08-04 11:00:00,11,1,0,0,50,300,1.15,38,0.7583,1
Unnamed Parking,-1.25013,36.8202579,2026-08-04 11:00:00,11,1,0,0,50,100,1.16,44,0.8742,1
Olympic Bus Terminus,-1.3126351,36.7778212,2026-08-04 11:00:00,11,1,0,0,50,100,1.0,39,0.7897,1
Ayany Car Park,-1.3090339,36.7757579,2026-08-04 11:00:00,11,1,0,0,50,200,1.0,42,0.8449,1
Westgate Mall Car Park,-1.2566578,36.8035661,2026-08-04 11:00:00,11,1,0,0,50,50,1.0,44,0.8763,1
Student parking,-1.274479,36.805643,2026-08-04 11:00:00,11,1,0,0,50,100,1.0,44,0.8757,1
Kenton Rear Parking,-1.2809847,36.7869545,2026-08-04 11:00:00,11,1,0,0,50,100,1.0,44,0.8838,1
Unnamed Parking,-1.2553877,36.8667692,2026-08-04 11:00:00,11,1,0,0,50,100,1.0,49,0.9791,0
Unnamed Parking,-1.259848,36.8644681,2026-08-04 11:00:00,11,1,0,0,50,100,1.19,44,0.8863,1
Travel House Parking,-1.2861727,36.8214386,2026-08-04 11:00:00,11,1,0,0,50,100,1.18,42,0.8305,1
Lenana Parking Lot Area,-1.2900918,36.800209,2026-08-04 11:00:00,11,1,0,0,50,100,1.0,46,0.9271,1
Unnamed Parking,-1.2944773,36.8101427,2026-08-04 11:00:00,11,1,0,0,50,100,1.0,47,0.9452,1
Parking B,-1.2806414,36.8128716,2026-08-04 11:00:00,11,1,0,0,50,100,1.0,38,0.7518,1
MAIN PACKING,-1.2803274,36.8127162,2026-08-04 11:00:00,11,1,0,0,50,100,1.0,45,0.8978,1
YMCA STAFF PARKING,-1.2805756,36.8129968,2026-08-04 11:00:00,11,1,0,0,50,100,1.0,45,0.9061,1
Unnamed Parking,-1.2896057,36.8150615,2026-08-04 12:00:00,12,1,0,0,50,100,1.0,34,0.6762,1
Unnamed Parking,-1.2909796,36.8282672,2026-08-04 12:00:00,12,1,0,0,50,100,1.0,41,0.8101,1
Unnamed Parking,-1.2856445,36.8132893,2026-08-04 12:00:00,12,1,0,0,50,100,1.0,34,0.688,1
Unnamed Parking,-1.2597359,36.8182597,2026-08-04 12:00:00,12,1,0,0,50,100,1.0,36,0.71,1
Unnamed Parking,-1.2641049,36.8117123,2026-08-04 12:00:00,12,1,0,0,50,100,1.0,34,0.6862,1
InterContinental Hotel Car Park,-1.2873717,36.8192911,2026-08-04 12:00:00,12,1,0,0,50,300,1.15,35,0.7012,1
Unnamed Parking,-1.25013,36.8202579,2026-08-04 12:00:00,12,1,0,0,50,100,1.16,31,0.6123,1
Olympic Bus Terminus,-1.3126351,36.7778212,2026-08-04 12:00:00,12,1,0,0,50,100,1.0,29,0.5848,1
Ayany Car Park,-1.3090339,36.7757579,2026-08-04 12:00:00,12,1,0,0,50,200,1.0,41,0.8276,1
Westgate Mall Car Park,-1.2566578,36.8035661,2026-08-04 12:00:00,12,1,0,0,50,50,1.0,32,0.6322,1
Student parking,-1.274479,36.805643,2026-08-04 12:00:00,12,1,0,0,50,100,1.0,31,0.6207,1
Kenton Rear Parking,-1.2809847,36.7869545,2026-08-04 12:00:00,12,1,0,0,50,100,1.0,26,0.5277,1
Unnamed Parking,-1.2553877,36.8667692,2026-08-04 12:00:00,12,1,0,0,50,100,1.0,32,0.6489,1
Unnamed Parking,-1.259848,36.8644681,2026-08-04 12:00:00,12,1,0,0,50,100,1.19,30,0.5942,1
Travel House Parking,-1.2861727,36.8214386,2026-08-04 12:00:00,12,1,0,0,50,100,1.18,42,0.8314,1
Lenana Parking Lot Area,-1.2900918,36.800209,2026-08-04 12:00:00,12,1,0,0,50,100,1.0,39,0.7808,1
Unnamed Parking,-1.2944773,36.8101427,2026-08-04 12:00:00,12,1,0,0,50,100,1.0,32,0.6449,1
Parking B,-1.2806414,36.8128716,2026-08-04 12:00:00,12,1,0,0,50,100,1.0,44,0.8802,1
MAIN PACKING,-1.2803274,36.8127162,2026-08-04 12:00:00,12,1,0,0,50,100,1.0,39,0.7785,1
YMCA STAFF PARKING,-1.2805756,36.8129968,2026-08-04 12:00:00,12,1,0,0,50,100,1.0,34,0.674,1
Unnamed Parking,-1.2896057,36.8150615,2026-08-04 13:00:00,13,1,0,0,50,100,1.0,33,0.65,1
Unnamed Parking,-1.2909796,36.8282672,2026-08-04 13:00:00,13,1,0,0,50,100,1.0,50,1.0,0
Unnamed Parking,-1.2856445,36.8132893,2026-08-04 13:00:00,13,1,0,0,50,100,1.0,37,0.7388,1
Unnamed Parking,-1.2597359,36.8182597,2026-08-04 13:00:00,13,1,0,0,50,100,1.0,36,0.7184,1
Unnamed Parking,-1.2641049,36.8117123,2026-08-04 13:00:00,13,1,0,0,50,100,1.0,47,0.9318,1
InterContinental Hotel Car Park,-1.2873717,36.8192911,2026-08-04 13:00:00,13,1,0,0,50,300,1.15,50,1.0,0
Unnamed Parking,-1.25013,36.8202579,2026-08-04 13:00:00,13,1,0,0,50,100,1.16,48,0.9607,0
Olympic Bus Terminus,-1.3126351,36.7778212,2026-08-04 13:00:00,13,1,0,0,50,100,1.0,45,0.8951,1
Ayany Car Park,-1.3090339,36.7757579,2026-08-04 13:00:00,13,1,0,0,50,200,1.0,45,0.8976,1
Westgate Mall Car Park,-1.2566578,36.8035661,2026-08-04 13:00:00,13,1,0,0,50,50,1.0,46,0.9183,1
Student parking,-1.274479,36.805643,2026-08-04 13:00:00,13,1,0,0,50,100,1.0,46,0.9107,1
Kenton Rear Parking,-1.2809847,36.7869545,2026-08-04 13:00:00,13,1,0,0,50,100,1.0,44,0.8725,1
Unnamed Parking,-1.2553877,36.8667692,2026-08-04 13:00:00,13,1,0,0,50,100,1.0,43,0.8583,1
Unnamed Parking,-1.259848,36.8644681,2026-08-04 13:00:00,13,1,0,0,50,100,1.19,42,0.845,1
Travel House Parking,-1.2861727,36.8214386,2026-08-04 13:00:00,13,1,0,0,50,100,1.18,39,0.7897,1
Lenana Parking Lot Area,-1.2900918,36.800209,2026-08-04 13:00:00,13,1,0,0,50,100,1.0,41,0.8275,1
Unnamed Parking,-1.2944773,36.8101427,2026-08-04 13:00:00,13,1,0,0,50,100,1.0,36,0.7146,1
Parking B,-1.2806414,36.8128716,2026-08-04 13:00:00,13,1,0,0,50,100,1.0,42,0.8421,1
MAIN PACKING,-1.2803274,36.8127162,2026-08-04 13:00:00,13,1,0,0,50,100,1.0,39,0.7709,1
YMCA STAFF PARKING,-1.2805756,36.8129968,2026-08-04 13:00:00,13,1,0,0,50,100,1.0,38,0.7617,1
Unnamed Parking,-1.2896057,36.8150615,2026-08-04 14:00:00,14,1,0,0,50,100,1.0,43,0.8644,1
Unnamed Parking,-1.2909796,36.8282672,2026-08-04 14:00:00,14,1,0,0,50,100,1.0,48,0.9614,0
Unnamed Parking,-1.2856445,36.8132893,2026-08-04 14:00:00,14,1,0,0,50,100,1.0,46,0.9235,1
Unnamed Parking,-1.2597359,36.8182597,2026-08-04 14:00:00,14,1,0,0,50,100,1.0,36,0.7244,1
Unnamed Parking,-1.2641049,36.8117123,2026-08-04 14:00:00,14,1,0,0,50,100,1.0,39,0.7708,1
InterContinental Hotel Car Park,-1.2873717,36.8192911,2026-08-04 14:00:00,14,1,0,0,50,300,1.15,46,0.9253,1
Unnamed Parking,-1.25013,36.8202579,2026-08-04 14:00:00,14,1,0,0,50,100,1.16,39,0.7714,1
Olympic Bus Terminus,-1.3126351,36.7778212,2026-08-04 14:00:00,14,1,0,0,50,100,1.0,42,0.832,1
Ayany Car Park,-1.3090339,36.7757579,2026-08-04 14:00:00,14,1,0,0,50,200,1.0,45,0.894,1
Westgate Mall Car Park,-1.2566578,36.8035661,2026-08-04 14:00:00,14,1,0,0,50,50,1.0,39,0.7725,1
Student parking,-1.274479,36.805643,2026-08-04 14:00:00,14,1,0,0,50,100,1.0,43,0.8584,1
Kenton Rear Parking,-1.2809847,36.7869545,2026-08-04 14:00:00,14,1,0,0,50,100,1.0,37,0.7433,1
Unnamed Parking,-1.2553877,36.8667692,2026-08-04 14:00:00,14,1,0,0,50,100,1.0,40,0.8019,1
Unnamed Parking,-1.259848,36.8644681,2026-08-04 14:00:00,14,1,0,0,50,100,1.19,44,0.8756,1
Travel House Parking,-1.2861727,36.8214386,2026-08-04 14:00:00,14,1,0,0,50,100,1.18,36,0.7226,1
Lenana Parking Lot Area,-1.2900918,36.800209,2026-08-04 14:00:00,14,1,0,0,50,100,1.0,44,0.8852,1
Unnamed Parking,-1.2944773,36.8101427,2026-08-04 14:00:00,14,1,0,0,50,100,1.0,42,0.8484,1
Parking B,-1.2806414,36.8128716,2026-08-04 14:00:00,14,1,0,0,50,100,1.0,45,0.8942,1
MAIN PACKING,-1.2803274,36.8127162,2026-08-04 14:00:00,14,1,0,0,50,100,1.0,43,0.8679,1
YMCA STAFF PARKING,-1.2805756,36.8129968,2026-08-04 14:00:00,14,1,0,0,50,100,1.0,48,0.9591,0
Unnamed Parking,-1.2896057,36.8150615,2026-08-04 15:00:00,15,1,0,0,50,100,1.0,43,0.86,1
Unnamed Parking,-1.2909796,36.8282672,2026-08-04 15:00:00,15,1,0,0,50,100,1.0,41,0.8156,1
Unnamed Parking,-1.2856445,36.8132893,2026-08-04 15:00:00,15,1,0,0,50,100,1.0,43,0.8598,1
Unnamed Parking,-1.2597359,36.8182597,2026-08-04 15:00:00,15,1,0,0,50,100,1.0,45,0.8935,1
Unnamed Parking,-1.2641049,36.8117123,2026-08-04 15:00:00,15,1,0,0,50,100,1.0,43,0.8539,1
InterContinental Hotel Car Park,-1.2873717,36.8192911,2026-08-04 15:00:00,15,1,0,0,50,300,1.15,43,0.8532,1
Unnamed Parking,-1.25013,36.8202579,2026-08-04 15:00:00,15,1,0,0,50,100,1.16,40,0.7938,1
Olympic Bus Terminus,-1.3126351,36.7778212,2026-08-04 15:00:00,15,1,0,0,50,100,1.0,40,0.797,1
Ayany Car Park,-1.3090339,36.7757579,2026-08-04 15:00:00,15,1,0,0,50,200,1.0,37,0.7378,1
Westgate Mall Car Park,-1.2566578,36.8035661,2026-08-04 15:00:00,15,1,0,0,50,50,1.0,49,0.99,0
Student parking,-1.274479,36.805643,2026-08-04 15:00:00,15,1,0,0,50,100,1.0,38,0.7505,1
Kenton Rear Parking,-1.2809847,36.7869545,2026-08-04 15:00:00,15,1,0,0,50,100,1.0,40,0.7946,1
Unnamed Parking,-1.2553877,36.8667692,2026-08-04 15:00:00,15,1,0,0,50,100,1.0,40,0.7925,1
Unnamed Parking,-1.259848,36.8644681,2026-08-04 15:00:00,15,1,0,0,50,100,1.19,46,0.9216,1
Travel House Parking,-1.2861727,36.8214386,2026-08-04 15:00:00,15,1,0,0,50,100,1.18,41,0.8264,1
Lenana Parking Lot Area,-1.2900918,36.800209,2026-08-04 15:00:00,15,1,0,0,50,100,1.0,47,0.9498,1
Unnamed Parking,-1.2944773,36.8101427,2026-08-04 15:00:00,15,1,0,0,50,100,1.0,40,0.7961,1
Parking B,-1.2806414,36.8128716,2026-08-04 15:00:00,15,1,0,0,50,100,1.0,44,0.8723,1
MAIN PACKING,-1.2803274,36.8127162,2026-08-04 15:00:00,15,1,0,0,50,100,1.0,39,0.7832,1
YMCA STAFF PARKING,-1.2805756,36.8129968,2026-08-04 15:00:00,15,1,0,0,50,100,1.0,50,1.0,0
Unnamed Parking,-1.2896057,36.8150615,2026-08-04 16:00:00,16,1,0,0,50,100,1.0,38,0.755,1
Unnamed Parking,-1.2909796,36.8282672,2026-08-04 16:00:00,16,1,0,0,50,100,1.0,44,0.8748,1
Unnamed Parking,-1.2856445,36.8132893,2026-08-04 16:00:00,16,1,0,0,50,100,1.0,45,0.9007,1
Unnamed Parking,-1.2597359,36.8182597,2026-08-04 16:00:00,16,1,0,0,50,100,1.0,44,0.8831,1
Unnamed Parking,-1.2641049,36.8117123,2026-08-04 16:00:00,16,1,0,0,50,100,1.0,42,0.8352,1
InterContinental Hotel Car Park,-1.2873717,36.8192911,2026-08-04 16:00:00,16,1,0,0,50,300,1.15,42,0.8396,1
Unnamed Parking,-1.25013,36.8202579,2026-08-04 16:00:00,16,1,0,0,50,100,1.16,43,0.8535,1
Olympic Bus Terminus,-1.3126351,36.7778212,2026-08-04 16:00:00,16,1,0,0,50,100,1.0,42,0.8382,1
Ayany Car Park,-1.3090339,36.7757579,2026-08-04 16:00:00,16,1,0,0,50,200,1.0,46,0.9271,1
Westgate Mall Car Park,-1.2566578,36.8035661,2026-08-04 16:00:00,16,1,0,0,50,50,1.0,50,1.0,0
Student parking,-1.274479,36.805643,2026-08-04 16:00:00,16,1,0,0,50,100,1.0,40,0.8054,1
Kenton Rear Parking,-1.2809847,36.7869545,2026-08-04 16:00:00,16,1,0,0,50,100,1.0,37,0.7404,1
Unnamed Parking,-1.2553877,36.8667692,2026-08-04 16:00:00,16,1,0,0,50,100,1.0,42,0.8429,1
Unnamed Parking,-1.259848,36.8644681,2026-08-04 16:00:00,16,1,0,0,50,100,1.19,50,1.0,0
Travel House Parking,-1.2861727,36.8214386,2026-08-04 16:00:00,16,1,0,0,50,100,1.18,39,0.7857,1
Lenana Parking Lot Area,-1.2900918,36.800209,2026-08-04 16:00:00,16,1,0,0,50,100,1.0,49,0.9811,0
Unnamed Parking,-1.2944773,36.8101427,2026-08-04 16:00:00,16,1,0,0,50,100,1.0,49,0.9842,0
Parking B,-1.2806414,36.8128716,2026-08-04 16:00:00,16,1,0,0,50,100,1.0,40,0.8057,1
MAIN PACKING,-1.2803274,36.8127162,2026-08-04 16:00:00,16,1,0,0,50,100,1.0,45,0.8955,1
YMCA STAFF PARKING,-1.2805756,36.8129968,2026-08-04 16:00:00,16,1,0,0,50,100,1.0,49,0.9803,0
Unnamed Parking,-1.2896057,36.8150615,2026-08-04 17:00:00,17,1,0,0,50,100,1.0,33,0.6697,1
Unnamed Parking,-1.2909796,36.8282672,2026-08-04 17:00:00,17,1,0,0,50,100,1.0,34,0.6837,1
Unnamed Parking,-1.2856445,36.8132893,2026-08-04 17:00:00,17,1,0,0,50,100,1.0,33,0.6535,1
Unnamed Parking,-1.2597359,36.8182597,2026-08-04 17:00:00,17,1,0,0,50,100,1.0,31,0.6188,1
Unnamed Parking,-1.2641049,36.8117123,2026-08-04 17:00:00,17,1,0,0,50,100,1.0,32,0.6481,1
InterContinental Hotel Car Park,-1.2873717,36.8192911,2026-08-04 17:00:00,17,1,0,0,50,300,1.15,30,0.6021,1
Unnamed Parking,-1.25013,36.8202579,2026-08-04 17:00:00,17,1,0,0,50,100,1.16,35,0.7027,1
Olympic Bus Terminus,-1.3126351,36.7778212,2026-08-04 17:00:00,17,1,0,0,50,100,1.0,32,0.6384,1
Ayany Car Park,-1.3090339,36.7757579,2026-08-04 17:00:00,17,1,0,0,50,200,1.0,36,0.7187,1
Westgate Mall Car Park,-1.2566578,36.8035661,2026-08-04 17:00:00,17,1,0,0,50,50,1.0,29,0.5755,1
Student parking,-1.274479,36.805643,2026-08-04 17:00:00,17,1,0,0,50,100,1.0,36,0.7265,1
Kenton Rear Parking,-1.2809847,36.7869545,2026-08-04 17:00:00,17,1,0,0,50,100,1.0,38,0.7667,1
Unnamed Parking,-1.2553877,36.8667692,2026-08-04 17:00:00,17,1,0,0,50,100,1.0,27,0.5405,1
Unnamed Parking,-1.259848,36.8644681,2026-08-04 17:00:00,17,1,0,0,50,100,1.19,36,0.7299,1
Travel House Parking,-1.2861727,36.8214386,2026-08-04 17:00:00,17,1,0,0,50,100,1.18,40,0.7982,1
Lenana Parking Lot Area,-1.2900918,36.800209,2026-08-04 17:00:00,17,1,0,0,50,100,1.0,30,0.6032,1
Unnamed Parking,-1.2944773,36.8101427,2026-08-04 17:00:00,17,1,0,0,50,100,1.0,42,0.8338,1
Parking B,-1.2806414,36.8128716,2026-08-04 17:00:00,17,1,0,0,50,100,1.0,37,0.7335,1
MAIN PACKING,-1.2803274,36.8127162,2026-08-04 17:00:00,17,1,0,0,50,100,1.0,32,0.6436,1
YMCA STAFF PARKING,-1.2805756,36.8129968,2026-08-04 17:00:00,17,1,0,0,50,100,1.0,35,0.6955,1
Unnamed Parking,-1.2896057,36.8150615,2026-08-04 18:00:00,18,1,0,0,50,100,1.0,37,0.7447,1
Unnamed Parking,-1.2909796,36.8282672,2026-08-04 18:00:00,18,1,0,0,50,100,1.0,35,0.7061,1
Unnamed Parking,-1.2856445,36.8132893,2026-08-04 18:00:00,18,1,0,0,50,100,1.0,37,0.7431,1
Unnamed Parking,-1.2597359,36.8182597,2026-08-04 18:00:00,18,1,0,0,50,100,1.0,31,0.6263,1
Unnamed Parking,-1.2641049,36.8117123,2026-08-04 18:00:00,18,1,0,0,50,100,1.0,36,0.7135,1
InterContinental Hotel Car Park,-1.2873717,36.8192911,2026-08-04 18:00:00,18,1,0,0,50,300,1.15,29,0.5869,1
Unnamed Parking,-1.25013,36.8202579,2026-08-04 18:00:00,18,1,0,0,50,100,1.16,35,0.6911,1
Olympic Bus Terminus,-1.3126351,36.7778212,2026-08-04 18:00:00,18,1,0,0,50,100,1.0,31,0.6277,1
Ayany Car Park,-1.3090339,36.7757579,2026-08-04 18:00:00,18,1,0,0,50,200,1.0,32,0.6412,1
Westgate Mall Car Park,-1.2566578,36.8035661,2026-08-04 18:00:00,18,1,0,0,50,50,1.0,40,0.7989,1
Student parking,-1.274479,36.805643,2026-08-04 18:00:00,18,1,0,0,50,100,1.0,39,0.7873,1
Kenton Rear Parking,-1.2809847,36.7869545,2026-08-04 18:00:00,18,1,0,0,50,100,1.0,37,0.7487,1
Unnamed Parking,-1.2553877,36.8667692,2026-08-04 18:00:00,18,1,0,0,50,100,1.0,31,0.6126,1
Unnamed Parking,-1.259848,36.8644681,2026-08-04 18:00:00,18,1,0,0,50,100,1.19,34,0.6747,1
Travel House Parking,-1.2861727,36.8214386,2026-08-04 18:00:00,18,1,0,0,50,100,1.18,40,0.797,1
Lenana Parking Lot Area,-1.2900918,36.800209,2026-08-04 18:00:00,18,1,0,0,50,100,1.0,36,0.7113,1
Unnamed Parking,-1.2944773,36.8101427,2026-08-04 18:00:00,18,1,0,0,50,100,1.0,44,0.8855,1
Parking B,-1.2806414,36.8128716,2026-08-04 18:00:00,18,1,0,0,50,100,1.0,37,0.7315,1
MAIN PACKING,-1.2803274,36.8127162,2026-08-04 18:00:00,18,1,0,0,50,100,1.0,36,0.7154,1
YMCA STAFF PARKING,-1.2805756,36.8129968,2026-08-04 18:00:00,18,1,0,0,50,100,1.0,34,0.6753,1
Unnamed Parking,-1.2896057,36.8150615,2026-08-04 19:00:00,19,1,0,0,50,100,1.0,21,0.4107,1
Unnamed Parking,-1.2909796,36.8282672,2026-08-04 19:00:00,19,1,0,0,50,100,1.0,19,0.3878,1
Unnamed Parking,-1.2856445,36.8132893,2026-08-04 19:00:00,19,1,0,0,50,100,1.0,23,0.4566,1
Unnamed Parking,-1.2597359,36.8182597,2026-08-04 19:00:00,19,1,0,0,50,100,1.0,24,0.4765,1
Unnamed Parking,-1.2641049,36.8117123,2026-08-04 19:00:00,19,1,0,0,50,100,1.0,17,0.3371,1
InterContinental Hotel Car Park,-1.2873717,36.8192911,2026-08-04 19:00:00,19,1,0,0,50,300,1.15,15,0.2935,1
Unnamed Parking,-1.25013,36.8202579,2026-08-04 19:00:00,19,1,0,0,50,100,1.16,13,0.2531,1
Olympic Bus Terminus,-1.3126351,36.7778212,2026-08-04 19:00:00,19,1,0,0,50,100,1.0,22,0.4406,1
Ayany Car Park,-1.3090339,36.7757579,2026-08-04 19:00:00,19,1,0,0,50,200,1.0,16,0.3117,1
Westgate Mall Car Park,-1.2566578,36.8035661,2026-08-04 19:00:00,19,1,0,0,50,50,1.0,11,0.2278,1
Student parking,-1.274479,36.805643,2026-08-04 19:00:00,19,1,0,0,50,100,1.0,22,0.4311,1
Kenton Rear Parking,-1.2809847,36.7869545,2026-08-04 19:00:00,19,1,0,0,50,100,1.0,30,0.5994,1
Unnamed Parking,-1.2553877,36.8667692,2026-08-04 19:00:00,19,1,0,0,50,100,1.0,20,0.3995,1
Unnamed Parking,-1.259848,36.8644681,2026-08-04 19:00:00,19,1,0,0,50,100,1.19,23,0.4671,1
Travel House Parking,-1.2861727,36.8214386,2026-08-04 19:00:00,19,1,0,0,50,100,1.18,20,0.4065,1
Lenana Parking Lot Area,-1.2900918,36.800209,2026-08-04 19:00:00,19,1,0,0,50,100,1.0,20,0.3921,1
Unnamed Parking,-1.2944773,36.8101427,2026-08-04 19:00:00,19,1,0,0,50,100,1.0,24,0.4735,1
Parking B,-1.2806414,36.8128716,2026-08-04 19:00:00,19,1,0,0,50,100,1.0,19,0.3768,1
MAIN PACKING,-1.2803274,36.8127162,2026-08-04 19:00:00,19,1,0,0,50,100,1.0,21,0.4214,1
YMCA STAFF PARKING,-1.2805756,36.8129968,2026-08-04 19:00:00,19,1,0,0,50,100,1.0,21,0.4257,1
Unnamed Parking,-1.2896057,36.8150615,2026-08-04 20:00:00,20,1,0,0,50,100,1.0,17,0.3466,1
Unnamed Parking,-1.2909796,36.8282672,2026-08-04 20:00:00,20,1,0,0,50,100,1.0,24,0.4794,1
Unnamed Parking,-1.2856445,36.8132893,2026-08-04 20:00:00,20,1,0,0,50,100,1.0,19,0.386,1
Unnamed Parking,-1.2597359,36.8182597,2026-08-04 20:00:00,20,1,0,0,50,100,1.0,17,0.3395,1
Unnamed Parking,-1.2641049,36.8117123,2026-08-04 20:00:00,20,1,0,0,50,100,1.0,22,0.4429,1
InterContinental Hotel Car Park,-1.2873717,36.8192911,2026-08-04 20:00:00,20,1,0,0,50,300,1.15,16,0.3281,1
Unnamed Parking,-1.25013,36.8202579,2026-08-04 20:00:00,20,1,0,0,50,100,1.16,20,0.4023,1
Olympic Bus Terminus,-1.3126351,36.7778212,2026-08-04 20:00:00,20,1,0,0,50,100,1.0,20,0.3993,1
Ayany Car Park,-1.3090339,36.7757579,2026-08-04 20:00:00,20,1,0,0,50,200,1.0,24,0.4869,1
Westgate Mall Car Park,-1.2566578,36.8035661,2026-08-04 20:00:00,20,1,0,0,50,50,1.0,22,0.438,1
Student parking,-1.274479,36.805643,2026-08-04 20:00:00,20,1,0,0,50,100,1.0,20,0.398,1
Kenton Rear Parking,-1.2809847,36.7869545,2026-08-04 20:00:00,20,1,0,0,50,100,1.0,23,0.4654,1
Unnamed Parking,-1.2553877,36.8667692,2026-08-04 20:00:00,20,1,0,0,50,100,1.0,26,0.5112,1
Unnamed Parking,-1.259848,36.8644681,2026-08-04 20:00:00,20,1,0,0,50,100,1.19,22,0.4446,1
Travel House Parking,-1.2861727,36.8214386,2026-08-04 20:00:00,20,1,0,0,50,100,1.18,20,0.4008,1
Lenana Parking Lot Area,-1.2900918,36.800209,2026-08-04 20:00:00,20,1,0,0,50,100,1.0,15,0.2951,1
Unnamed Parking,-1.2944773,36.8101427,2026-08-04 20:00:00,20,1,0,0,50,100,1.0,16,0.3148,1
Parking B,-1.2806414,36.8128716,2026-08-04 20:00:00,20,1,0,0,50,100,1.0,19,0.3756,1
MAIN PACKING,-1.2803274,36.8127162,2026-08-04 20:00:00,20,1,0,0,50,100,1.0,18,0.3512,1
YMCA STAFF PARKING,-1.2805756,36.8129968,2026-08-04 20:00:00,20,1,0,0,50,100,1.0,19,0.385,1
Unnamed Parking,-1.2896057,36.8150615,2026-08-04 21:00:00,21,1,0,0,50,100,1.0,20,0.4045,1
Unnamed Parking,-1.2909796,36.8282672,2026-08-04 21:00:00,21,1,0,0,50,100,1.0,22,0.4424,1
Unnamed Parking,-1.2856445,36.8132893,2026-08-04 21:00:00,21,1,0,0,50,100,1.0,20,0.3944,1
Unnamed Parking,-1.2597359,36.8182597,2026-08-04 21:00:00,21,1,0,0,50,100,1.0,22,0.4389,1
Unnamed Parking,-1.2641049,36.8117123,2026-08-04 21:00:00,21,1,0,0,50,100,1.0,20,0.4052,1
InterContinental Hotel Car Park,-1.2873717,36.8192911,2026-08-04 21:00:00,21,1,0,0,50,300,1.15,12,0.242,1
Unnamed Parking,-1.25013,36.8202579,2026-08-04 21:00:00,21,1,0,0,50,100,1.16,16,0.3249,1
Olympic Bus Terminus,-1.3126351,36.7778212,2026-08-04 21:00:00,21,1,0,0,50,100,1.0,19,0.3885,1
Ayany Car Park,-1.3090339,36.7757579,2026-08-04 21:00:00,21,1,0,0,50,200,1.0,15,0.3032,1
Westgate Mall Car Park,-1.2566578,36.8035661,2026-08-04 21:00:00,21,1,0,0,50,50,1.0,22,0.448,1
Student parking,-1.274479,36.805643,2026-08-04 21:00:00,21,1,0,0,50,100,1.0,26,0.5225,1
Kenton Rear Parking,-1.2809847,36.7869545,2026-08-04 21:00:00,21,1,0,0,50,100,1.0,25,0.4975,1
Unnamed Parking,-1.2553877,36.8667692,2026-08-04 21:00:00,21,1,0,0,50,100,1.0,19,0.3829,1
Unnamed Parking,-1.259848,36.8644681,2026-08-04 21:00:00,21,1,0,0,50,100,1.19,26,0.5193,1
Travel House Parking,-1.2861727,36.8214386,2026-08-04 21:00:00,21,1,0,0,50,100,1.18,21,0.4119,1
Lenana Parking Lot Area,-1.2900918,36.800209,2026-08-04 21:00:00,21,1,0,0,50,100,1.0,19,0.373,1
Unnamed Parking,-1.2944773,36.8101427,2026-08-04 21:00:00,21,1,0,0,50,100,1.0,18,0.3509,1
Parking B,-1.2806414,36.8128716,2026-08-04 21:00:00,21,1,0,0,50,100,1.0,19,0.3758,1
MAIN PACKING,-1.2803274,36.8127162,2026-08-04 21:00:00,21,1,0,0,50,100,1.0,18,0.3689,1
YMCA STAFF PARKING,-1.2805756,36.8129968,2026-08-04 21:00:00,21,1,0,0,50,100,1.0,21,0.4136,1
Unnamed Parking,-1.2896057,36.8150615,2026-08-04 22:00:00,22,1,0,0,50,100,1.0,21,0.4128,1
Unnamed Parking,-1.2909796,36.8282672,2026-08-04 22:00:00,22,1,0,0,50,100,1.0,20,0.4002,1
Unnamed Parking,-1.2856445,36.8132893,2026-08-04 22:00:00,22,1,0,0,50,100,1.0,22,0.435,1
Unnamed Parking,-1.2597359,36.8182597,2026-08-04 22:00:00,22,1,0,0,50,100,1.0,25,0.4953,1
Unnamed Parking,-1.2641049,36.8117123,2026-08-04 22:00:00,22,1,0,0,50,100,1.0,24,0.476,1
InterContinental Hotel Car Park,-1.2873717,36.8192911,2026-08-04 22:00:00,22,1,0,0,50,300,1.15,14,0.2812,1
Unnamed Parking,-1.25013,36.8202579,2026-08-04 22:00:00,22,1,0,0,50,100,1.16,10,0.1957,1
Olympic Bus Terminus,-1.3126351,36.7778212,2026-08-04 22:00:00,22,1,0,0,50,100,1.0,24,0.4747,1
Ayany Car Park,-1.3090339,36.7757579,2026-08-04 22:00:00,22,1,0,0,50,200,1.0,15,0.2906,1
Westgate Mall Car Park,-1.2566578,36.8035661,2026-08-04 22:00:00,22,1,0,0,50,50,1.0,19,0.382,1
Student parking,-1.274479,36.805643,2026-08-04 22:00:00,22,1,0,0,50,100,1.0,15,0.3064,1
Kenton Rear Parking,-1.2809847,36.7869545,2026-08-04 22:00:00,22,1,0,0,50,100,1.0,13,0.2558,1
Unnamed Parking,-1.2553877,36.8667692,2026-08-04 22:00:00,22,1,0,0,50,100,1.0,22,0.4433,1
Unnamed Parking,-1.259848,36.8644681,2026-08-04 22:00:00,22,1,0,0,50,100,1.19,23,0.4607,1
Travel House Parking,-1.2861727,36.8214386,2026-08-04 22:00:00,22,1,0,0,50,100,1.18,18,0.3539,1
Lenana Parking Lot Area,-1.2900918,36.800209,2026-08-04 22:00:00,22,1,0,0,50,100,1.0,10,0.1927,1
Unnamed Parking,-1.2944773,36.8101427,2026-08-04 22:00:00,22,1,0,0,50,100,1.0,18,0.3563,1
Parking B,-1.2806414,36.8128716,2026-08-04 22:00:00,22,1,0,0,50,100,1.0,22,0.4313,1
MAIN PACKING,-1.2803274,36.8127162,2026-08-04 22:00:00,22,1,0,0,50,100,1.0,14,0.2817,1
YMCA STAFF PARKING,-1.2805756,36.8129968,2026-08-04 22:00:00,22,1,0,0,50,100,1.0,21,0.4147,1
Unnamed Parking,-1.2896057,36.8150615,2026-08-05 06:00:00,6,2,0,0,50,100,1.0,20,0.3988,1
Unnamed Parking,-1.2909796,36.8282672,2026-08-05 06:00:00,6,2,0,0,50,100,1.0,22,0.4463,1
Unnamed Parking,-1.2856445,36.8132893,2026-08-05 06:00:00,6,2,0,0,50,100,1.0,20,0.4096,1
Unnamed Parking,-1.2597359,36.8182597,2026-08-05 06:00:00,6,2,0,0,50,100,1.0,16,0.3222,1
Unnamed Parking,-1.2641049,36.8117123,2026-08-05 06:00:00,6,2,0,0,50,100,1.0,25,0.4957,1
InterContinental Hotel Car Park,-1.2873717,36.8192911,2026-08-05 06:00:00,6,2,0,0,50,300,1.15,19,0.3873,1
Unnamed Parking,-1.25013,36.8202579,2026-08-05 06:00:00,6,2,0,0,50,100,1.16,20,0.3978,1
Olympic Bus Terminus,-1.3126351,36.7778212,2026-08-05 06:00:00,6,2,0,0,50,100,1.0,16,0.3253,1
Ayany Car Park,-1.3090339,36.7757579,2026-08-05 06:00:00,6,2,0,0,50,200,1.0,18,0.3645,1
Westgate Mall Car Park,-1.2566578,36.8035661,2026-08-05 06:00:00,6,2,0,0,50,50,1.0,16,0.3292,1
Student parking,-1.274479,36.805643,2026-08-05 06:00:00,6,2,0,0,50,100,1.0,19,0.3862,1
Kenton Rear Parking,-1.2809847,36.7869545,2026-08-05 06:00:00,6,2,0,0,50,100,1.0,27,0.5369,1
Unnamed Parking,-1.2553877,36.8667692,2026-08-05 06:00:00,6,2,0,0,50,100,1.0,15,0.2902,1
Unnamed Parking,-1.259848,36.8644681,2026-08-05 06:00:00,6,2,0,0,50,100,1.19,14,0.2709,1
Travel House Parking,-1.2861727,36.8214386,2026-08-05 06:00:00,6,2,0,0,50,100,1.18,26,0.5177,1
Lenana Parking Lot Area,-1.2900918,36.800209,2026-08-05 06:00:00,6,2,0,0,50,100,1.0,19,0.3833,1
Unnamed Parking,-1.2944773,36.8101427,2026-08-05 06:00:00,6,2,0,0,50,100,1.0,17,0.3465,1
Parking B,-1.2806414,36.8128716,2026-08-05 06:00:00,6,2,0,0,50,100,1.0,24,0.4832,1
MAIN PACKING,-1.2803274,36.8127162,2026-08-05 06:00:00,6,2,0,0,50,100,1.0,18,0.3516,1
YMCA STAFF PARKING,-1.2805756,36.8129968,2026-08-05 06:00:00,6,2,0,0,50,100,1.0,27,0.5461,1
Unnamed Parking,-1.2896057,36.8150615,2026-08-05 07:00:00,7,2,0,0,50,100,1.0,23,0.4542,1
Unnamed Parking,-1.2909796,36.8282672,2026-08-05 07:00:00,7,2,0,0,50,100,1.0,18,0.361,1
Unnamed Parking,-1.2856445,36.8132893,2026-08-05 07:00:00,7,2,0,0,50,100,1.0,29,0.5726,1
Unnamed Parking,-1.2597359,36.8182597,2026-08-05 07:00:00,7,2,0,0,50,100,1.0,18,0.3515,1
Unnamed Parking,-1.2641049,36.8117123,2026-08-05 07:00:00,7,2,0,0,50,100,1.0,23,0.4594,1
InterContinental Hotel Car Park,-1.2873717,36.8192911,2026-08-05 07:00:00,7,2,0,0,50,300,1.15,21,0.4239,1
Unnamed Parking,-1.25013,36.8202579,2026-08-05 07:00:00,7,2,0,0,50,100,1.16,25,0.5041,1
Olympic Bus Terminus,-1.3126351,36.7778212,2026-08-05 07:00:00,7,2,0,0,50,100,1.0,26,0.5249,1
Ayany Car Park,-1.3090339,36.7757579,2026-08-05 07:00:00,7,2,0,0,50,200,1.0,20,0.4026,1
Westgate Mall Car Park,-1.2566578,36.8035661,2026-08-05 07:00:00,7,2,0,0,50,50,1.0,17,0.3397,1
Student parking,-1.274479,36.805643,2026-08-05 07:00:00,7,2,0,0,50,100,1.0,22,0.4368,1
Kenton Rear Parking,-1.2809847,36.7869545,2026-08-05 07:00:00,7,2,0,0,50,100,1.0,17,0.3458,1
Unnamed Parking,-1.2553877,36.8667692,2026-08-05 07:00:00,7,2,0,0,50,100,1.0,28,0.5611,1
Unnamed Parking,-1.259848,36.8644681,2026-08-05 07:00:00,7,2,0,0,50,100,1.19,21,0.4109,1
Travel House Parking,-1.2861727,36.8214386,2026-08-05 07:00:00,7,2,0,0,50,100,1.18,19,0.3708,1
Lenana Parking Lot Area,-1.2900918,36.800209,2026-08-05 07:00:00,7,2,0,0,50,100,1.0,21,0.4148,1
Unnamed Parking,-1.2944773,36.8101427,2026-08-05 07:00:00,7,2,0,0,50,100,1.0,15,0.2922,1
Parking B,-1.2806414,36.8128716,2026-08-05 07:00:00,7,2,0,0,50,100,1.0,16,0.3223,1
MAIN PACKING,-1.2803274,36.8127162,2026-08-05 07:00:00,7,2,0,0,50,100,1.0,25,0.496,1
YMCA STAFF PARKING,-1.2805756,36.8129968,2026-08-05 07:00:00,7,2,0,0,50,100,1.0,17,0.3474,1
Unnamed Parking,-1.2896057,36.8150615,2026-08-05 08:00:00,8,2,0,0,50,100,1.0,38,0.7662,1
Unnamed Parking,-1.2909796,36.8282672,2026-08-05 08:00:00,8,2,0,0,50,100,1.0,45,0.8929,1
Unnamed Parking,-1.2856445,36.8132893,2026-08-05 08:00:00,8,2,0,0,50,100,1.0,47,0.9449,1
Unnamed Parking,-1.2597359,36.8182597,2026-08-05 08:00:00,8,2,0,0,50,100,1.0,45,0.9075,1
Unnamed Parking,-1.2641049,36.8117123,2026-08-05 08:00:00,8,2,0,0,50,100,1.0,46,0.9297,1
InterContinental Hotel Car Park,-1.2873717,36.8192911,2026-08-05 08:00:00,8,2,0,0,50,300,1.15,39,0.7895,1
Unnamed Parking,-1.25013,36.8202579,2026-08-05 08:00:00,8,2,0,0,50,100,1.16,37,0.7363,1
Olympic Bus Terminus,-1.3126351,36.7778212,2026-08-05 08:00:00,8,2,0,0,50,100,1.0,49,0.9701,0
Ayany Car Park,-1.3090339,36.7757579,2026-08-05 08:00:00,8,2,0,0,50,200,1.0,41,0.8242,1
Westgate Mall Car Park,-1.2566578,36.8035661,2026-08-05 08:00:00,8,2,0,0,50,50,1.0,41,0.8299,1
Student parking,-1.274479,36.805643,2026-08-05 08:00:00,8,2,0,0,50,100,1.0,48,0.9563,0
Kenton Rear Parking,-1.2809847,36.7869545,2026-08-05 08:00:00,8,2,0,0,50,100,1.0,45,0.8945,1
Unnamed Parking,-1.2553877,36.8667692,2026-08-05 08:00:00,8,2,0,0,50,100,1.0,44,0.8865,1
Unnamed Parking,-1.259848,36.8644681,2026-08-05 08:00:00,8,2,0,0,50,100,1.19,50,1.0,0
Travel House Parking,-1.2861727,36.8214386,2026-08-05 08:00:00,8,2,0,0,50,100,1.18,40,0.7985,1
Lenana Parking Lot Area,-1.2900918,36.800209,2026-08-05 08:00:00,8,2,0,0,50,100,1.0,46,0.9242,1
Unnamed Parking,-1.2944773,36.8101427,2026-08-05 08:00:00,8,2,0,0,50,100,1.0,43,0.8546,1
Parking B,-1.2806414,36.8128716,2026-08-05 08:00:00,8,2,0,0,50,100,1.0,44,0.8715,1
MAIN PACKING,-1.2803274,36.8127162,2026-08-05 08:00:00,8,2,0,0,50,100,1.0,49,0.9723,0
YMCA STAFF PARKING,-1.2805756,36.8129968,2026-08-05 08:00:00,8,2,0,0,50,100,1.0,45,0.8906,1
Unnamed Parking,-1.2896057,36.8150615,2026-08-05 09:00:00,9,2,0,0,50,100,1.0,45,0.8931,1
Unnamed Parking,-1.2909796,36.8282672,2026-08-05 09:00:00,9,2,0,0,50,100,1.0,47,0.9358,1
Unnamed Parking,-1.2856445,36.8132893,2026-08-05 09:00:00,9,2,0,0,50,100,1.0,41,0.8208,1
Unnamed Parking,-1.2597359,36.8182597,2026-08-05 09:00:00,9,2,0,0,50,100,1.0,39,0.7829,1
Unnamed Parking,-1.2641049,36.8117123,2026-08-05 09:00:00,9,2,0,0,50,100,1.0,38,0.7664,1
InterContinental Hotel Car Park,-1.2873717,36.8192911,2026-08-05 09:00:00,9,2,0,0,50,300,1.15,35,0.6927,1
Unnamed Parking,-1.25013,36.8202579,2026-08-05 09:00:00,9,2,0,0,50,100,1.16,50,1.0,0
Olympic Bus Terminus,-1.3126351,36.7778212,2026-08-05 09:00:00,9,2,0,0,50,100,1.0,38,0.7617,1
Ayany Car Park,-1.3090339,36.7757579,2026-08-05 09:00:00,9,2,0,0,50,200,1.0,42,0.8323,1
Westgate Mall Car Park,-1.2566578,36.8035661,2026-08-05 09:00:00,9,2,0,0,50,50,1.0,41,0.8279,1
Student parking,-1.274479,36.805643,2026-08-05 09:00:00,9,2,0,0,50,100,1.0,44,0.8746,1
Kenton Rear Parking,-1.2809847,36.7869545,2026-08-05 09:00:00,9,2,0,0,50,100,1.0,46,0.9153,1
Unnamed Parking,-1.2553877,36.8667692,2026-08-05 09:00:00,9,2,0,0,50,100,1.0,46,0.9188,1
Unnamed Parking,-1.259848,36.8644681,2026-08-05 09:00:00,9,2,0,0,50,100,1.19,40,0.8034,1
Travel House Parking,-1.2861727,36.8214386,2026-08-05 09:00:00,9,2,0,0,50,100,1.18,42,0.8366,1
Lenana Parking Lot Area,-1.2900918,36.800209,2026-08-05 09:00:00,9,2,0,0,50,100,1.0,44,0.8726,1
Unnamed Parking,-1.2944773,36.8101427,2026-08-05 09:00:00,9,2,0,0,50,100,1.0,42,0.8301,1
Parking B,-1.2806414,36.8128716,2026-08-05 09:00:00,9,2,0,0,50,100,1.0,49,0.9786,0
MAIN PACKING,-1.2803274,36.8127162,2026-08-05 09:00:00,9,2,0,0,50,100,1.0,44,0.8893,1
YMCA STAFF PARKING,-1.2805756,36.8129968,2026-08-05 09:00:00,9,2,0,0,50,100,1.0,45,0.9088,1
Unnamed Parking,-1.2896057,36.8150615,2026-08-05 10:00:00,10,2,0,0,50,100,1.0,45,0.903,1
Unnamed Parking,-1.2909796,36.8282672,2026-08-05 10:00:00,10,2,0,0,50,100,1.0,47,0.9439,1
Unnamed Parking,-1.2856445,36.8132893,2026-08-05 10:00:00,10,2,0,0,50,100,1.0,43,0.8645,1
Unnamed Parking,-1.2597359,36.8182597,2026-08-05 10:00:00,10,2,0,0,50,100,1.0,37,0.7463,1
Unnamed Parking,-1.2641049,36.8117123,2026-08-05 10:00:00,10,2,0,0,50,100,1.0,44,0.882,1
InterContinental Hotel Car Park,-1.2873717,36.8192911,2026-08-05 10:00:00,10,2,0,0,50,300,1.15,40,0.7979,1
Unnamed Parking,-1.25013,36.8202579,2026-08-05 10:00:00,10,2,0,0,50,100,1.16,40,0.8077,1
Olympic Bus Terminus,-1.3126351,36.7778212,2026-08-05 10:00:00,10,2,0,0,50,100,1.0,45,0.8969,1
Ayany Car Park,-1.3090339,36.7757579,2026-08-05 10:00:00,10,2,0,0,50,200,1.0,47,0.9491,1
Westgate Mall Car Park,-1.2566578,36.8035661,2026-08-05 10:00:00,10,2,0,0,50,50,1.0,43,0.8517,1
Student parking,-1.274479,36.805643,2026-08-05 10:00:00,10,2,0,0,50,100,1.0,44,0.8747,1
Kenton Rear Parking,-1.2809847,36.7869545,2026-08-05 10:00:00,10,2,0,0,50,100,1.0,49,0.9862,0
Unnamed Parking,-1.2553877,36.8667692,2026-08-05 10:00:00,10,2,0,0,50,100,1.0,43,0.8693,1
Unnamed Parking,-1.259848,36.8644681,2026-08-05 10:00:00,10,2,0,0,50,100,1.19,50,1.0,0
Travel House Parking,-1.2861727,36.8214386,2026-08-05 10:00:00,10,2,0,0,50,100,1.18,45,0.8952,1
Lenana Parking Lot Area,-1.2900918,36.800209,2026-08-05 10:00:00,10,2,0,0,50,100,1.0,35,0.7091,1
Unnamed Parking,-1.2944773,36.8101427,2026-08-05 10:00:00,10,2,0,0,50,100,1.0,46,0.9103,1
Parking B,-1.2806414,36.8128716,2026-08-05 10:00:00,10,2,0,0,50,100,1.0,44,0.8805,1
MAIN PACKING,-1.2803274,36.8127162,2026-08-05 10:00:00,10,2,0,0,50,100,1.0,48,0.9532,0
YMCA STAFF PARKING,-1.2805756,36.8129968,2026-08-05 10:00:00,10,2,0,0,50,100,1.0,45,0.9039,1
Unnamed Parking,-1.2896057,36.8150615,2026-08-05 11:00:00,11,2,0,0,50,100,1.0,42,0.8389,1
Unnamed Parking,-1.2909796,36.8282672,2026-08-05 11:00:00,11,2,0,0,50,100,1.0,38,0.7521,1
Unnamed Parking,-1.2856445,36.8132893,2026-08-05 11:00:00,11,2,0,0,50,100,1.0,42,0.8333,1
Unnamed Parking,-1.2597359,36.8182597,2026-08-05 11:00:00,11,2,0,0,50,100,1.0,39,0.782,1
Unnamed Parking,-1.2641049,36.8117123,2026-08-05 11:00:00,11,2,0,0,50,100,1.0,40,0.8036,1
InterContinental Hotel Car Park,-1.2873717,36.8192911,2026-08-05 11:00:00,11,2,0,0,50,300,1.15,45,0.8971,1
Unnamed Parking,-1.25013,36.8202579,2026-08-05 11:00:00,11,2,0,0,50,100,1.16,49,0.9836,0
Olympic Bus Terminus,-1.3126351,36.7778212,2026-08-05 11:00:00,11,2,0,0,50,100,1.0,44,0.8816,1
Ayany Car Park,-1.3090339,36.7757579,2026-08-05 11:00:00,11,2,0,0,50,200,1.0,38,0.7543,1
Westgate Mall Car Park,-1.2566578,36.8035661,2026-08-05 11:00:00,11,2,0,0,50,50,1.0,44,0.8856,1
Student parking,-1.274479,36.805643,2026-08-05 11:00:00,11,2,0,0,50,100,1.0,47,0.9457,1
Kenton Rear Parking,-1.2809847,36.7869545,2026-08-05 11:00:00,11,2,0,0,50,100,1.0,40,0.8012,1
Unnamed Parking,-1.2553877,36.8667692,2026-08-05 11:00:00,11,2,0,0,50,100,1.0,42,0.8393,1
Unnamed Parking,-1.259848,36.8644681,2026-08-05 11:00:00,11,2,0,0,50,100,1.19,43,0.8512,1
Travel House Parking,-1.2861727,36.8214386,2026-08-05 11:00:00,11,2,0,0,50,100,1.18,39,0.7872,1
Lenana Parking Lot Area,-1.2900918,36.800209,2026-08-05 11:00:00,11,2,0,0,50,100,1.0,45,0.9019,1
Unnamed Parking,-1.2944773,36.8101427,2026-08-05 11:00:00,11,2,0,0,50,100,1.0,42,0.8403,1
Parking B,-1.2806414,36.8128716,2026-08-05 11:00:00,11,2,0,0,50,100,1.0,44,0.8836,1
MAIN PACKING,-1.2803274,36.8127162,2026-08-05 11:00:00,11,2,0,0,50,100,1.0,39,0.779,1
YMCA STAFF PARKING,-1.2805756,36.8129968,2026-08-05 11:00:00,11,2,0,0,50,100,1.0,41,0.815,1
Unnamed Parking,-1.2896057,36.8150615,2026-08-05 12:00:00,12,2,0,0,50,100,1.0,38,0.7578,1
Unnamed Parking,-1.2909796,36.8282672,2026-08-05 12:00:00,12,2,0,0,50,100,1.0,34,0.6702,1
Unnamed Parking,-1.2856445,36.8132893,2026-08-05 12:00:00,12,2,0,0,50,100,1.0,42,0.8382,1
Unnamed Parking,-1.2597359,36.8182597,2026-08-05 12:00:00,12,2,0,0,50,100,1.0,33,0.668,1
Unnamed Parking,-1.2641049,36.8117123,2026-08-05 12:00:00,12,2,0,0,50,100,1.0,36,0.718,1
InterContinental Hotel Car Park,-1.2873717,36.8192911,2026-08-05 12:00:00,12,2,0,0,50,300,1.15,39,0.7746,1
Unnamed Parking,-1.25013,36.8202579,2026-08-05 12:00:00,12,2,0,0,50,100,1.16,29,0.5865,1
Olympic Bus Terminus,-1.3126351,36.7778212,2026-08-05 12:00:00,12,2,0,0,50,100,1.0,28,0.5591,1
Ayany Car Park,-1.3090339,36.7757579,2026-08-05 12:00:00,12,2,0,0,50,200,1.0,29,0.5779,1
Westgate Mall Car Park,-1.2566578,36.8035661,2026-08-05 12:00:00,12,2,0,0,50,50,1.0,40,0.801,1
Student parking,-1.274479,36.805643,2026-08-05 12:00:00,12,2,0,0,50,100,1.0,33,0.6559,1
Kenton Rear Parking,-1.2809847,36.7869545,2026-08-05 12:00:00,12,2,0,0,50,100,1.0,45,0.9047,1
Unnamed Parking,-1.2553877,36.8667692,2026-08-05 12:00:00,12,2,0,0,50,100,1.0,33,0.6549,1
Unnamed Parking,-1.259848,36.8644681,2026-08-05 12:00:00,12,2,0,0,50,100,1.19,36,0.7148,1
Travel House Parking,-1.2861727,36.8214386,2026-08-05 12:00:00,12,2,0,0,50,100,1.18,41,0.8234,1
Lenana Parking Lot Area,-1.2900918,36.800209,2026-08-05 12:00:00,12,2,0,0,50,100,1.0,43,0.8605,1
Unnamed Parking,-1.2944773,36.8101427,2026-08-05 12:00:00,12,2,0,0,50,100,1.0,43,0.8649,1
Parking B,-1.2806414,36.8128716,2026-08-05 12:00:00,12,2,0,0,50,100,1.0,40,0.7967,1
MAIN PACKING,-1.2803274,36.8127162,2026-08-05 12:00:00,12,2,0,0,50,100,1.0,39,0.7819,1
YMCA STAFF PARKING,-1.2805756,36.8129968,2026-08-05 12:00:00,12,2,0,0,50,100,1.0,37,0.7474,1
Unnamed Parking,-1.2896057,36.8150615,2026-08-05 13:00:00,13,2,0,0,50,100,1.0,46,0.9123,1
Unnamed Parking,-1.2909796,36.8282672,2026-08-05 13:00:00,13,2,0,0,50,100,1.0,40,0.8059,1
Unnamed Parking,-1.2856445,36.8132893,2026-08-05 13:00:00,13,2,0,0,50,100,1.0,39,0.7845,1
Unnamed Parking,-1.2597359,36.8182597,2026-08-05 13:00:00,13,2,0,0,50,100,1.0,42,0.8497,1
Unnamed Parking,-1.2641049,36.8117123,2026-08-05 13:00:00,13,2,0,0,50,100,1.0,42,0.8364,1
InterContinental Hotel Car Park,-1.2873717,36.8192911,2026-08-05 13:00:00,13,2,0,0,50,300,1.15,41,0.8137,1
Unnamed Parking,-1.25013,36.8202579,2026-08-05 13:00:00,13,2,0,0,50,100,1.16,45,0.9057,1
Olympic Bus Terminus,-1.3126351,36.7778212,2026-08-05 13:00:00,13,2,0,0,50,100,1.0,46,0.9264,1
Ayany Car Park,-1.3090339,36.7757579,2026-08-05 13:00:00,13,2,0,0,50,200,1.0,43,0.8571,1
Westgate Mall Car Park,-1.2566578,36.8035661,2026-08-05 13:00:00,13,2,0,0,50,50,1.0,48,0.9682,0
Student parking,-1.274479,36.805643,2026-08-05 13:00:00,13,2,0,0,50,100,1.0,38,0.7587,1
Kenton Rear Parking,-1.2809847,36.7869545,2026-08-05 13:00:00,13,2,0,0,50,100,1.0,42,0.8345,1
Unnamed Parking,-1.2553877,36.8667692,2026-08-05 13:00:00,13,2,0,0,50,100,1.0,40,0.7927,1
Unnamed Parking,-1.259848,36.8644681,2026-08-05 13:00:00,13,2,0,0,50,100,1.19,35,0.7007,1
Travel House Parking,-1.2861727,36.8214386,2026-08-05 13:00:00,13,2,0,0,50,100,1.18,42,0.8434,1
Lenana Parking Lot Area,-1.2900918,36.800209,2026-08-05 13:00:00,13,2,0,0,50,100,1.0,42,0.8403,1
Unnamed Parking,-1.2944773,36.8101427,2026-08-05 13:00:00,13,2,0,0,50,100,1.0,49,0.9711,0
Parking B,-1.2806414,36.8128716,2026-08-05 13:00:00,13,2,0,0,50,100,1.0,45,0.9005,1
MAIN PACKING,-1.2803274,36.8127162,2026-08-05 13:00:00,13,2,0,0,50,100,1.0,38,0.7681,1
YMCA STAFF PARKING,-1.2805756,36.8129968,2026-08-05 13:00:00,13,2,0,0,50,100,1.0,50,0.9983,0
Unnamed Parking,-1.2896057,36.8150615,2026-08-05 14:00:00,14,2,0,0,50,100,1.0,47,0.9477,1
Unnamed Parking,-1.2909796,36.8282672,2026-08-05 14:00:00,14,2,0,0,50,100,1.0,45,0.8966,1
Unnamed Parking,-1.2856445,36.8132893,2026-08-05 14:00:00,14,2,0,0,50,100,1.0,42,0.8319,1
Unnamed Parking,-1.2597359,36.8182597,2026-08-05 14:00:00,14,2,0,0,50,100,1.0,39,0.7732,1
Unnamed Parking,-1.2641049,36.8117123,2026-08-05 14:00:00,14,2,0,0,50,100,1.0,41,0.8202,1
InterContinental Hotel Car Park,-1.2873717,36.8192911,2026-08-05 14:00:00,14,2,0,0,50,300,1.15,47,0.9371,1
Unnamed Parking,-1.25013,36.8202579,2026-08-05 14:00:00,14,2,0,0,50,100,1.16,50,1.0,0
Olympic Bus Terminus,-1.3126351,36.7778212,2026-08-05 14:00:00,14,2,0,0,50,100,1.0,49,0.9735,0
Ayany Car Park,-1.3090339,36.7757579,2026-08-05 14:00:00,14,2,0,0,50,200,1.0,41,0.8109,1
Westgate Mall Car Park,-1.2566578,36.8035661,2026-08-05 14:00:00,14,2,0,0,50,50,1.0,38,0.7604,1
Student parking,-1.274479,36.805643,2026-08-05 14:00:00,14,2,0,0,50,100,1.0,43,0.8613,1
Kenton Rear Parking,-1.2809847,36.7869545,2026-08-05 14:00:00,14,2,0,0,50,100,1.0,35,0.7085,1
Unnamed Parking,-1.2553877,36.8667692,2026-08-05 14:00:00,14,2,0,0,50,100,1.0,44,0.8759,1
Unnamed Parking,-1.259848,36.8644681,2026-08-05 14:00:00,14,2,0,0,50,100,1.19,42,0.8382,1
Travel House Parking,-1.2861727,36.8214386,2026-08-05 14:00:00,14,2,0,0,50,100,1.18,41,0.8127,1
Lenana Parking Lot Area,-1.2900918,36.800209,2026-08-05 14:00:00,14,2,0,0,50,100,1.0,36,0.7224,1
Unnamed Parking,-1.2944773,36.8101427,2026-08-05 14:00:00,14,2,0,0,50,100,1.0,45,0.8911,1
Parking B,-1.2806414,36.8128716,2026-08-05 14:00:00,14,2,0,0,50,100,1.0,40,0.8074,1
MAIN PACKING,-1.2803274,36.8127162,2026-08-05 14:00:00,14,2,0,0,50,100,1.0,38,0.7564,1
YMCA STAFF PARKING,-1.2805756,36.8129968,2026-08-05 14:00:00,14,2,0,0,50,100,1.0,31,0.6202,1
Unnamed Parking,-1.2896057,36.8150615,2026-08-05 15:00:00,15,2,0,0,50,100,1.0,42,0.8478,1
Unnamed Parking,-1.2909796,36.8282672,2026-08-05 15:00:00,15,2,0,0,50,100,1.0,50,0.9918,0
Unnamed Parking,-1.2856445,36.8132893,2026-08-05 15:00:00,15,2,0,0,50,100,1.0,49,0.9829,0
Unnamed Parking,-1.2597359,36.8182597,2026-08-05 15:00:00,15,2,0,0,50,100,1.0,41,0.8134,1
Unnamed Parking,-1.2641049,36.8117123,2026-08-05 15:00:00,15,2,0,0,50,100,1.0,40,0.8018,1
InterContinental Hotel Car Park,-1.2873717,36.8192911,2026-08-05 15:00:00,15,2,0,0,50,300,1.15,44,0.8875,1
Unnamed Parking,-1.25013,36.8202579,2026-08-05 15:00:00,15,2,0,0,50,100,1.16,39,0.7701,1
Olympic Bus Terminus,-1.3126351,36.7778212,2026-08-05 15:00:00,15,2,0,0,50,100,1.0,44,0.8741,1
Ayany Car Park,-1.3090339,36.7757579,2026-08-05 15:00:00,15,2,0,0,50,200,1.0,46,0.9113,1
Westgate Mall Car Park,-1.2566578,36.8035661,2026-08-05 15:00:00,15,2,0,0,50,50,1.0,47,0.9482,1
Student parking,-1.274479,36.805643,2026-08-05 15:00:00,15,2,0,0,50,100,1.0,42,0.842,1
Kenton Rear Parking,-1.2809847,36.7869545,2026-08-05 15:00:00,15,2,0,0,50,100,1.0,42,0.8337,1
Unnamed Parking,-1.2553877,36.8667692,2026-08-05 15:00:00,15,2,0,0,50,100,1.0,39,0.7798,1
Unnamed Parking,-1.259848,36.8644681,2026-08-05 15:00:00,15,2,0,0,50,100,1.19,39,0.7838,1
Travel House Parking,-1.2861727,36.8214386,2026-08-05 15:00:00,15,2,0,0,50,100,1.18,42,0.8319,1
Lenana Parking Lot Area,-1.2900918,36.800209,2026-08-05 15:00:00,15,2,0,0,50,100,1.0,44,0.8794,1
Unnamed Parking,-1.2944773,36.8101427,2026-08-05 15:00:00,15,2,0,0,50,100,1.0,46,0.9231,1
Parking B,-1.2806414,36.8128716,2026-08-05 15:00:00,15,2,0,0,50,100,1.0,39,0.7857,1
MAIN PACKING,-1.2803274,36.8127162,2026-08-05 15:00:00,15,2,0,0,50,100,1.0,48,0.9694,0
YMCA STAFF PARKING,-1.2805756,36.8129968,2026-08-05 15:00:00,15,2,0,0,50,100,1.0,41,0.8283,1
Unnamed Parking,-1.2896057,36.8150615,2026-08-05 16:00:00,16,2,0,0,50,100,1.0,42,0.8483,1
Unnamed Parking,-1.2909796,36.8282672,2026-08-05 16:00:00,16,2,0,0,50,100,1.0,40,0.7902,1
Unnamed Parking,-1.2856445,36.8132893,2026-08-05 16:00:00,16,2,0,0,50,100,1.0,33,0.6561,1
Unnamed Parking,-1.2597359,36.8182597,2026-08-05 16:00:00,16,2,0,0,50,100,1.0,46,0.9207,1
Unnamed Parking,-1.2641049,36.8117123,2026-08-05 16:00:00,16,2,0,0,50,100,1.0,45,0.9089,1
InterContinental Hotel Car Park,-1.2873717,36.8192911,2026-08-05 16:00:00,16,2,0,0,50,300,1.15,41,0.8275,1
Unnamed Parking,-1.25013,36.8202579,2026-08-05 16:00:00,16,2,0,0,50,100,1.16,43,0.8554,1
Olympic Bus Terminus,-1.3126351,36.7778212,2026-08-05 16:00:00,16,2,0,0,50,100,1.0,45,0.8913,1
Ayany Car Park,-1.3090339,36.7757579,2026-08-05 16:00:00,16,2,0,0,50,200,1.0,36,0.725,1
Westgate Mall Car Park,-1.2566578,36.8035661,2026-08-05 16:00:00,16,2,0,0,50,50,1.0,40,0.8077,1
Student parking,-1.274479,36.805643,2026-08-05 16:00:00,16,2,0,0,50,100,1.0,46,0.9135,1
Kenton Rear Parking,-1.2809847,36.7869545,2026-08-05 16:00:00,16,2,0,0,50,100,1.0,37,0.7497,1
Unnamed Parking,-1.2553877,36.8667692,2026-08-05 16:00:00,16,2,0,0,50,100,1.0,44,0.8735,1
Unnamed Parking,-1.259848,36.8644681,2026-08-05 16:00:00,16,2,0,0,50,100,1.19,37,0.7415,1
Travel House Parking,-1.2861727,36.8214386,2026-08-05 16:00:00,16,2,0,0,50,100,1.18,44,0.8873,1
Lenana Parking Lot Area,-1.2900918,36.800209,2026-08-05 16:00:00,16,2,0,0,50,100,1.0,42,0.8471,1
Unnamed Parking,-1.2944773,36.8101427,2026-08-05 16:00:00,16,2,0,0,50,100,1.0,36,0.7208,1
Parking B,-1.2806414,36.8128716,2026-08-05 16:00:00,16,2,0,0,50,100,1.0,47,0.9432,1
MAIN PACKING,-1.2803274,36.8127162,2026-08-05 16:00:00,16,2,0,0,50,100,1.0,40,0.7912,1
YMCA STAFF PARKING,-1.2805756,36.8129968,2026-08-05 16:00:00,16,2,0,0,50,100,1.0,39,0.7852,1
Unnamed Parking,-1.2896057,36.8150615,2026-08-05 17:00:00,17,2,0,0,50,100,1.0,36,0.716,1
Unnamed Parking,-1.2909796,36.8282672,2026-08-05 17:00:00,17,2,0,0,50,100,1.0,40,0.7919,1
Unnamed Parking,-1.2856445,36.8132893,2026-08-05 17:00:00,17,2,0,0,50,100,1.0,31,0.6187,1
Unnamed Parking,-1.2597359,36.8182597,2026-08-05 17:00:00,17,2,0,0,50,100,1.0,35,0.7049,1
Unnamed Parking,-1.2641049,36.8117123,2026-08-05 17:00:00,17,2,0,0,50,100,1.0,37,0.7343,1
InterContinental Hotel Car Park,-1.2873717,36.8192911,2026-08-05 17:00:00,17,2,0,0,50,300,1.15,38,0.7554,1
Unnamed Parking,-1.25013,36.8202579,2026-08-05 17:00:00,17,2,0,0,50,100,1.16,36,0.7141,1
Olympic Bus Terminus,-1.3126351,36.7778212,2026-08-05 17:00:00,17,2,0,0,50,100,1.0,34,0.6706,1
Ayany Car Park,-1.3090339,36.7757579,2026-08-05 17:00:00,17,2,0,0,50,200,1.0,32,0.6338,1
Westgate Mall Car Park,-1.2566578,36.8035661,2026-08-05 17:00:00,17,2,0,0,50,50,1.0,35,0.7069,1
Student parking,-1.274479,36.805643,2026-08-05 17:00:00,17,2,0,0,50,100,1.0,31,0.6142,1
Kenton Rear Parking,-1.2809847,36.7869545,2026-08-05 17:00:00,17,2,0,0,50,100,1.0,23,0.4663,1
Unnamed Parking,-1.2553877,36.8667692,2026-08-05 17:00:00,17,2,0,0,50,100,1.0,37,0.7349,1
Unnamed Parking,-1.259848,36.8644681,2026-08-05 17:00:00,17,2,0,0,50,100,1.19,39,0.7723,1
Travel House Parking,-1.2861727,36.8214386,2026-08-05 17:00:00,17,2,0,0,50,100,1.18,26,0.511,1
Lenana Parking Lot Area,-1.2900918,36.800209,2026-08-05 17:00:00,17,2,0,0,50,100,1.0,31,0.6192,1
Unnamed Parking,-1.2944773,36.8101427,2026-08-05 17:00:00,17,2,0,0,50,100,1.0,37,0.7495,1
Parking B,-1.2806414,36.8128716,2026-08-05 17:00:00,17,2,0,0,50,100,1.0,43,0.8646,1
MAIN PACKING,-1.2803274,36.8127162,2026-08-05 17:00:00,17,2,0,0,50,100,1.0,35,0.7017,1
YMCA STAFF PARKING,-1.2805756,36.8129968,2026-08-05 17:00:00,17,2,0,0,50,100,1.0,32,0.6418,1
Unnamed Parking,-1.2896057,36.8150615,2026-08-05 18:00:00,18,2,0,0,50,100,1.0,34,0.6854,1
Unnamed Parking,-1.2909796,36.8282672,2026-08-05 18:00:00,18,2,0,0,50,100,1.0,40,0.81,1
Unnamed Parking,-1.2856445,36.8132893,2026-08-05 18:00:00,18,2,0,0,50,100,1.0,32,0.6483,1
Unnamed Parking,-1.2597359,36.8182597,2026-08-05 18:00:00,18,2,0,0,50,100,1.0,32,0.6361,1
Unnamed Parking,-1.2641049,36.8117123,2026-08-05 18:00:00,18,2,0,0,50,100,1.0,33,0.6614,1
InterContinental Hotel Car Park,-1.2873717,36.8192911,2026-08-05 18:00:00,18,2,0,0,50,300,1.15,31,0.6237,1
Unnamed Parking,-1.25013,36.8202579,2026-08-05 18:00:00,18,2,0,0,50,100,1.16,35,0.7098,1
Olympic Bus Terminus,-1.3126351,36.7778212,2026-08-05 18:00:00,18,2,0,0,50,100,1.0,41,0.83,1
Ayany Car Park,-1.3090339,36.7757579,2026-08-05 18:00:00,18,2,0,0,50,200,1.0,36,0.7258,1
Westgate Mall Car Park,-1.2566578,36.8035661,2026-08-05 18:00:00,18,2,0,0,50,50,1.0,34,0.6798,1
Student parking,-1.274479,36.805643,2026-08-05 18:00:00,18,2,0,0,50,100,1.0,34,0.6767,1
Kenton Rear Parking,-1.2809847,36.7869545,2026-08-05 18:00:00,18,2,0,0,50,100,1.0,29,0.5749,1
Unnamed Parking,-1.2553877,36.8667692,2026-08-05 18:00:00,18,2,0,0,50,100,1.0,39,0.7706,1
Unnamed Parking,-1.259848,36.8644681,2026-08-05 18:00:00,18,2,0,0,50,100,1.19,35,0.6938,1
Travel House Parking,-1.2861727,36.8214386,2026-08-05 18:00:00,18,2,0,0,50,100,1.18,34,0.6856,1
Lenana Parking Lot Area,-1.2900918,36.800209,2026-08-05 18:00:00,18,2,0,0,50,100,1.0,48,0.9554,0
Unnamed Parking,-1.2944773,36.8101427,2026-08-05 18:00:00,18,2,0,0,50,100,1.0,36,0.7239,1
Parking B,-1.2806414,36.8128716,2026-08-05 18:00:00,18,2,0,0,50,100,1.0,32,0.6399,1
MAIN PACKING,-1.2803274,36.8127162,2026-08-05 18:00:00,18,2,0,0,50,100,1.0,33,0.6659,1
YMCA STAFF PARKING,-1.2805756,36.8129968,2026-08-05 18:00:00,18,2,0,0,50,100,1.0,40,0.7919,1
Unnamed Parking,-1.2896057,36.8150615,2026-08-05 19:00:00,19,2,0,0,50,100,1.0,20,0.4091,1
Unnamed Parking,-1.2909796,36.8282672,2026-08-05 19:00:00,19,2,0,0,50,100,1.0,14,0.2849,1
Unnamed Parking,-1.2856445,36.8132893,2026-08-05 19:00:00,19,2,0,0,50,100,1.0,24,0.4735,1
Unnamed Parking,-1.2597359,36.8182597,2026-08-05 19:00:00,19,2,0,0,50,100,1.0,17,0.3465,1
Unnamed Parking,-1.2641049,36.8117123,2026-08-05 19:00:00,19,2,0,0,50,100,1.0,27,0.5499,1
InterContinental Hotel Car Park,-1.2873717,36.8192911,2026-08-05 19:00:00,19,2,0,0,50,300,1.15,24,0.4864,1
Unnamed Parking,-1.25013,36.8202579,2026-08-05 19:00:00,19,2,0,0,50,100,1.16,18,0.3642,1
Olympic Bus Terminus,-1.3126351,36.7778212,2026-08-05 19:00:00,19,2,0,0,50,100,1.0,25,0.5025,1
Ayany Car Park,-1.3090339,36.7757579,2026-08-05 19:00:00,19,2,0,0,50,200,1.0,20,0.4054,1
Westgate Mall Car Park,-1.2566578,36.8035661,2026-08-05 19:00:00,19,2,0,0,50,50,1.0,23,0.4682,1
Student parking,-1.274479,36.805643,2026-08-05 19:00:00,19,2,0,0,50,100,1.0,22,0.4388,1
Kenton Rear Parking,-1.2809847,36.7869545,2026-08-05 19:00:00,19,2,0,0,50,100,1.0,17,0.3323,1
Unnamed Parking,-1.2553877,36.8667692,2026-08-05 19:00:00,19,2,0,0,50,100,1.0,17,0.3485,1
Unnamed Parking,-1.259848,36.8644681,2026-08-05 19:00:00,19,2,0,0,50,100,1.19,24,0.4824,1
Travel House Parking,-1.2861727,36.8214386,2026-08-05 19:00:00,19,2,0,0,50,100,1.18,19,0.3732,1
Lenana Parking Lot Area,-1.2900918,36.800209,2026-08-05 19:00:00,19,2,0,0,50,100,1.0,18,0.3677,1
Unnamed Parking,-1.2944773,36.8101427,2026-08-05 19:00:00,19,2,0,0,50,100,1.0,16,0.3236,1
Parking B,-1.2806414,36.8128716,2026-08-05 19:00:00,19,2,0,0,50,100,1.0,22,0.4339,1
MAIN PACKING,-1.2803274,36.8127162,2026-08-05 19:00:00,19,2,0,0,50,100,1.0,28,0.565,1
YMCA STAFF PARKING,-1.2805756,36.8129968,2026-08-05 19:00:00,19,2,0,0,50,100,1.0,16,0.3146,1
Unnamed Parking,-1.2896057,36.8150615,2026-08-05 20:00:00,20,2,0,0,50,100,1.0,20,0.4019,1
Unnamed Parking,-1.2909796,36.8282672,2026-08-05 20:00:00,20,2,0,0,50,100,1.0,26,0.513,1
Unnamed Parking,-1.2856445,36.8132893,2026-08-05 20:00:00,20,2,0,0,50,100,1.0,20,0.3936,1
Unnamed Parking,-1.2597359,36.8182597,2026-08-05 20:00:00,20,2,0,0,50,100,1.0,22,0.4362,1
Unnamed Parking,-1.2641049,36.8117123,2026-08-05 20:00:00,20,2,0,0,50,100,1.0,16,0.315,1
InterContinental Hotel Car Park,-1.2873717,36.8192911,2026-08-05 20:00:00,20,2,0,0,50,300,1.15,22,0.4343,1
Unnamed Parking,-1.25013,36.8202579,2026-08-05 20:00:00,20,2,0,0,50,100,1.16,19,0.385,1
Olympic Bus Terminus,-1.3126351,36.7778212,2026-08-05 20:00:00,20,2,0,0,50,100,1.0,24,0.4789,1
Ayany Car Park,-1.3090339,36.7757579,2026-08-05 20:00:00,20,2,0,0,50,200,1.0,25,0.495,1
Westgate Mall Car Park,-1.2566578,36.8035661,2026-08-05 20:00:00,20,2,0,0,50,50,1.0,30,0.6072,1
Student parking,-1.274479,36.805643,2026-08-05 20:00:00,20,2,0,0,50,100,1.0,22,0.4464,1
Kenton Rear Parking,-1.2809847,36.7869545,2026-08-05 20:00:00,20,2,0,0,50,100,1.0,21,0.4261,1
Unnamed Parking,-1.2553877,36.8667692,2026-08-05 20:00:00,20,2,0,0,50,100,1.0,21,0.4156,1
Unnamed Parking,-1.259848,36.8644681,2026-08-05 20:00:00,20,2,0,0,50,100,1.19,19,0.3717,1
Travel House Parking,-1.2861727,36.8214386,2026-08-05 20:00:00,20,2,0,0,50,100,1.18,21,0.4271,1
Lenana Parking Lot Area,-1.2900918,36.800209,2026-08-05 20:00:00,20,2,0,0,50,100,1.0,19,0.3764,1
Unnamed Parking,-1.2944773,36.8101427,2026-08-05 20:00:00,20,2,0,0,50,100,1.0,21,0.4135,1
Parking B,-1.2806414,36.8128716,2026-08-05 20:00:00,20,2,0,0,50,100,1.0,25,0.5054,1
MAIN PACKING,-1.2803274,36.8127162,2026-08-05 20:00:00,20,2,0,0,50,100,1.0,16,0.3195,1
YMCA STAFF PARKING,-1.2805756,36.8129968,2026-08-05 20:00:00,20,2,0,0,50,100,1.0,25,0.4912,1
Unnamed Parking,-1.2896057,36.8150615,2026-08-05 21:00:00,21,2,0,0,50,100,1.0,25,0.5054,1
Unnamed Parking,-1.2909796,36.8282672,2026-08-05 21:00:00,21,2,0,0,50,100,1.0,20,0.3906,1
Unnamed Parking,-1.2856445,36.8132893,2026-08-05 21:00:00,21,2,0,0,50,100,1.0,12,0.2303,1
Unnamed Parking,-1.2597359,36.8182597,2026-08-05 21:00:00,21,2,0,0,50,100,1.0,18,0.3514,1
Unnamed Parking,-1.2641049,36.8117123,2026-08-05 21:00:00,21,2,0,0,50,100,1.0,25,0.5038,1
InterContinental Hotel Car Park,-1.2873717,36.8192911,2026-08-05 21:00:00,21,2,0,0,50,300,1.15,20,0.3982,1
Unnamed Parking,-1.25013,36.8202579,2026-08-05 21:00:00,21,2,0,0,50,100,1.16,16,0.3201,1
Olympic Bus Terminus,-1.3126351,36.7778212,2026-08-05 21:00:00,21,2,0,0,50,100,1.0,18,0.3596,1
Ayany Car Park,-1.3090339,36.7757579,2026-08-05 21:00:00,21,2,0,0,50,200,1.0,23,0.4672,1
Westgate Mall Car Park,-1.2566578,36.8035661,2026-08-05 21:00:00,21,2,0,0,50,50,1.0,22,0.4437,1
Student parking,-1.274479,36.805643,2026-08-05 21:00:00,21,2,0,0,50,100,1.0,19,0.3809,1
Kenton Rear Parking,-1.2809847,36.7869545,2026-08-05 21:00:00,21,2,0,0,50,100,1.0,19,0.3707,1
Unnamed Parking,-1.2553877,36.8667692,2026-08-05 21:00:00,21,2,0,0,50,100,1.0,18,0.3687,1
Unnamed Parking,-1.259848,36.8644681,2026-08-05 21:00:00,21,2,0,0,50,100,1.19,16,0.3262,1
Travel House Parking,-1.2861727,36.8214386,2026-08-05 21:00:00,21,2,0,0,50,100,1.18,26,0.5292,1
Lenana Parking Lot Area,-1.2900918,36.800209,2026-08-05 21:00:00,21,2,0,0,50,100,1.0,19,0.3742,1
Unnamed Parking,-1.2944773,36.8101427,2026-08-05 21:00:00,21,2,0,0,50,100,1.0,25,0.4974,1
Parking B,-1.2806414,36.8128716,2026-08-05 21:00:00,21,2,0,0,50,100,1.0,26,0.5217,1
MAIN PACKING,-1.2803274,36.8127162,2026-08-05 21:00:00,21,2,0,0,50,100,1.0,24,0.4799,1
YMCA STAFF PARKING,-1.2805756,36.8129968,2026-08-05 21:00:00,21,2,0,0,50,100,1.0,18,0.3655,1
Unnamed Parking,-1.2896057,36.8150615,2026-08-05 22:00:00,22,2,0,0,50,100,1.0,22,0.4323,1
Unnamed Parking,-1.2909796,36.8282672,2026-08-05 22:00:00,22,2,0,0,50,100,1.0,20,0.3981,1
Unnamed Parking,-1.2856445,36.8132893,2026-08-05 22:00:00,22,2,0,0,50,100,1.0,16,0.3277,1
Unnamed Parking,-1.2597359,36.8182597,2026-08-05 22:00:00,22,2,0,0,50,100,1.0,21,0.4259,1
Unnamed Parking,-1.2641049,36.8117123,2026-08-05 22:00:00,22,2,0,0,50,100,1.0,15,0.3057,1
InterContinental Hotel Car Park,-1.2873717,36.8192911,2026-08-05 22:00:00,22,2,0,0,50,300,1.15,25,0.495,1
Unnamed Parking,-1.25013,36.8202579,2026-08-05 22:00:00,22,2,0,0,50,100,1.16,18,0.3628,1
Olympic Bus Terminus,-1.3126351,36.7778212,2026-08-05 22:00:00,22,2,0,0,50,100,1.0,21,0.4161,1
Ayany Car Park,-1.3090339,36.7757579,2026-08-05 22:00:00,22,2,0,0,50,200,1.0,21,0.4227,1
Westgate Mall Car Park,-1.2566578,36.8035661,2026-08-05 22:00:00,22,2,0,0,50,50,1.0,19,0.3793,1
Student parking,-1.274479,36.805643,2026-08-05 22:00:00,22,2,0,0,50,100,1.0,22,0.4469,1
Kenton Rear Parking,-1.2809847,36.7869545,2026-08-05 22:00:00,22,2,0,0,50,100,1.0,18,0.362,1
Unnamed Parking,-1.2553877,36.8667692,2026-08-05 22:00:00,22,2,0,0,50,100,1.0,23,0.4697,1
Unnamed Parking,-1.259848,36.8644681,2026-08-05 22:00:00,22,2,0,0,50,100,1.19,15,0.2923,1
Travel House Parking,-1.2861727,36.8214386,2026-08-05 22:00:00,22,2,0,0,50,100,1.18,21,0.4101,1
Lenana Parking Lot Area,-1.2900918,36.800209,2026-08-05 22:00:00,22,2,0,0,50,100,1.0,28,0.5551,1
Unnamed Parking,-1.2944773,36.8101427,2026-08-05 22:00:00,22,2,0,0,50,100,1.0,16,0.32,1
Parking B,-1.2806414,36.8128716,2026-08-05 22:00:00,22,2,0,0,50,100,1.0,17,0.3458,1
MAIN PACKING,-1.2803274,36.8127162,2026-08-05 22:00:00,22,2,0,0,50,100,1.0,22,0.4411,1
YMCA STAFF PARKING,-1.2805756,36.8129968,2026-08-05 22:00:00,22,2,0,0,50,100,1.0,21,0.4144,1
Unnamed Parking,-1.2896057,36.8150615,2026-08-06 06:00:00,6,3,0,0,50,100,1.0,21,0.4281,1
Unnamed Parking,-1.2909796,36.8282672,2026-08-06 06:00:00,6,3,0,0,50,100,1.0,22,0.4391,1
Unnamed Parking,-1.2856445,36.8132893,2026-08-06 06:00:00,6,3,0,0,50,100,1.0,23,0.4508,1
Unnamed Parking,-1.2597359,36.8182597,2026-08-06 06:00:00,6,3,0,0,50,100,1.0,24,0.4888,1
Unnamed Parking,-1.2641049,36.8117123,2026-08-06 06:00:00,6,3,0,0,50,100,1.0,22,0.4328,1
InterContinental Hotel Car Park,-1.2873717,36.8192911,2026-08-06 06:00:00,6,3,0,0,50,300,1.15,19,0.3807,1
Unnamed Parking,-1.25013,36.8202579,2026-08-06 06:00:00,6,3,0,0,50,100,1.16,23,0.4538,1
Olympic Bus Terminus,-1.3126351,36.7778212,2026-08-06 06:00:00,6,3,0,0,50,100,1.0,28,0.552,1
Ayany Car Park,-1.3090339,36.7757579,2026-08-06 06:00:00,6,3,0,0,50,200,1.0,19,0.3894,1
Westgate Mall Car Park,-1.2566578,36.8035661,2026-08-06 06:00:00,6,3,0,0,50,50,1.0,16,0.322,1
Student parking,-1.274479,36.805643,2026-08-06 06:00:00,6,3,0,0,50,100,1.0,24,0.4886,1
Kenton Rear Parking,-1.2809847,36.7869545,2026-08-06 06:00:00,6,3,0,0,50,100,1.0,20,0.3904,1
Unnamed Parking,-1.2553877,36.8667692,2026-08-06 06:00:00,6,3,0,0,50,100,1.0,11,0.2262,1
Unnamed Parking,-1.259848,36.8644681,2026-08-06 06:00:00,6,3,0,0,50,100,1.19,23,0.4678,1
Travel House Parking,-1.2861727,36.8214386,2026-08-06 06:00:00,6,3,0,0,50,100,1.18,18,0.3572,1
Lenana Parking Lot Area,-1.2900918,36.800209,2026-08-06 06:00:00,6,3,0,0,50,100,1.0,20,0.3928,1
Unnamed Parking,-1.2944773,36.8101427,2026-08-06 06:00:00,6,3,0,0,50,100,1.0,21,0.4266,1
Parking B,-1.2806414,36.8128716,2026-08-06 06:00:00,6,3,0,0,50,100,1.0,21,0.4152,1
MAIN PACKING,-1.2803274,36.8127162,2026-08-06 06:00:00,6,3,0,0,50,100,1.0,23,0.4568,1
YMCA STAFF PARKING,-1.2805756,36.8129968,2026-08-06 06:00:00,6,3,0,0,50,100,1.0,18,0.3652,1
Unnamed Parking,-1.2896057,36.8150615,2026-08-06 07:00:00,7,3,0,0,50,100,1.0,22,0.441,1
Unnamed Parking,-1.2909796,36.8282672,2026-08-06 07:00:00,7,3,0,0,50,100,1.0,19,0.3792,1
Unnamed Parking,-1.2856445,36.8132893,2026-08-06 07:00:00,7,3,0,0,50,100,1.0,23,0.4591,1
Unnamed Parking,-1.2597359,36.8182597,2026-08-06 07:00:00,7,3,0,0,50,100,1.0,22,0.4492,1
Unnamed Parking,-1.2641049,36.8117123,2026-08-06 07:00:00,7,3,0,0,50,100,1.0,16,0.3252,1
InterContinental Hotel Car Park,-1.2873717,36.8192911,2026-08-06 07:00:00,7,3,0,0,50,300,1.15,24,0.4869,1
Unnamed Parking,-1.25013,36.8202579,2026-08-06 07:00:00,7,3,0,0,50,100,1.16,18,0.3571,1
Olympic Bus Terminus,-1.3126351,36.7778212,2026-08-06 07:00:00,7,3,0,0,50,100,1.0,23,0.4646,1
Ayany Car Park,-1.3090339,36.7757579,2026-08-06 07:00:00,7,3,0,0,50,200,1.0,21,0.4294,1
Westgate Mall Car Park,-1.2566578,36.8035661,2026-08-06 07:00:00,7,3,0,0,50,50,1.0,27,0.5471,1
Student parking,-1.274479,36.805643,2026-08-06 07:00:00,7,3,0,0,50,100,1.0,19,0.3821,1
Kenton Rear Parking,-1.2809847,36.7869545,2026-08-06 07:00:00,7,3,0,0,50,100,1.0,19,0.3721,1
Unnamed Parking,-1.2553877,36.8667692,2026-08-06 07:00:00,7,3,0,0,50,100,1.0,20,0.3984,1
Unnamed Parking,-1.259848,36.8644681,2026-08-06 07:00:00,7,3,0,0,50,100,1.19,19,0.3757,1
Travel House Parking,-1.2861727,36.8214386,2026-08-06 07:00:00,7,3,0,0,50,100,1.18,23,0.464,1
Lenana Parking Lot Area,-1.2900918,36.800209,2026-08-06 07:00:00,7,3,0,0,50,100,1.0,14,0.2707,1
Unnamed Parking,-1.2944773,36.8101427,2026-08-06 07:00:00,7,3,0,0,50,100,1.0,16,0.3157,1
Parking B,-1.2806414,36.8128716,2026-08-06 07:00:00,7,3,0,0,50,100,1.0,16,0.3146,1
MAIN PACKING,-1.2803274,36.8127162,2026-08-06 07:00:00,7,3,0,0,50,100,1.0,24,0.476,1
YMCA STAFF PARKING,-1.2805756,36.8129968,2026-08-06 07:00:00,7,3,0,0,50,100,1.0,27,0.5368,1
Unnamed Parking,-1.2896057,36.8150615,2026-08-06 08:00:00,8,3,0,0,50,100,1.0,42,0.8416,1
Unnamed Parking,-1.2909796,36.8282672,2026-08-06 08:00:00,8,3,0,0,50,100,1.0,42,0.8365,1
Unnamed Parking,-1.2856445,36.8132893,2026-08-06 08:00:00,8,3,0,0,50,100,1.0,43,0.8556,1
Unnamed Parking,-1.2597359,36.8182597,2026-08-06 08:00:00,8,3,0,0,50,100,1.0,47,0.943,1
Unnamed Parking,-1.2641049,36.8117123,2026-08-06 08:00:00,8,3,0,0,50,100,1.0,39,0.7758,1
InterContinental Hotel Car Park,-1.2873717,36.8192911,2026-08-06 08:00:00,8,3,0,0,50,300,1.15,43,0.8691,1
Unnamed Parking,-1.25013,36.8202579,2026-08-06 08:00:00,8,3,0,0,50,100,1.16,46,0.928,1
Olympic Bus Terminus,-1.3126351,36.7778212,2026-08-06 08:00:00,8,3,0,0,50,100,1.0,45,0.8901,1
Ayany Car Park,-1.3090339,36.7757579,2026-08-06 08:00:00,8,3,0,0,50,200,1.0,43,0.8652,1
Westgate Mall Car Park,-1.2566578,36.8035661,2026-08-06 08:00:00,8,3,0,0,50,50,1.0,47,0.9301,1
Student parking,-1.274479,36.805643,2026-08-06 08:00:00,8,3,0,0,50,100,1.0,32,0.6337,1
Kenton Rear Parking,-1.2809847,36.7869545,2026-08-06 08:00:00,8,3,0,0,50,100,1.0,45,0.9042,1
Unnamed Parking,-1.2553877,36.8667692,2026-08-06 08:00:00,8,3,0,0,50,100,1.0,40,0.7977,1
Unnamed Parking,-1.259848,36.8644681,2026-08-06 08:00:00,8,3,0,0,50,100,1.19,35,0.7035,1
Travel House Parking,-1.2861727,36.8214386,2026-08-06 08:00:00,8,3,0,0,50,100,1.18,45,0.8909,1
Lenana Parking Lot Area,-1.2900918,36.800209,2026-08-06 08:00:00,8,3,0,0,50,100,1.0,48,0.9599,0
Unnamed Parking,-1.2944773,36.8101427,2026-08-06 08:00:00,8,3,0,0,50,100,1.0,42,0.839,1
Parking B,-1.2806414,36.8128716,2026-08-06 08:00:00,8,3,0,0,50,100,1.0,46,0.9262,1
MAIN PACKING,-1.2803274,36.8127162,2026-08-06 08:00:00,8,3,0,0,50,100,1.0,49,0.979,0
YMCA STAFF PARKING,-1.2805756,36.8129968,2026-08-06 08:00:00,8,3,0,0,50,100,1.0,48,0.9552,0
Unnamed Parking,-1.2896057,36.8150615,2026-08-06 09:00:00,9,3,0,0,50,100,1.0,49,0.9812,0
Unnamed Parking,-1.2909796,36.8282672,2026-08-06 09:00:00,9,3,0,0,50,100,1.0,45,0.9094,1
Unnamed Parking,-1.2856445,36.8132893,2026-08-06 09:00:00,9,3,0,0,50,100,1.0,43,0.856,1
Unnamed Parking,-1.2597359,36.8182597,2026-08-06 09:00:00,9,3,0,0,50,100,1.0,36,0.7218,1
Unnamed Parking,-1.2641049,36.8117123,2026-08-06 09:00:00,9,3,0,0,50,100,1.0,42,0.8303,1
InterContinental Hotel Car Park,-1.2873717,36.8192911,2026-08-06 09:00:00,9,3,0,0,50,300,1.15,39,0.7825,1
Unnamed Parking,-1.25013,36.8202579,2026-08-06 09:00:00,9,3,0,0,50,100,1.16,50,1.0,0
Olympic Bus Terminus,-1.3126351,36.7778212,2026-08-06 09:00:00,9,3,0,0,50,100,1.0,42,0.8359,1
Ayany Car Park,-1.3090339,36.7757579,2026-08-06 09:00:00,9,3,0,0,50,200,1.0,43,0.8599,1
Westgate Mall Car Park,-1.2566578,36.8035661,2026-08-06 09:00:00,9,3,0,0,50,50,1.0,45,0.8941,1
Student parking,-1.274479,36.805643,2026-08-06 09:00:00,9,3,0,0,50,100,1.0,43,0.8535,1
Kenton Rear Parking,-1.2809847,36.7869545,2026-08-06 09:00:00,9,3,0,0,50,100,1.0,49,0.9856,0
Unnamed Parking,-1.2553877,36.8667692,2026-08-06 09:00:00,9,3,0,0,50,100,1.0,40,0.8002,1
Unnamed Parking,-1.259848,36.8644681,2026-08-06 09:00:00,9,3,0,0,50,100,1.19,43,0.8656,1
Travel House Parking,-1.2861727,36.8214386,2026-08-06 09:00:00,9,3,0,0,50,100,1.18,40,0.7906,1
Lenana Parking Lot Area,-1.2900918,36.800209,2026-08-06 09:00:00,9,3,0,0,50,100,1.0,37,0.7444,1
Unnamed Parking,-1.2944773,36.8101427,2026-08-06 09:00:00,9,3,0,0,50,100,1.0,40,0.8011,1
Parking B,-1.2806414,36.8128716,2026-08-06 09:00:00,9,3,0,0,50,100,1.0,42,0.847,1
MAIN PACKING,-1.2803274,36.8127162,2026-08-06 09:00:00,9,3,0,0,50,100,1.0,41,0.8157,1
YMCA STAFF PARKING,-1.2805756,36.8129968,2026-08-06 09:00:00,9,3,0,0,50,100,1.0,40,0.7946,1
Unnamed Parking,-1.2896057,36.8150615,2026-08-06 10:00:00,10,3,0,0,50,100,1.0,37,0.7375,1
Unnamed Parking,-1.2909796,36.8282672,2026-08-06 10:00:00,10,3,0,0,50,100,1.0,42,0.8434,1
Unnamed Parking,-1.2856445,36.8132893,2026-08-06 10:00:00,10,3,0,0,50,100,1.0,36,0.7296,1
Unnamed Parking,-1.2597359,36.8182597,2026-08-06 10:00:00,10,3,0,0,50,100,1.0,46,0.9108,1
Unnamed Parking,-1.2641049,36.8117123,2026-08-06 10:00:00,10,3,0,0,50,100,1.0,43,0.8566,1
InterContinental Hotel Car Park,-1.2873717,36.8192911,2026-08-06 10:00:00,10,3,0,0,50,300,1.15,37,0.7334,1
Unnamed Parking,-1.25013,36.8202579,2026-08-06 10:00:00,10,3,0,0,50,100,1.16,41,0.8253,1
Olympic Bus Terminus,-1.3126351,36.7778212,2026-08-06 10:00:00,10,3,0,0,50,100,1.0,39,0.7898,1
Ayany Car Park,-1.3090339,36.7757579,2026-08-06 10:00:00,10,3,0,0,50,200,1.0,44,0.8755,1
Westgate Mall Car Park,-1.2566578,36.8035661,2026-08-06 10:00:00,10,3,0,0,50,50,1.0,48,0.9572,0
Student parking,-1.274479,36.805643,2026-08-06 10:00:00,10,3,0,0,50,100,1.0,35,0.7,1
Kenton Rear Parking,-1.2809847,36.7869545,2026-08-06 10:00:00,10,3,0,0,50,100,1.0,43,0.8592,1
Unnamed Parking,-1.2553877,36.8667692,2026-08-06 10:00:00,10,3,0,0,50,100,1.0,42,0.8372,1
Unnamed Parking,-1.259848,36.8644681,2026-08-06 10:00:00,10,3,0,0,50,100,1.19,45,0.9037,1
Travel House Parking,-1.2861727,36.8214386,2026-08-06 10:00:00,10,3,0,0,50,100,1.18,43,0.8671,1
Lenana Parking Lot Area,-1.2900918,36.800209,2026-08-06 10:00:00,10,3,0,0,50,100,1.0,39,0.7898,1
Unnamed Parking,-1.2944773,36.8101427,2026-08-06 10:00:00,10,3,0,0,50,100,1.0,41,0.8245,1
Parking B,-1.2806414,36.8128716,2026-08-06 10:00:00,10,3,0,0,50,100,1.0,39,0.7863,1
MAIN PACKING,-1.2803274,36.8127162,2026-08-06 10:00:00,10,3,0,0,50,100,1.0,47,0.9361,1
YMCA STAFF PARKING,-1.2805756,36.8129968,2026-08-06 10:00:00,10,3,0,0,50,100,1.0,43,0.8517,1
Unnamed Parking,-1.2896057,36.8150615,2026-08-06 11:00:00,11,3,0,0,50,100,1.0,50,1.0,0
Unnamed Parking,-1.2909796,36.8282672,2026-08-06 11:00:00,11,3,0,0,50,100,1.0,42,0.8451,1
Unnamed Parking,-1.2856445,36.8132893,2026-08-06 11:00:00,11,3,0,0,50,100,1.0,40,0.7933,1
Unnamed Parking,-1.2597359,36.8182597,2026-08-06 11:00:00,11,3,0,0,50,100,1.0,36,0.7289,1
Unnamed Parking,-1.2641049,36.8117123,2026-08-06 11:00:00,11,3,0,0,50,100,1.0,35,0.7057,1
InterContinental Hotel Car Park,-1.2873717,36.8192911,2026-08-06 11:00:00,11,3,0,0,50,300,1.15,36,0.7233,1
Unnamed Parking,-1.25013,36.8202579,2026-08-06 11:00:00,11,3,0,0,50,100,1.16,44,0.8714,1
Olympic Bus Terminus,-1.3126351,36.7778212,2026-08-06 11:00:00,11,3,0,0,50,100,1.0,45,0.8907,1
Ayany Car Park,-1.3090339,36.7757579,2026-08-06 11:00:00,11,3,0,0,50,200,1.0,36,0.7235,1
Westgate Mall Car Park,-1.2566578,36.8035661,2026-08-06 11:00:00,11,3,0,0,50,50,1.0,46,0.9216,1
Student parking,-1.274479,36.805643,2026-08-06 11:00:00,11,3,0,0,50,100,1.0,41,0.8114,1
Kenton Rear Parking,-1.2809847,36.7869545,2026-08-06 11:00:00,11,3,0,0,50,100,1.0,43,0.8617,1
Unnamed Parking,-1.2553877,36.8667692,2026-08-06 11:00:00,11,3,0,0,50,100,1.0,49,0.979,0
Unnamed Parking,-1.259848,36.8644681,2026-08-06 11:00:00,11,3,0,0,50,100,1.19,46,0.9217,1
Travel House Parking,-1.2861727,36.8214386,2026-08-06 11:00:00,11,3,0,0,50,100,1.18,41,0.8285,1
Lenana Parking Lot Area,-1.2900918,36.800209,2026-08-06 11:00:00,11,3,0,0,50,100,1.0,39,0.7787,1
Unnamed Parking,-1.2944773,36.8101427,2026-08-06 11:00:00,11,3,0,0,50,100,1.0,34,0.6779,1
Parking B,-1.2806414,36.8128716,2026-08-06 11:00:00,11,3,0,0,50,100,1.0,40,0.7925,1
MAIN PACKING,-1.2803274,36.8127162,2026-08-06 11:00:00,11,3,0,0,50,100,1.0,42,0.8331,1
YMCA STAFF PARKING,-1.2805756,36.8129968,2026-08-06 11:00:00,11,3,0,0,50,100,1.0,39,0.771,1
Unnamed Parking,-1.2896057,36.8150615,2026-08-06 12:00:00,12,3,0,0,50,100,1.0,34,0.6895,1
Unnamed Parking,-1.2909796,36.8282672,2026-08-06 12:00:00,12,3,0,0,50,100,1.0,35,0.7061,1
Unnamed Parking,-1.2856445,36.8132893,2026-08-06 12:00:00,12,3,0,0,50,100,1.0,34,0.682,1
Unnamed Parking,-1.2597359,36.8182597,2026-08-06 12:00:00,12,3,0,0,50,100,1.0,32,0.648,1
Unnamed Parking,-1.2641049,36.8117123,2026-08-06 12:00:00,12,3,0,0,50,100,1.0,36,0.7135,1
InterContinental Hotel Car Park,-1.2873717,36.8192911,2026-08-06 12:00:00,12,3,0,0,50,300,1.15,37,0.7354,1
Unnamed Parking,-1.25013,36.8202579,2026-08-06 12:00:00,12,3,0,0,50,100,1.16,31,0.6128,1
Olympic Bus Terminus,-1.3126351,36.7778212,2026-08-06 12:00:00,12,3,0,0,50,100,1.0,41,0.8129,1
Ayany Car Park,-1.3090339,36.7757579,2026-08-06 12:00:00,12,3,0,0,50,200,1.0,35,0.6921,1
Westgate Mall Car Park,-1.2566578,36.8035661,2026-08-06 12:00:00,12,3,0,0,50,50,1.0,35,0.7015,1
Student parking,-1.274479,36.805643,2026-08-06 12:00:00,12,3,0,0,50,100,1.0,38,0.7567,1
Kenton Rear Parking,-1.2809847,36.7869545,2026-08-06 12:00:00,12,3,0,0,50,100,1.0,36,0.7187,1
Unnamed Parking,-1.2553877,36.8667692,2026-08-06 12:00:00,12,3,0,0,50,100,1.0,39,0.7763,1
Unnamed Parking,-1.259848,36.8644681,2026-08-06 12:00:00,12,3,0,0,50,100,1.19,36,0.723,1
Travel House Parking,-1.2861727,36.8214386,2026-08-06 12:00:00,12,3,0,0,50,100,1.18,33,0.651,1
Lenana Parking Lot Area,-1.2900918,36.800209,2026-08-06 12:00:00,12,3,0,0,50,100,1.0,36,0.7289,1
Unnamed Parking,-1.2944773,36.8101427,2026-08-06 12:00:00,12,3,0,0,50,100,1.0,30,0.6085,1
Parking B,-1.2806414,36.8128716,2026-08-06 12:00:00,12,3,0,0,50,100,1.0,35,0.7087,1
MAIN PACKING,-1.2803274,36.8127162,2026-08-06 12:00:00,12,3,0,0,50,100,1.0,35,0.6973,1
YMCA STAFF PARKING,-1.2805756,36.8129968,2026-08-06 12:00:00,12,3,0,0,50,100,1.0,34,0.6834,1
Unnamed Parking,-1.2896057,36.8150615,2026-08-06 13:00:00,13,3,0,0,50,100,1.0,42,0.8397,1
Unnamed Parking,-1.2909796,36.8282672,2026-08-06 13:00:00,13,3,0,0,50,100,1.0,35,0.6995,1
Unnamed Parking,-1.2856445,36.8132893,2026-08-06 13:00:00,13,3,0,0,50,100,1.0,40,0.8061,1
Unnamed Parking,-1.2597359,36.8182597,2026-08-06 13:00:00,13,3,0,0,50,100,1.0,43,0.8574,1
Unnamed Parking,-1.2641049,36.8117123,2026-08-06 13:00:00,13,3,0,0,50,100,1.0,43,0.8628,1
InterContinental Hotel Car Park,-1.2873717,36.8192911,2026-08-06 13:00:00,13,3,0,0,50,300,1.15,38,0.7678,1
Unnamed Parking,-1.25013,36.8202579,2026-08-06 13:00:00,13,3,0,0,50,100,1.16,48,0.9513,0
Olympic Bus Terminus,-1.3126351,36.7778212,2026-08-06 13:00:00,13,3,0,0,50,100,1.0,39,0.7807,1
Ayany Car Park,-1.3090339,36.7757579,2026-08-06 13:00:00,13,3,0,0,50,200,1.0,46,0.9276,1
Westgate Mall Car Park,-1.2566578,36.8035661,2026-08-06 13:00:00,13,3,0,0,50,50,1.0,44,0.8842,1
Student parking,-1.274479,36.805643,2026-08-06 13:00:00,13,3,0,0,50,100,1.0,40,0.7983,1
Kenton Rear Parking,-1.2809847,36.7869545,2026-08-06 13:00:00,13,3,0,0,50,100,1.0,50,0.992,0
Unnamed Parking,-1.2553877,36.8667692,2026-08-06 13:00:00,13,3,0,0,50,100,1.0,38,0.7545,1
Unnamed Parking,-1.259848,36.8644681,2026-08-06 13:00:00,13,3,0,0,50,100,1.19,46,0.9235,1
Travel House Parking,-1.2861727,36.8214386,2026-08-06 13:00:00,13,3,0,0,50,100,1.18,47,0.93,1
Lenana Parking Lot Area,-1.2900918,36.800209,2026-08-06 13:00:00,13,3,0,0,50,100,1.0,40,0.7964,1
Unnamed Parking,-1.2944773,36.8101427,2026-08-06 13:00:00,13,3,0,0,50,100,1.0,48,0.9614,0
Parking B,-1.2806414,36.8128716,2026-08-06 13:00:00,13,3,0,0,50,100,1.0,41,0.83,1
MAIN PACKING,-1.2803274,36.8127162,2026-08-06 13:00:00,13,3,0,0,50,100,1.0,44,0.8731,1
YMCA STAFF PARKING,-1.2805756,36.8129968,2026-08-06 13:00:00,13,3,0,0,50,100,1.0,44,0.8708,1
Unnamed Parking,-1.2896057,36.8150615,2026-08-06 14:00:00,14,3,0,0,50,100,1.0,42,0.8393,1
Unnamed Parking,-1.2909796,36.8282672,2026-08-06 14:00:00,14,3,0,0,50,100,1.0,46,0.9149,1
Unnamed Parking,-1.2856445,36.8132893,2026-08-06 14:00:00,14,3,0,0,50,100,1.0,46,0.9135,1
Unnamed Parking,-1.2597359,36.8182597,2026-08-06 14:00:00,14,3,0,0,50,100,1.0,36,0.7101,1
Unnamed Parking,-1.2641049,36.8117123,2026-08-06 14:00:00,14,3,0,0,50,100,1.0,48,0.9543,0
InterContinental Hotel Car Park,-1.2873717,36.8192911,2026-08-06 14:00:00,14,3,0,0,50,300,1.15,36,0.717,1
Unnamed Parking,-1.25013,36.8202579,2026-08-06 14:00:00,14,3,0,0,50,100,1.16,47,0.9326,1
Olympic Bus Terminus,-1.3126351,36.7778212,2026-08-06 14:00:00,14,3,0,0,50,100,1.0,47,0.9401,1
Ayany Car Park,-1.3090339,36.7757579,2026-08-06 14:00:00,14,3,0,0,50,200,1.0,38,0.7627,1
Westgate Mall Car Park,-1.2566578,36.8035661,2026-08-06 14:00:00,14,3,0,0,50,50,1.0,41,0.8171,1
Student parking,-1.274479,36.805643,2026-08-06 14:00:00,14,3,0,0,50,100,1.0,38,0.7615,1
Kenton Rear Parking,-1.2809847,36.7869545,2026-08-06 14:00:00,14,3,0,0,50,100,1.0,42,0.8328,1
Unnamed Parking,-1.2553877,36.8667692,2026-08-06 14:00:00,14,3,0,0,50,100,1.0,41,0.8254,1
Unnamed Parking,-1.259848,36.8644681,2026-08-06 14:00:00,14,3,0,0,50,100,1.19,46,0.9124,1
Travel House Parking,-1.2861727,36.8214386,2026-08-06 14:00:00,14,3,0,0,50,100,1.18,48,0.9548,0
Lenana Parking Lot Area,-1.2900918,36.800209,2026-08-06 14:00:00,14,3,0,0,50,100,1.0,48,0.9617,0
Unnamed Parking,-1.2944773,36.8101427,2026-08-06 14:00:00,14,3,0,0,50,100,1.0,40,0.805,1
Parking B,-1.2806414,36.8128716,2026-08-06 14:00:00,14,3,0,0,50,100,1.0,42,0.8333,1
MAIN PACKING,-1.2803274,36.8127162,2026-08-06 14:00:00,14,3,0,0,50,100,1.0,36,0.7153,1
YMCA STAFF PARKING,-1.2805756,36.8129968,2026-08-06 14:00:00,14,3,0,0,50,100,1.0,39,0.7855,1
Unnamed Parking,-1.2896057,36.8150615,2026-08-06 15:00:00,15,3,0,0,50,100,1.0,46,0.9272,1
Unnamed Parking,-1.2909796,36.8282672,2026-08-06 15:00:00,15,3,0,0,50,100,1.0,49,0.9792,0
Unnamed Parking,-1.2856445,36.8132893,2026-08-06 15:00:00,15,3,0,0,50,100,1.0,38,0.7513,1
Unnamed Parking,-1.2597359,36.8182597,2026-08-06 15:00:00,15,3,0,0,50,100,1.0,40,0.8026,1
Unnamed Parking,-1.2641049,36.8117123,2026-08-06 15:00:00,15,3,0,0,50,100,1.0,42,0.8479,1
InterContinental Hotel Car Park,-1.2873717,36.8192911,2026-08-06 15:00:00,15,3,0,0,50,300,1.15,44,0.8724,1
Unnamed Parking,-1.25013,36.8202579,2026-08-06 15:00:00,15,3,0,0,50,100,1.16,39,0.7852,1
Olympic Bus Terminus,-1.3126351,36.7778212,2026-08-06 15:00:00,15,3,0,0,50,100,1.0,44,0.8839,1
Ayany Car Park,-1.3090339,36.7757579,2026-08-06 15:00:00,15,3,0,0,50,200,1.0,41,0.8121,1
Westgate Mall Car Park,-1.2566578,36.8035661,2026-08-06 15:00:00,15,3,0,0,50,50,1.0,42,0.8488,1
Student parking,-1.274479,36.805643,2026-08-06 15:00:00,15,3,0,0,50,100,1.0,45,0.8937,1
Kenton Rear Parking,-1.2809847,36.7869545,2026-08-06 15:00:00,15,3,0,0,50,100,1.0,43,0.8505,1
Unnamed Parking,-1.2553877,36.8667692,2026-08-06 15:00:00,15,3,0,0,50,100,1.0,41,0.8151,1
Unnamed Parking,-1.259848,36.8644681,2026-08-06 15:00:00,15,3,0,0,50,100,1.19,42,0.8412,1
Travel House Parking,-1.2861727,36.8214386,2026-08-06 15:00:00,15,3,0,0,50,100,1.18,42,0.8429,1
Lenana Parking Lot Area,-1.2900918,36.800209,2026-08-06 15:00:00,15,3,0,0,50,100,1.0,41,0.8204,1
Unnamed Parking,-1.2944773,36.8101427,2026-08-06 15:00:00,15,3,0,0,50,100,1.0,41,0.8293,1
Parking B,-1.2806414,36.8128716,2026-08-06 15:00:00,15,3,0,0,50,100,1.0,49,0.9779,0
MAIN PACKING,-1.2803274,36.8127162,2026-08-06 15:00:00,15,3,0,0,50,100,1.0,45,0.8949,1
YMCA STAFF PARKING,-1.2805756,36.8129968,2026-08-06 15:00:00,15,3,0,0,50,100,1.0,41,0.8264,1
Unnamed Parking,-1.2896057,36.8150615,2026-08-06 16:00:00,16,3,0,0,50,100,1.0,45,0.9058,1
Unnamed Parking,-1.2909796,36.8282672,2026-08-06 16:00:00,16,3,0,0,50,100,1.0,41,0.8233,1
Unnamed Parking,-1.2856445,36.8132893,2026-08-06 16:00:00,16,3,0,0,50,100,1.0,47,0.9438,1
Unnamed Parking,-1.2597359,36.8182597,2026-08-06 16:00:00,16,3,0,0,50,100,1.0,44,0.8796,1
Unnamed Parking,-1.2641049,36.8117123,2026-08-06 16:00:00,16,3,0,0,50,100,1.0,42,0.8414,1
InterContinental Hotel Car Park,-1.2873717,36.8192911,2026-08-06 16:00:00,16,3,0,0,50,300,1.15,44,0.8858,1
Unnamed Parking,-1.25013,36.8202579,2026-08-06 16:00:00,16,3,0,0,50,100,1.16,36,0.7243,1
Olympic Bus Terminus,-1.3126351,36.7778212,2026-08-06 16:00:00,16,3,0,0,50,100,1.0,38,0.7599,1
Ayany Car Park,-1.3090339,36.7757579,2026-08-06 16:00:00,16,3,0,0,50,200,1.0,38,0.7545,1
Westgate Mall Car Park,-1.2566578,36.8035661,2026-08-06 16:00:00,16,3,0,0,50,50,1.0,43,0.8614,1
Student parking,-1.274479,36.805643,2026-08-06 16:00:00,16,3,0,0,50,100,1.0,49,0.9886,0
Kenton Rear Parking,-1.2809847,36.7869545,2026-08-06 16:00:00,16,3,0,0,50,100,1.0,50,1.0,0
Unnamed Parking,-1.2553877,36.8667692,2026-08-06 16:00:00,16,3,0,0,50,100,1.0,45,0.901,1
Unnamed Parking,-1.259848,36.8644681,2026-08-06 16:00:00,16,3,0,0,50,100,1.19,45,0.8901,1
Travel House Parking,-1.2861727,36.8214386,2026-08-06 16:00:00,16,3,0,0,50,100,1.18,35,0.7059,1
Lenana Parking Lot Area,-1.2900918,36.800209,2026-08-06 16:00:00,16,3,0,0,50,100,1.0,40,0.8066,1
Unnamed Parking,-1.2944773,36.8101427,2026-08-06 16:00:00,16,3,0,0,50,100,1.0,39,0.787,1
Parking B,-1.2806414,36.8128716,2026-08-06 16:00:00,16,3,0,0,50,100,1.0,40,0.8003,1
MAIN PACKING,-1.2803274,36.8127162,2026-08-06 16:00:00,16,3,0,0,50,100,1.0,42,0.8365,1
YMCA STAFF PARKING,-1.2805756,36.8129968,2026-08-06 16:00:00,16,3,0,0,50,100,1.0,41,0.8122,1
Unnamed Parking,-1.2896057,36.8150615,2026-08-06 17:00:00,17,3,0,0,50,100,1.0,27,0.5417,1
Unnamed Parking,-1.2909796,36.8282672,2026-08-06 17:00:00,17,3,0,0,50,100,1.0,38,0.7598,1
Unnamed Parking,-1.2856445,36.8132893,2026-08-06 17:00:00,17,3,0,0,50,100,1.0,31,0.6142,1
Unnamed Parking,-1.2597359,36.8182597,2026-08-06 17:00:00,17,3,0,0,50,100,1.0,36,0.7191,1
Unnamed Parking,-1.2641049,36.8117123,2026-08-06 17:00:00,17,3,0,0,50,100,1.0,43,0.8659,1
InterContinental Hotel Car Park,-1.2873717,36.8192911,2026-08-06 17:00:00,17,3,0,0,50,300,1.15,31,0.6264,1
Unnamed Parking,-1.25013,36.8202579,2026-08-06 17:00:00,17,3,0,0,50,100,1.16,25,0.4976,1
Olympic Bus Terminus,-1.3126351,36.7778212,2026-08-06 17:00:00,17,3,0,0,50,100,1.0,34,0.6771,1
Ayany Car Park,-1.3090339,36.7757579,2026-08-06 17:00:00,17,3,0,0,50,200,1.0,39,0.7881,1
Westgate Mall Car Park,-1.2566578,36.8035661,2026-08-06 17:00:00,17,3,0,0,50,50,1.0,43,0.8567,1
Student parking,-1.274479,36.805643,2026-08-06 17:00:00,17,3,0,0,50,100,1.0,30,0.6016,1
Kenton Rear Parking,-1.2809847,36.7869545,2026-08-06 17:00:00,17,3,0,0,50,100,1.0,37,0.7397,1
Unnamed Parking,-1.2553877,36.8667692,2026-08-06 17:00:00,17,3,0,0,50,100,1.0,33,0.6628,1
Unnamed Parking,-1.259848,36.8644681,2026-08-06 17:00:00,17,3,0,0,50,100,1.19,35,0.6915,1
Travel House Parking,-1.2861727,36.8214386,2026-08-06 17:00:00,17,3,0,0,50,100,1.18,46,0.9115,1
Lenana Parking Lot Area,-1.2900918,36.800209,2026-08-06 17:00:00,17,3,0,0,50,100,1.0,29,0.5798,1
Unnamed Parking,-1.2944773,36.8101427,2026-08-06 17:00:00,17,3,0,0,50,100,1.0,36,0.7203,1
Parking B,-1.2806414,36.8128716,2026-08-06 17:00:00,17,3,0,0,50,100,1.0,37,0.7374,1
MAIN PACKING,-1.2803274,36.8127162,2026-08-06 17:00:00,17,3,0,0,50,100,1.0,39,0.7869,1
YMCA STAFF PARKING,-1.2805756,36.8129968,2026-08-06 17:00:00,17,3,0,0,50,100,1.0,35,0.7078,1
Unnamed Parking,-1.2896057,36.8150615,2026-08-06 18:00:00,18,3,0,0,50,100,1.0,36,0.7246,1
Unnamed Parking,-1.2909796,36.8282672,2026-08-06 18:00:00,18,3,0,0,50,100,1.0,33,0.6687,1
Unnamed Parking,-1.2856445,36.8132893,2026-08-06 18:00:00,18,3,0,0,50,100,1.0,36,0.7215,1
Unnamed Parking,-1.2597359,36.8182597,2026-08-06 18:00:00,18,3,0,0,50,100,1.0,34,0.6725,1
Unnamed Parking,-1.2641049,36.8117123,2026-08-06 18:00:00,18,3,0,0,50,100,1.0,37,0.7497,1
InterContinental Hotel Car Park,-1.2873717,36.8192911,2026-08-06 18:00:00,18,3,0,0,50,300,1.15,34,0.6704,1
Unnamed Parking,-1.25013,36.8202579,2026-08-06 18:00:00,18,3,0,0,50,100,1.16,37,0.7302,1
Olympic Bus Terminus,-1.3126351,36.7778212,2026-08-06 18:00:00,18,3,0,0,50,100,1.0,35,0.6977,1
Ayany Car Park,-1.3090339,36.7757579,2026-08-06 18:00:00,18,3,0,0,50,200,1.0,40,0.7901,1
Westgate Mall Car Park,-1.2566578,36.8035661,2026-08-06 18:00:00,18,3,0,0,50,50,1.0,35,0.6959,1
Student parking,-1.274479,36.805643,2026-08-06 18:00:00,18,3,0,0,50,100,1.0,28,0.5582,1
Kenton Rear Parking,-1.2809847,36.7869545,2026-08-06 18:00:00,18,3,0,0,50,100,1.0,40,0.801,1
Unnamed Parking,-1.2553877,36.8667692,2026-08-06 18:00:00,18,3,0,0,50,100,1.0,31,0.6275,1
Unnamed Parking,-1.259848,36.8644681,2026-08-06 18:00:00,18,3,0,0,50,100,1.19,32,0.6477,1
Travel House Parking,-1.2861727,36.8214386,2026-08-06 18:00:00,18,3,0,0,50,100,1.18,33,0.6523,1
Lenana Parking Lot Area,-1.2900918,36.800209,2026-08-06 18:00:00,18,3,0,0,50,100,1.0,40,0.81,1
Unnamed Parking,-1.2944773,36.8101427,2026-08-06 18:00:00,18,3,0,0,50,100,1.0,26,0.5291,1
Parking B,-1.2806414,36.8128716,2026-08-06 18:00:00,18,3,0,0,50,100,1.0,48,0.951,0
MAIN PACKING,-1.2803274,36.8127162,2026-08-06 18:00:00,18,3,0,0,50,100,1.0,39,0.7845,1
YMCA STAFF PARKING,-1.2805756,36.8129968,2026-08-06 18:00:00,18,3,0,0,50,100,1.0,36,0.7179,1
Unnamed Parking,-1.2896057,36.8150615,2026-08-06 19:00:00,19,3,0,0,50,100,1.0,20,0.3956,1
Unnamed Parking,-1.2909796,36.8282672,2026-08-06 19:00:00,19,3,0,0,50,100,1.0,21,0.4228,1
Unnamed Parking,-1.2856445,36.8132893,2026-08-06 19:00:00,19,3,0,0,50,100,1.0,22,0.4417,1
Unnamed Parking,-1.2597359,36.8182597,2026-08-06 19:00:00,19,3,0,0,50,100,1.0,23,0.4516,1
Unnamed Parking,-1.2641049,36.8117123,2026-08-06 19:00:00,19,3,0,0,50,100,1.0,22,0.4444,1
InterContinental Hotel Car Park,-1.2873717,36.8192911,2026-08-06 19:00:00,19,3,0,0,50,300,1.15,20,0.4072,1
Unnamed Parking,-1.25013,36.8202579,2026-08-06 19:00:00,19,3,0,0,50,100,1.16,19,0.3842,1
Olympic Bus Terminus,-1.3126351,36.7778212,2026-08-06 19:00:00,19,3,0,0,50,100,1.0,19,0.3879,1
Ayany Car Park,-1.3090339,36.7757579,2026-08-06 19:00:00,19,3,0,0,50,200,1.0,19,0.3844,1
Westgate Mall Car Park,-1.2566578,36.8035661,2026-08-06 19:00:00,19,3,0,0,50,50,1.0,25,0.4907,1
Student parking,-1.274479,36.805643,2026-08-06 19:00:00,19,3,0,0,50,100,1.0,22,0.4475,1
Kenton Rear Parking,-1.2809847,36.7869545,2026-08-06 19:00:00,19,3,0,0,50,100,1.0,8,0.1648,1
Unnamed Parking,-1.2553877,36.8667692,2026-08-06 19:00:00,19,3,0,0,50,100,1.0,23,0.4525,1
Unnamed Parking,-1.259848,36.8644681,2026-08-06 19:00:00,19,3,0,0,50,100,1.19,21,0.4156,1
Travel House Parking,-1.2861727,36.8214386,2026-08-06 19:00:00,19,3,0,0,50,100,1.18,20,0.3985,1
Lenana Parking Lot Area,-1.2900918,36.800209,2026-08-06 19:00:00,19,3,0,0,50,100,1.0,18,0.3689,1
Unnamed Parking,-1.2944773,36.8101427,2026-08-06 19:00:00,19,3,0,0,50,100,1.0,24,0.4899,1
Parking B,-1.2806414,36.8128716,2026-08-06 19:00:00,19,3,0,0,50,100,1.0,24,0.4758,1
MAIN PACKING,-1.2803274,36.8127162,2026-08-06 19:00:00,19,3,0,0,50,100,1.0,17,0.3382,1
YMCA STAFF PARKING,-1.2805756,36.8129968,2026-08-06 19:00:00,19,3,0,0,50,100,1.0,22,0.4326,1
Unnamed Parking,-1.2896057,36.8150615,2026-08-06 20:00:00,20,3,0,0,50,100,1.0,16,0.3223,1
Unnamed Parking,-1.2909796,36.8282672,2026-08-06 20:00:00,20,3,0,0,50,100,1.0,14,0.2896,1
Unnamed Parking,-1.2856445,36.8132893,2026-08-06 20:00:00,20,3,0,0,50,100,1.0,17,0.3499,1
Unnamed Parking,-1.2597359,36.8182597,2026-08-06 20:00:00,20,3,0,0,50,100,1.0,23,0.469,1
Unnamed Parking,-1.2641049,36.8117123,2026-08-06 20:00:00,20,3,0,0,50,100,1.0,24,0.4763,1
InterContinental Hotel Car Park,-1.2873717,36.8192911,2026-08-06 20:00:00,20,3,0,0,50,300,1.15,22,0.441,1
Unnamed Parking,-1.25013,36.8202579,2026-08-06 20:00:00,20,3,0,0,50,100,1.16,23,0.458,1
Olympic Bus Terminus,-1.3126351,36.7778212,2026-08-06 20:00:00,20,3,0,0,50,100,1.0,22,0.4413,1
Ayany Car Park,-1.3090339,36.7757579,2026-08-06 20:00:00,20,3,0,0,50,200,1.0,17,0.3487,1
Westgate Mall Car Park,-1.2566578,36.8035661,2026-08-06 20:00:00,20,3,0,0,50,50,1.0,22,0.4346,1
Student parking,-1.274479,36.805643,2026-08-06 20:00:00,20,3,0,0,50,100,1.0,23,0.464,1
Kenton Rear Parking,-1.2809847,36.7869545,2026-08-06 20:00:00,20,3,0,0,50,100,1.0,23,0.4603,1
Unnamed Parking,-1.2553877,36.8667692,2026-08-06 20:00:00,20,3,0,0,50,100,1.0,25,0.4951,1
Unnamed Parking,-1.259848,36.8644681,2026-08-06 20:00:00,20,3,0,0,50,100,1.19,23,0.4567,1
Travel House Parking,-1.2861727,36.8214386,2026-08-06 20:00:00,20,3,0,0,50,100,1.18,21,0.4281,1
Lenana Parking Lot Area,-1.2900918,36.800209,2026-08-06 20:00:00,20,3,0,0,50,100,1.0,24,0.4856,1
Unnamed Parking,-1.2944773,36.8101427,2026-08-06 20:00:00,20,3,0,0,50,100,1.0,20,0.3979,1
Parking B,-1.2806414,36.8128716,2026-08-06 20:00:00,20,3,0,0,50,100,1.0,16,0.3295,1
MAIN PACKING,-1.2803274,36.8127162,2026-08-06 20:00:00,20,3,0,0,50,100,1.0,19,0.387,1
YMCA STAFF PARKING,-1.2805756,36.8129968,2026-08-06 20:00:00,20,3,0,0,50,100,1.0,17,0.3404,1
Unnamed Parking,-1.2896057,36.8150615,2026-08-06 21:00:00,21,3,0,0,50,100,1.0,17,0.346,1
Unnamed Parking,-1.2909796,36.8282672,2026-08-06 21:00:00,21,3,0,0,50,100,1.0,19,0.3884,1
Unnamed Parking,-1.2856445,36.8132893,2026-08-06 21:00:00,21,3,0,0,50,100,1.0,17,0.3366,1
Unnamed Parking,-1.2597359,36.8182597,2026-08-06 21:00:00,21,3,0,0,50,100,1.0,19,0.3754,1
Unnamed Parking,-1.2641049,36.8117123,2026-08-06 21:00:00,21,3,0,0,50,100,1.0,12,0.2485,1
InterContinental Hotel Car Park,-1.2873717,36.8192911,2026-08-06 21:00:00,21,3,0,0,50,300,1.15,21,0.4171,1
Unnamed Parking,-1.25013,36.8202579,2026-08-06 21:00:00,21,3,0,0,50,100,1.16,20,0.4001,1
Olympic Bus Terminus,-1.3126351,36.7778212,2026-08-06 21:00:00,21,3,0,0,50,100,1.0,17,0.3346,1
Ayany Car Park,-1.3090339,36.7757579,2026-08-06 21:00:00,21,3,0,0,50,200,1.0,23,0.4527,1
Westgate Mall Car Park,-1.2566578,36.8035661,2026-08-06 21:00:00,21,3,0,0,50,50,1.0,24,0.475,1
Student parking,-1.274479,36.805643,2026-08-06 21:00:00,21,3,0,0,50,100,1.0,14,0.2714,1
Kenton Rear Parking,-1.2809847,36.7869545,2026-08-06 21:00:00,21,3,0,0,50,100,1.0,17,0.339,1
Unnamed Parking,-1.2553877,36.8667692,2026-08-06 21:00:00,21,3,0,0,50,100,1.0,17,0.3385,1
Unnamed Parking,-1.259848,36.8644681,2026-08-06 21:00:00,21,3,0,0,50,100,1.19,16,0.3248,1
Travel House Parking,-1.2861727,36.8214386,2026-08-06 21:00:00,21,3,0,0,50,100,1.18,23,0.4664,1
Lenana Parking Lot Area,-1.2900918,36.800209,2026-08-06 21:00:00,21,3,0,0,50,100,1.0,19,0.3845,1
Unnamed Parking,-1.2944773,36.8101427,2026-08-06 21:00:00,21,3,0,0,50,100,1.0,19,0.3788,1
Parking B,-1.2806414,36.8128716,2026-08-06 21:00:00,21,3,0,0,50,100,1.0,12,0.2397,1
MAIN PACKING,-1.2803274,36.8127162,2026-08-06 21:00:00,21,3,0,0,50,100,1.0,23,0.4508,1
YMCA STAFF PARKING,-1.2805756,36.8129968,2026-08-06 21:00:00,21,3,0,0,50,100,1.0,15,0.3009,1
Unnamed Parking,-1.2896057,36.8150615,2026-08-06 22:00:00,22,3,0,0,50,100,1.0,20,0.4048,1
Unnamed Parking,-1.2909796,36.8282672,2026-08-06 22:00:00,22,3,0,0,50,100,1.0,21,0.4222,1
Unnamed Parking,-1.2856445,36.8132893,2026-08-06 22:00:00,22,3,0,0,50,100,1.0,25,0.5089,1
Unnamed Parking,-1.2597359,36.8182597,2026-08-06 22:00:00,22,3,0,0,50,100,1.0,15,0.2953,1
Unnamed Parking,-1.2641049,36.8117123,2026-08-06 22:00:00,22,3,0,0,50,100,1.0,8,0.1584,1
InterContinental Hotel Car Park,-1.2873717,36.8192911,2026-08-06 22:00:00,22,3,0,0,50,300,1.15,21,0.4147,1
Unnamed Parking,-1.25013,36.8202579,2026-08-06 22:00:00,22,3,0,0,50,100,1.16,27,0.544,1
Olympic Bus Terminus,-1.3126351,36.7778212,2026-08-06 22:00:00,22,3,0,0,50,100,1.0,25,0.4991,1
Ayany Car Park,-1.3090339,36.7757579,2026-08-06 22:00:00,22,3,0,0,50,200,1.0,21,0.4168,1
Westgate Mall Car Park,-1.2566578,36.8035661,2026-08-06 22:00:00,22,3,0,0,50,50,1.0,18,0.3607,1
Student parking,-1.274479,36.805643,2026-08-06 22:00:00,22,3,0,0,50,100,1.0,23,0.4646,1
Kenton Rear Parking,-1.2809847,36.7869545,2026-08-06 22:00:00,22,3,0,0,50,100,1.0,16,0.3221,1
Unnamed Parking,-1.2553877,36.8667692,2026-08-06 22:00:00,22,3,0,0,50,100,1.0,22,0.4381,1
Unnamed Parking,-1.259848,36.8644681,2026-08-06 22:00:00,22,3,0,0,50,100,1.19,22,0.4404,1
Travel House Parking,-1.2861727,36.8214386,2026-08-06 22:00:00,22,3,0,0,50,100,1.18,24,0.4848,1
Lenana Parking Lot Area,-1.2900918,36.800209,2026-08-06 22:00:00,22,3,0,0,50,100,1.0,31,0.6208,1
Unnamed Parking,-1.2944773,36.8101427,2026-08-06 22:00:00,22,3,0,0,50,100,1.0,22,0.4314,1
Parking B,-1.2806414,36.8128716,2026-08-06 22:00:00,22,3,0,0,50,100,1.0,18,0.3593,1
MAIN PACKING,-1.2803274,36.8127162,2026-08-06 22:00:00,22,3,0,0,50,100,1.0,20,0.398,1
YMCA STAFF PARKING,-1.2805756,36.8129968,2026-08-06 22:00:00,22,3,0,0,50,100,1.0,13,0.2585,1
Unnamed Parking,-1.2896057,36.8150615,2026-08-07 06:00:00,6,4,0,0,50,100,1.0,17,0.3444,1
Unnamed Parking,-1.2909796,36.8282672,2026-08-07 06:00:00,6,4,0,0,50,100,1.0,18,0.3673,1
Unnamed Parking,-1.2856445,36.8132893,2026-08-07 06:00:00,6,4,0,0,50,100,1.0,18,0.3581,1
Unnamed Parking,-1.2597359,36.8182597,2026-08-07 06:00:00,6,4,0,0,50,100,1.0,21,0.4122,1
Unnamed Parking,-1.2641049,36.8117123,2026-08-07 06:00:00,6,4,0,0,50,100,1.0,17,0.3342,1
InterContinental Hotel Car Park,-1.2873717,36.8192911,2026-08-07 06:00:00,6,4,0,0,50,300,1.15,24,0.4897,1
Unnamed Parking,-1.25013,36.8202579,2026-08-07 06:00:00,6,4,0,0,50,100,1.16,20,0.4,1
Olympic Bus Terminus,-1.3126351,36.7778212,2026-08-07 06:00:00,6,4,0,0,50,100,1.0,20,0.3993,1
Ayany Car Park,-1.3090339,36.7757579,2026-08-07 06:00:00,6,4,0,0,50,200,1.0,19,0.3738,1
Westgate Mall Car Park,-1.2566578,36.8035661,2026-08-07 06:00:00,6,4,0,0,50,50,1.0,21,0.4124,1
Student parking,-1.274479,36.805643,2026-08-07 06:00:00,6,4,0,0,50,100,1.0,23,0.466,1
Kenton Rear Parking,-1.2809847,36.7869545,2026-08-07 06:00:00,6,4,0,0,50,100,1.0,17,0.3306,1
Unnamed Parking,-1.2553877,36.8667692,2026-08-07 06:00:00,6,4,0,0,50,100,1.0,17,0.3474,1
Unnamed Parking,-1.259848,36.8644681,2026-08-07 06:00:00,6,4,0,0,50,100,1.19,19,0.3757,1
Travel House Parking,-1.2861727,36.8214386,2026-08-07 06:00:00,6,4,0,0,50,100,1.18,15,0.2923,1
Lenana Parking Lot Area,-1.2900918,36.800209,2026-08-07 06:00:00,6,4,0,0,50,100,1.0,17,0.3345,1
Unnamed Parking,-1.2944773,36.8101427,2026-08-07 06:00:00,6,4,0,0,50,100,1.0,18,0.3619,1
Parking B,-1.2806414,36.8128716,2026-08-07 06:00:00,6,4,0,0,50,100,1.0,23,0.47,1
MAIN PACKING,-1.2803274,36.8127162,2026-08-07 06:00:00,6,4,0,0,50,100,1.0,21,0.421,1
YMCA STAFF PARKING,-1.2805756,36.8129968,2026-08-07 06:00:00,6,4,0,0,50,100,1.0,21,0.4155,1
Unnamed Parking,-1.2896057,36.8150615,2026-08-07 07:00:00,7,4,0,0,50,100,1.0,23,0.4681,1
Unnamed Parking,-1.2909796,36.8282672,2026-08-07 07:00:00,7,4,0,0,50,100,1.0,19,0.389,1
Unnamed Parking,-1.2856445,36.8132893,2026-08-07 07:00:00,7,4,0,0,50,100,1.0,22,0.4312,1
Unnamed Parking,-1.2597359,36.8182597,2026-08-07 07:00:00,7,4,0,0,50,100,1.0,20,0.3917,1
Unnamed Parking,-1.2641049,36.8117123,2026-08-07 07:00:00,7,4,0,0,50,100,1.0,21,0.4212,1
InterContinental Hotel Car Park,-1.2873717,36.8192911,2026-08-07 07:00:00,7,4,0,0,50,300,1.15,18,0.3534,1
Unnamed Parking,-1.25013,36.8202579,2026-08-07 07:00:00,7,4,0,0,50,100,1.16,10,0.2049,1
Olympic Bus Terminus,-1.3126351,36.7778212,2026-08-07 07:00:00,7,4,0,0,50,100,1.0,19,0.3893,1
Ayany Car Park,-1.3090339,36.7757579,2026-08-07 07:00:00,7,4,0,0,50,200,1.0,26,0.5138,1
Westgate Mall Car Park,-1.2566578,36.8035661,2026-08-07 07:00:00,7,4,0,0,50,50,1.0,24,0.4741,1
Student parking,-1.274479,36.805643,2026-08-07 07:00:00,7,4,0,0,50,100,1.0,24,0.4772,1
Kenton Rear Parking,-1.2809847,36.7869545,2026-08-07 07:00:00,7,4,0,0,50,100,1.0,25,0.4989,1
Unnamed Parking,-1.2553877,36.8667692,2026-08-07 07:00:00,7,4,0,0,50,100,1.0,20,0.4071,1
Unnamed Parking,-1.259848,36.8644681,2026-08-07 07:00:00,7,4,0,0,50,100,1.19,21,0.4158,1
Travel House Parking,-1.2861727,36.8214386,2026-08-07 07:00:00,7,4,0,0,50,100,1.18,18,0.3506,1
Lenana Parking Lot Area,-1.2900918,36.800209,2026-08-07 07:00:00,7,4,0,0,50,100,1.0,19,0.3747,1
Unnamed Parking,-1.2944773,36.8101427,2026-08-07 07:00:00,7,4,0,0,50,100,1.0,22,0.4493,1
Parking B,-1.2806414,36.8128716,2026-08-07 07:00:00,7,4,0,0,50,100,1.0,25,0.4963,1
MAIN PACKING,-1.2803274,36.8127162,2026-08-07 07:00:00,7,4,0,0,50,100,1.0,19,0.3888,1
YMCA STAFF PARKING,-1.2805756,36.8129968,2026-08-07 07:00:00,7,4,0,0,50,100,1.0,18,0.364,1
Unnamed Parking,-1.2896057,36.8150615,2026-08-07 08:00:00,8,4,0,0,50,100,1.0,43,0.85,1
Unnamed Parking,-1.2909796,36.8282672,2026-08-07 08:00:00,8,4,0,0,50,100,1.0,45,0.8981,1
Unnamed Parking,-1.2856445,36.8132893,2026-08-07 08:00:00,8,4,0,0,50,100,1.0,37,0.7345,1
Unnamed Parking,-1.2597359,36.8182597,2026-08-07 08:00:00,8,4,0,0,50,100,1.0,33,0.6663,1
Unnamed Parking,-1.2641049,36.8117123,2026-08-07 08:00:00,8,4,0,0,50,100,1.0,40,0.806,1
InterContinental Hotel Car Park,-1.2873717,36.8192911,2026-08-07 08:00:00,8,4,0,0,50,300,1.15,38,0.7523,1
Unnamed Parking,-1.25013,36.8202579,2026-08-07 08:00:00,8,4,0,0,50,100,1.16,40,0.8093,1
Olympic Bus Terminus,-1.3126351,36.7778212,2026-08-07 08:00:00,8,4,0,0,50,100,1.0,42,0.8382,1
Ayany Car Park,-1.3090339,36.7757579,2026-08-07 08:00:00,8,4,0,0,50,200,1.0,41,0.8137,1
Westgate Mall Car Park,-1.2566578,36.8035661,2026-08-07 08:00:00,8,4,0,0,50,50,1.0,48,0.9662,0
Student parking,-1.274479,36.805643,2026-08-07 08:00:00,8,4,0,0,50,100,1.0,44,0.8761,1
Kenton Rear Parking,-1.2809847,36.7869545,2026-08-07 08:00:00,8,4,0,0,50,100,1.0,44,0.874,1
Unnamed Parking,-1.2553877,36.8667692,2026-08-07 08:00:00,8,4,0,0,50,100,1.0,45,0.8998,1
Unnamed Parking,-1.259848,36.8644681,2026-08-07 08:00:00,8,4,0,0,50,100,1.19,38,0.7589,1
Travel House Parking,-1.2861727,36.8214386,2026-08-07 08:00:00,8,4,0,0,50,100,1.18,47,0.9331,1
Lenana Parking Lot Area,-1.2900918,36.800209,2026-08-07 08:00:00,8,4,0,0,50,100,1.0,42,0.8439,1
Unnamed Parking,-1.2944773,36.8101427,2026-08-07 08:00:00,8,4,0,0,50,100,1.0,45,0.9036,1
Parking B,-1.2806414,36.8128716,2026-08-07 08:00:00,8,4,0,0,50,100,1.0,38,0.7643,1
MAIN PACKING,-1.2803274,36.8127162,2026-08-07 08:00:00,8,4,0,0,50,100,1.0,36,0.7257,1
YMCA STAFF PARKING,-1.2805756,36.8129968,2026-08-07 08:00:00,8,4,0,0,50,100,1.0,46,0.9154,1
Unnamed Parking,-1.2896057,36.8150615,2026-08-07 09:00:00,9,4,0,0,50,100,1.0,44,0.8801,1
Unnamed Parking,-1.2909796,36.8282672,2026-08-07 09:00:00,9,4,0,0,50,100,1.0,39,0.7778,1
Unnamed Parking,-1.2856445,36.8132893,2026-08-07 09:00:00,9,4,0,0,50,100,1.0,39,0.7804,1
Unnamed Parking,-1.2597359,36.8182597,2026-08-07 09:00:00,9,4,0,0,50,100,1.0,47,0.94,1
Unnamed Parking,-1.2641049,36.8117123,2026-08-07 09:00:00,9,4,0,0,50,100,1.0,38,0.7548,1
InterContinental Hotel Car Park,-1.2873717,36.8192911,2026-08-07 09:00:00,9,4,0,0,50,300,1.15,49,0.9814,0
Unnamed Parking,-1.25013,36.8202579,2026-08-07 09:00:00,9,4,0,0,50,100,1.16,39,0.778,1
Olympic Bus Terminus,-1.3126351,36.7778212,2026-08-07 09:00:00,9,4,0,0,50,100,1.0,45,0.9011,1
Ayany Car Park,-1.3090339,36.7757579,2026-08-07 09:00:00,9,4,0,0,50,200,1.0,41,0.8237,1
Westgate Mall Car Park,-1.2566578,36.8035661,2026-08-07 09:00:00,9,4,0,0,50,50,1.0,45,0.8983,1
Student parking,-1.274479,36.805643,2026-08-07 09:00:00,9,4,0,0,50,100,1.0,40,0.8065,1
Kenton Rear Parking,-1.2809847,36.7869545,2026-08-07 09:00:00,9,4,0,0,50,100,1.0,42,0.837,1
Unnamed Parking,-1.2553877,36.8667692,2026-08-07 09:00:00,9,4,0,0,50,100,1.0,43,0.8533,1
Unnamed Parking,-1.259848,36.8644681,2026-08-07 09:00:00,9,4,0,0,50,100,1.19,38,0.7698,1
Travel House Parking,-1.2861727,36.8214386,2026-08-07 09:00:00,9,4,0,0,50,100,1.18,45,0.9093,1
Lenana Parking Lot Area,-1.2900918,36.800209,2026-08-07 09:00:00,9,4,0,0,50,100,1.0,40,0.8089,1
Unnamed Parking,-1.2944773,36.8101427,2026-08-07 09:00:00,9,4,0,0,50,100,1.0,42,0.8317,1
Parking B,-1.2806414,36.8128716,2026-08-07 09:00:00,9,4,0,0,50,100,1.0,39,0.7705,1
MAIN PACKING,-1.2803274,36.8127162,2026-08-07 09:00:00,9,4,0,0,50,100,1.0,32,0.645,1
YMCA STAFF PARKING,-1.2805756,36.8129968,2026-08-07 09:00:00,9,4,0,0,50,100,1.0,42,0.8347,1
Unnamed Parking,-1.2896057,36.8150615,2026-08-07 10:00:00,10,4,0,0,50,100,1.0,50,1.0,0
Unnamed Parking,-1.2909796,36.8282672,2026-08-07 10:00:00,10,4,0,0,50,100,1.0,46,0.9128,1
Unnamed Parking,-1.2856445,36.8132893,2026-08-07 10:00:00,10,4,0,0,50,100,1.0,42,0.8485,1
Unnamed Parking,-1.2597359,36.8182597,2026-08-07 10:00:00,10,4,0,0,50,100,1.0,41,0.829,1
Unnamed Parking,-1.2641049,36.8117123,2026-08-07 10:00:00,10,4,0,0,50,100,1.0,43,0.8518,1
InterContinental Hotel Car Park,-1.2873717,36.8192911,2026-08-07 10:00:00,10,4,0,0,50,300,1.15,45,0.8938,1
Unnamed Parking,-1.25013,36.8202579,2026-08-07 10:00:00,10,4,0,0,50,100,1.16,38,0.7555,1
Olympic Bus Terminus,-1.3126351,36.7778212,2026-08-07 10:00:00,10,4,0,0,50,100,1.0,47,0.9391,1
Ayany Car Park,-1.3090339,36.7757579,2026-08-07 10:00:00,10,4,0,0,50,200,1.0,45,0.9072,1
Westgate Mall Car Park,-1.2566578,36.8035661,2026-08-07 10:00:00,10,4,0,0,50,50,1.0,45,0.9075,1
Student parking,-1.274479,36.805643,2026-08-07 10:00:00,10,4,0,0,50,100,1.0,44,0.8851,1
Kenton Rear Parking,-1.2809847,36.7869545,2026-08-07 10:00:00,10,4,0,0,50,100,1.0,43,0.8516,1
Unnamed Parking,-1.2553877,36.8667692,2026-08-07 10:00:00,10,4,0,0,50,100,1.0,45,0.9038,1
Unnamed Parking,-1.259848,36.8644681,2026-08-07 10:00:00,10,4,0,0,50,100,1.19,45,0.8973,1
Travel House Parking,-1.2861727,36.8214386,2026-08-07 10:00:00,10,4,0,0,50,100,1.18,41,0.8217,1
Lenana Parking Lot Area,-1.2900918,36.800209,2026-08-07 10:00:00,10,4,0,0,50,100,1.0,40,0.8041,1
Unnamed Parking,-1.2944773,36.8101427,2026-08-07 10:00:00,10,4,0,0,50,100,1.0,43,0.8581,1
Parking B,-1.2806414,36.8128716,2026-08-07 10:00:00,10,4,0,0,50,100,1.0,49,0.9739,0
MAIN PACKING,-1.2803274,36.8127162,2026-08-07 10:00:00,10,4,0,0,50,100,1.0,38,0.7509,1
YMCA STAFF PARKING,-1.2805756,36.8129968,2026-08-07 10:00:00,10,4,0,0,50,100,1.0,37,0.7326,1
Unnamed Parking,-1.2896057,36.8150615,2026-08-07 11:00:00,11,4,0,0,50,100,1.0,43,0.8632,1
Unnamed Parking,-1.2909796,36.8282672,2026-08-07 11:00:00,11,4,0,0,50,100,1.0,43,0.8541,1
Unnamed Parking,-1.2856445,36.8132893,2026-08-07 11:00:00,11,4,0,0,50,100,1.0,43,0.8639,1
Unnamed Parking,-1.2597359,36.8182597,2026-08-07 11:00:00,11,4,0,0,50,100,1.0,43,0.8695,1
Unnamed Parking,-1.2641049,36.8117123,2026-08-07 11:00:00,11,4,0,0,50,100,1.0,42,0.8321,1
InterContinental Hotel Car Park,-1.2873717,36.8192911,2026-08-07 11:00:00,11,4,0,0,50,300,1.15,48,0.9692,0
Unnamed Parking,-1.25013,36.8202579,2026-08-07 11:00:00,11,4,0,0,50,100,1.16,36,0.7219,1
Olympic Bus Terminus,-1.3126351,36.7778212,2026-08-07 11:00:00,11,4,0,0,50,100,1.0,39,0.7837,1
Ayany Car Park,-1.3090339,36.7757579,2026-08-07 11:00:00,11,4,0,0,50,200,1.0,42,0.8417,1
Westgate Mall Car Park,-1.2566578,36.8035661,2026-08-07 11:00:00,11,4,0,0,50,50,1.0,36,0.7185,1
Student parking,-1.274479,36.805643,2026-08-07 11:00:00,11,4,0,0,50,100,1.0,42,0.8359,1
Kenton Rear Parking,-1.2809847,36.7869545,2026-08-07 11:00:00,11,4,0,0,50,100,1.0,49,0.9829,0
Unnamed Parking,-1.2553877,36.8667692,2026-08-07 11:00:00,11,4,0,0,50,100,1.0,43,0.8517,1
Unnamed Parking,-1.259848,36.8644681,2026-08-07 11:00:00,11,4,0,0,50,100,1.19,43,0.8685,1
Travel House Parking,-1.2861727,36.8214386,2026-08-07 11:00:00,11,4,0,0,50,100,1.18,37,0.7492,1
Lenana Parking Lot Area,-1.2900918,36.800209,2026-08-07 11:00:00,11,4,0,0,50,100,1.0,40,0.8007,1
Unnamed Parking,-1.2944773,36.8101427,2026-08-07 11:00:00,11,4,0,0,50,100,1.0,41,0.82,1
Parking B,-1.2806414,36.8128716,2026-08-07 11:00:00,11,4,0,0,50,100,1.0,41,0.8246,1
MAIN PACKING,-1.2803274,36.8127162,2026-08-07 11:00:00,11,4,0,0,50,100,1.0,48,0.9525,0
YMCA STAFF PARKING,-1.2805756,36.8129968,2026-08-07 11:00:00,11,4,0,0,50,100,1.0,45,0.8946,1
Unnamed Parking,-1.2896057,36.8150615,2026-08-07 12:00:00,12,4,0,0,50,100,1.0,31,0.6111,1
Unnamed Parking,-1.2909796,36.8282672,2026-08-07 12:00:00,12,4,0,0,50,100,1.0,36,0.7197,1
Unnamed Parking,-1.2856445,36.8132893,2026-08-07 12:00:00,12,4,0,0,50,100,1.0,37,0.7399,1
Unnamed Parking,-1.2597359,36.8182597,2026-08-07 12:00:00,12,4,0,0,50,100,1.0,40,0.7912,1
Unnamed Parking,-1.2641049,36.8117123,2026-08-07 12:00:00,12,4,0,0,50,100,1.0,41,0.8264,1
InterContinental Hotel Car Park,-1.2873717,36.8192911,2026-08-07 12:00:00,12,4,0,0,50,300,1.15,31,0.6188,1
Unnamed Parking,-1.25013,36.8202579,2026-08-07 12:00:00,12,4,0,0,50,100,1.16,32,0.6351,1
Olympic Bus Terminus,-1.3126351,36.7778212,2026-08-07 12:00:00,12,4,0,0,50,100,1.0,30,0.5994,1
Ayany Car Park,-1.3090339,36.7757579,2026-08-07 12:00:00,12,4,0,0,50,200,1.0,34,0.6813,1
Westgate Mall Car Park,-1.2566578,36.8035661,2026-08-07 12:00:00,12,4,0,0,50,50,1.0,37,0.7373,1
Student parking,-1.274479,36.805643,2026-08-07 12:00:00,12,4,0,0,50,100,1.0,39,0.779,1
Kenton Rear Parking,-1.2809847,36.7869545,2026-08-07 12:00:00,12,4,0,0,50,100,1.0,35,0.6939,1
Unnamed Parking,-1.2553877,36.8667692,2026-08-07 12:00:00,12,4,0,0,50,100,1.0,34,0.6744,1
Unnamed Parking,-1.259848,36.8644681,2026-08-07 12:00:00,12,4,0,0,50,100,1.19,36,0.7121,1
Travel House Parking,-1.2861727,36.8214386,2026-08-07 12:00:00,12,4,0,0,50,100,1.18,32,0.6332,1
Lenana Parking Lot Area,-1.2900918,36.800209,2026-08-07 12:00:00,12,4,0,0,50,100,1.0,43,0.8672,1
Unnamed Parking,-1.2944773,36.8101427,2026-08-07 12:00:00,12,4,0,0,50,100,1.0,29,0.5714,1
Parking B,-1.2806414,36.8128716,2026-08-07 12:00:00,12,4,0,0,50,100,1.0,36,0.7148,1
MAIN PACKING,-1.2803274,36.8127162,2026-08-07 12:00:00,12,4,0,0,50,100,1.0,43,0.8619,1
YMCA STAFF PARKING,-1.2805756,36.8129968,2026-08-07 12:00:00,12,4,0,0,50,100,1.0,35,0.7005,1
Unnamed Parking,-1.2896057,36.8150615,2026-08-07 13:00:00,13,4,0,0,50,100,1.0,42,0.8348,1
Unnamed Parking,-1.2909796,36.8282672,2026-08-07 13:00:00,13,4,0,0,50,100,1.0,41,0.8214,1
Unnamed Parking,-1.2856445,36.8132893,2026-08-07 13:00:00,13,4,0,0,50,100,1.0,42,0.8356,1
Unnamed Parking,-1.2597359,36.8182597,2026-08-07 13:00:00,13,4,0,0,50,100,1.0,48,0.9598,0
Unnamed Parking,-1.2641049,36.8117123,2026-08-07 13:00:00,13,4,0,0,50,100,1.0,34,0.6731,1
InterContinental Hotel Car Park,-1.2873717,36.8192911,2026-08-07 13:00:00,13,4,0,0,50,300,1.15,49,0.9727,0
Unnamed Parking,-1.25013,36.8202579,2026-08-07 13:00:00,13,4,0,0,50,100,1.16,37,0.7361,1
Olympic Bus Terminus,-1.3126351,36.7778212,2026-08-07 13:00:00,13,4,0,0,50,100,1.0,41,0.8287,1
Ayany Car Park,-1.3090339,36.7757579,2026-08-07 13:00:00,13,4,0,0,50,200,1.0,41,0.8157,1
Westgate Mall Car Park,-1.2566578,36.8035661,2026-08-07 13:00:00,13,4,0,0,50,50,1.0,45,0.8971,1
Student parking,-1.274479,36.805643,2026-08-07 13:00:00,13,4,0,0,50,100,1.0,36,0.7222,1
Kenton Rear Parking,-1.2809847,36.7869545,2026-08-07 13:00:00,13,4,0,0,50,100,1.0,44,0.887,1
Unnamed Parking,-1.2553877,36.8667692,2026-08-07 13:00:00,13,4,0,0,50,100,1.0,50,1.0,0
Unnamed Parking,-1.259848,36.8644681,2026-08-07 13:00:00,13,4,0,0,50,100,1.19,37,0.7409,1
Travel House Parking,-1.2861727,36.8214386,2026-08-07 13:00:00,13,4,0,0,50,100,1.18,43,0.8652,1
Lenana Parking Lot Area,-1.2900918,36.800209,2026-08-07 13:00:00,13,4,0,0,50,100,1.0,40,0.797,1
Unnamed Parking,-1.2944773,36.8101427,2026-08-07 13:00:00,13,4,0,0,50,100,1.0,44,0.8841,1
Parking B,-1.2806414,36.8128716,2026-08-07 13:00:00,13,4,0,0,50,100,1.0,43,0.8515,1
MAIN PACKING,-1.2803274,36.8127162,2026-08-07 13:00:00,13,4,0,0,50,100,1.0,40,0.7987,1
YMCA STAFF PARKING,-1.2805756,36.8129968,2026-08-07 13:00:00,13,4,0,0,50,100,1.0,44,0.889,1
Unnamed Parking,-1.2896057,36.8150615,2026-08-07 14:00:00,14,4,0,0,50,100,1.0,50,0.9943,0
Unnamed Parking,-1.2909796,36.8282672,2026-08-07 14:00:00,14,4,0,0,50,100,1.0,42,0.8347,1
Unnamed Parking,-1.2856445,36.8132893,2026-08-07 14:00:00,14,4,0,0,50,100,1.0,45,0.9076,1
Unnamed Parking,-1.2597359,36.8182597,2026-08-07 14:00:00,14,4,0,0,50,100,1.0,37,0.7465,1
Unnamed Parking,-1.2641049,36.8117123,2026-08-07 14:00:00,14,4,0,0,50,100,1.0,39,0.7735,1
InterContinental Hotel Car Park,-1.2873717,36.8192911,2026-08-07 14:00:00,14,4,0,0,50,300,1.15,44,0.8878,1
Unnamed Parking,-1.25013,36.8202579,2026-08-07 14:00:00,14,4,0,0,50,100,1.16,48,0.9687,0
Olympic Bus Terminus,-1.3126351,36.7778212,2026-08-07 14:00:00,14,4,0,0,50,100,1.0,44,0.8784,1
Ayany Car Park,-1.3090339,36.7757579,2026-08-07 14:00:00,14,4,0,0,50,200,1.0,41,0.825,1
Westgate Mall Car Park,-1.2566578,36.8035661,2026-08-07 14:00:00,14,4,0,0,50,50,1.0,42,0.8499,1
Student parking,-1.274479,36.805643,2026-08-07 14:00:00,14,4,0,0,50,100,1.0,37,0.75,1
Kenton Rear Parking,-1.2809847,36.7869545,2026-08-07 14:00:00,14,4,0,0,50,100,1.0,45,0.8984,1
Unnamed Parking,-1.2553877,36.8667692,2026-08-07 14:00:00,14,4,0,0,50,100,1.0,46,0.9206,1
Unnamed Parking,-1.259848,36.8644681,2026-08-07 14:00:00,14,4,0,0,50,100,1.19,41,0.8138,1
Travel House Parking,-1.2861727,36.8214386,2026-08-07 14:00:00,14,4,0,0,50,100,1.18,41,0.8124,1
Lenana Parking Lot Area,-1.2900918,36.800209,2026-08-07 14:00:00,14,4,0,0,50,100,1.0,44,0.8713,1
Unnamed Parking,-1.2944773,36.8101427,2026-08-07 14:00:00,14,4,0,0,50,100,1.0,41,0.8151,1
Parking B,-1.2806414,36.8128716,2026-08-07 14:00:00,14,4,0,0,50,100,1.0,42,0.8447,1
MAIN PACKING,-1.2803274,36.8127162,2026-08-07 14:00:00,14,4,0,0,50,100,1.0,50,1.0,0
YMCA STAFF PARKING,-1.2805756,36.8129968,2026-08-07 14:00:00,14,4,0,0,50,100,1.0,42,0.8302,1
Unnamed Parking,-1.2896057,36.8150615,2026-08-07 15:00:00,15,4,0,0,50,100,1.0,41,0.8213,1
Unnamed Parking,-1.2909796,36.8282672,2026-08-07 15:00:00,15,4,0,0,50,100,1.0,40,0.7982,1
Unnamed Parking,-1.2856445,36.8132893,2026-08-07 15:00:00,15,4,0,0,50,100,1.0,45,0.9095,1
Unnamed Parking,-1.2597359,36.8182597,2026-08-07 15:00:00,15,4,0,0,50,100,1.0,42,0.8355,1
Unnamed Parking,-1.2641049,36.8117123,2026-08-07 15:00:00,15,4,0,0,50,100,1.0,40,0.7981,1
InterContinental Hotel Car Park,-1.2873717,36.8192911,2026-08-07 15:00:00,15,4,0,0,50,300,1.15,48,0.9557,0
Unnamed Parking,-1.25013,36.8202579,2026-08-07 15:00:00,15,4,0,0,50,100,1.16,48,0.9636,0
Olympic Bus Terminus,-1.3126351,36.7778212,2026-08-07 15:00:00,15,4,0,0,50,100,1.0,40,0.802,1
Ayany Car Park,-1.3090339,36.7757579,2026-08-07 15:00:00,15,4,0,0,50,200,1.0,35,0.7007,1
Westgate Mall Car Park,-1.2566578,36.8035661,2026-08-07 15:00:00,15,4,0,0,50,50,1.0,47,0.9306,1
Student parking,-1.274479,36.805643,2026-08-07 15:00:00,15,4,0,0,50,100,1.0,40,0.7952,1
Kenton Rear Parking,-1.2809847,36.7869545,2026-08-07 15:00:00,15,4,0,0,50,100,1.0,46,0.9133,1
Unnamed Parking,-1.2553877,36.8667692,2026-08-07 15:00:00,15,4,0,0,50,100,1.0,35,0.6924,1
Unnamed Parking,-1.259848,36.8644681,2026-08-07 15:00:00,15,4,0,0,50,100,1.19,46,0.9214,1
Travel House Parking,-1.2861727,36.8214386,2026-08-07 15:00:00,15,4,0,0,50,100,1.18,38,0.7531,1
Lenana Parking Lot Area,-1.2900918,36.800209,2026-08-07 15:00:00,15,4,0,0,50,100,1.0,45,0.9085,1
Unnamed Parking,-1.2944773,36.8101427,2026-08-07 15:00:00,15,4,0,0,50,100,1.0,43,0.8511,1
Parking B,-1.2806414,36.8128716,2026-08-07 15:00:00,15,4,0,0,50,100,1.0,39,0.7737,1
MAIN PACKING,-1.2803274,36.8127162,2026-08-07 15:00:00,15,4,0,0,50,100,1.0,41,0.8174,1
YMCA STAFF PARKING,-1.2805756,36.8129968,2026-08-07 15:00:00,15,4,0,0,50,100,1.0,45,0.9049,1
Unnamed Parking,-1.2896057,36.8150615,2026-08-07 16:00:00,16,4,0,0,50,100,1.0,43,0.8585,1
Unnamed Parking,-1.2909796,36.8282672,2026-08-07 16:00:00,16,4,0,0,50,100,1.0,45,0.8968,1
Unnamed Parking,-1.2856445,36.8132893,2026-08-07 16:00:00,16,4,0,0,50,100,1.0,50,1.0,0
Unnamed Parking,-1.2597359,36.8182597,2026-08-07 16:00:00,16,4,0,0,50,100,1.0,36,0.7249,1
Unnamed Parking,-1.2641049,36.8117123,2026-08-07 16:00:00,16,4,0,0,50,100,1.0,49,0.9794,0
InterContinental Hotel Car Park,-1.2873717,36.8192911,2026-08-07 16:00:00,16,4,0,0,50,300,1.15,43,0.8583,1
Unnamed Parking,-1.25013,36.8202579,2026-08-07 16:00:00,16,4,0,0,50,100,1.16,39,0.7781,1
Olympic Bus Terminus,-1.3126351,36.7778212,2026-08-07 16:00:00,16,4,0,0,50,100,1.0,37,0.7436,1
Ayany Car Park,-1.3090339,36.7757579,2026-08-07 16:00:00,16,4,0,0,50,200,1.0,42,0.8349,1
Westgate Mall Car Park,-1.2566578,36.8035661,2026-08-07 16:00:00,16,4,0,0,50,50,1.0,46,0.9237,1
Student parking,-1.274479,36.805643,2026-08-07 16:00:00,16,4,0,0,50,100,1.0,42,0.8398,1
Kenton Rear Parking,-1.2809847,36.7869545,2026-08-07 16:00:00,16,4,0,0,50,100,1.0,49,0.9709,0
Unnamed Parking,-1.2553877,36.8667692,2026-08-07 16:00:00,16,4,0,0,50,100,1.0,37,0.7339,1
Unnamed Parking,-1.259848,36.8644681,2026-08-07 16:00:00,16,4,0,0,50,100,1.19,42,0.849,1
Travel House Parking,-1.2861727,36.8214386,2026-08-07 16:00:00,16,4,0,0,50,100,1.18,37,0.7498,1
Lenana Parking Lot Area,-1.2900918,36.800209,2026-08-07 16:00:00,16,4,0,0,50,100,1.0,44,0.8791,1
Unnamed Parking,-1.2944773,36.8101427,2026-08-07 16:00:00,16,4,0,0,50,100,1.0,46,0.921,1
Parking B,-1.2806414,36.8128716,2026-08-07 16:00:00,16,4,0,0,50,100,1.0,41,0.8163,1
MAIN PACKING,-1.2803274,36.8127162,2026-08-07 16:00:00,16,4,0,0,50,100,1.0,32,0.6417,1
YMCA STAFF PARKING,-1.2805756,36.8129968,2026-08-07 16:00:00,16,4,0,0,50,100,1.0,43,0.8659,1
Unnamed Parking,-1.2896057,36.8150615,2026-08-07 17:00:00,17,4,0,0,50,100,1.0,37,0.7349,1
Unnamed Parking,-1.2909796,36.8282672,2026-08-07 17:00:00,17,4,0,0,50,100,1.0,37,0.7323,1
Unnamed Parking,-1.2856445,36.8132893,2026-08-07 17:00:00,17,4,0,0,50,100,1.0,40,0.7989,1
Unnamed Parking,-1.2597359,36.8182597,2026-08-07 17:00:00,17,4,0,0,50,100,1.0,31,0.6143,1
Unnamed Parking,-1.2641049,36.8117123,2026-08-07 17:00:00,17,4,0,0,50,100,1.0,38,0.7544,1
InterContinental Hotel Car Park,-1.2873717,36.8192911,2026-08-07 17:00:00,17,4,0,0,50,300,1.15,40,0.7954,1
Unnamed Parking,-1.25013,36.8202579,2026-08-07 17:00:00,17,4,0,0,50,100,1.16,28,0.5577,1
Olympic Bus Terminus,-1.3126351,36.7778212,2026-08-07 17:00:00,17,4,0,0,50,100,1.0,36,0.7256,1
Ayany Car Park,-1.3090339,36.7757579,2026-08-07 17:00:00,17,4,0,0,50,200,1.0,33,0.6597,1
Westgate Mall Car Park,-1.2566578,36.8035661,2026-08-07 17:00:00,17,4,0,0,50,50,1.0,35,0.6935,1
Student parking,-1.274479,36.805643,2026-08-07 17:00:00,17,4,0,0,50,100,1.0,36,0.7278,1
Kenton Rear Parking,-1.2809847,36.7869545,2026-08-07 17:00:00,17,4,0,0,50,100,1.0,33,0.661,1
Unnamed Parking,-1.2553877,36.8667692,2026-08-07 17:00:00,17,4,0,0,50,100,1.0,32,0.6459,1
Unnamed Parking,-1.259848,36.8644681,2026-08-07 17:00:00,17,4,0,0,50,100,1.19,35,0.7027,1
Travel House Parking,-1.2861727,36.8214386,2026-08-07 17:00:00,17,4,0,0,50,100,1.18,31,0.613,1
Lenana Parking Lot Area,-1.2900918,36.800209,2026-08-07 17:00:00,17,4,0,0,50,100,1.0,31,0.6131,1
Unnamed Parking,-1.2944773,36.8101427,2026-08-07 17:00:00,17,4,0,0,50,100,1.0,38,0.7543,1
Parking B,-1.2806414,36.8128716,2026-08-07 17:00:00,17,4,0,0,50,100,1.0,30,0.6081,1
MAIN PACKING,-1.2803274,36.8127162,2026-08-07 17:00:00,17,4,0,0,50,100,1.0,38,0.7533,1
YMCA STAFF PARKING,-1.2805756,36.8129968,2026-08-07 17:00:00,17,4,0,0,50,100,1.0,37,0.737,1
Unnamed Parking,-1.2896057,36.8150615,2026-08-07 18:00:00,18,4,0,0,50,100,1.0,28,0.5619,1
Unnamed Parking,-1.2909796,36.8282672,2026-08-07 18:00:00,18,4,0,0,50,100,1.0,32,0.6458,1
Unnamed Parking,-1.2856445,36.8132893,2026-08-07 18:00:00,18,4,0,0,50,100,1.0,40,0.7955,1
Unnamed Parking,-1.2597359,36.8182597,2026-08-07 18:00:00,18,4,0,0,50,100,1.0,31,0.6215,1
Unnamed Parking,-1.2641049,36.8117123,2026-08-07 18:00:00,18,4,0,0,50,100,1.0,33,0.6628,1
InterContinental Hotel Car Park,-1.2873717,36.8192911,2026-08-07 18:00:00,18,4,0,0,50,300,1.15,37,0.737,1
Unnamed Parking,-1.25013,36.8202579,2026-08-07 18:00:00,18,4,0,0,50,100,1.16,38,0.7627,1
Olympic Bus Terminus,-1.3126351,36.7778212,2026-08-07 18:00:00,18,4,0,0,50,100,1.0,34,0.6799,1
Ayany Car Park,-1.3090339,36.7757579,2026-08-07 18:00:00,18,4,0,0,50,200,1.0,33,0.6522,1
Westgate Mall Car Park,-1.2566578,36.8035661,2026-08-07 18:00:00,18,4,0,0,50,50,1.0,41,0.8138,1
Student parking,-1.274479,36.805643,2026-08-07 18:00:00,18,4,0,0,50,100,1.0,42,0.8391,1
Kenton Rear Parking,-1.2809847,36.7869545,2026-08-07 18:00:00,18,4,0,0,50,100,1.0,39,0.7783,1
Unnamed Parking,-1.2553877,36.8667692,2026-08-07 18:00:00,18,4,0,0,50,100,1.0,35,0.7068,1
Unnamed Parking,-1.259848,36.8644681,2026-08-07 18:00:00,18,4,0,0,50,100,1.19,32,0.6353,1
Travel House Parking,-1.2861727,36.8214386,2026-08-07 18:00:00,18,4,0,0,50,100,1.18,32,0.6336,1
Lenana Parking Lot Area,-1.2900918,36.800209,2026-08-07 18:00:00,18,4,0,0,50,100,1.0,37,0.7418,1
Unnamed Parking,-1.2944773,36.8101427,2026-08-07 18:00:00,18,4,0,0,50,100,1.0,37,0.7335,1
Parking B,-1.2806414,36.8128716,2026-08-07 18:00:00,18,4,0,0,50,100,1.0,41,0.8121,1
MAIN PACKING,-1.2803274,36.8127162,2026-08-07 18:00:00,18,4,0,0,50,100,1.0,38,0.752,1
YMCA STAFF PARKING,-1.2805756,36.8129968,2026-08-07 18:00:00,18,4,0,0,50,100,1.0,29,0.5798,1
Unnamed Parking,-1.2896057,36.8150615,2026-08-07 19:00:00,19,4,0,0,50,100,1.0,24,0.4842,1
Unnamed Parking,-1.2909796,36.8282672,2026-08-07 19:00:00,19,4,0,0,50,100,1.0,16,0.3202,1
Unnamed Parking,-1.2856445,36.8132893,2026-08-07 19:00:00,19,4,0,0,50,100,1.0,18,0.3693,1
Unnamed Parking,-1.2597359,36.8182597,2026-08-07 19:00:00,19,4,0,0,50,100,1.0,21,0.42,1
Unnamed Parking,-1.2641049,36.8117123,2026-08-07 19:00:00,19,4,0,0,50,100,1.0,28,0.5597,1
InterContinental Hotel Car Park,-1.2873717,36.8192911,2026-08-07 19:00:00,19,4,0,0,50,300,1.15,32,0.6488,1
Unnamed Parking,-1.25013,36.8202579,2026-08-07 19:00:00,19,4,0,0,50,100,1.16,22,0.4485,1
Olympic Bus Terminus,-1.3126351,36.7778212,2026-08-07 19:00:00,19,4,0,0,50,100,1.0,19,0.3853,1
Ayany Car Park,-1.3090339,36.7757579,2026-08-07 19:00:00,19,4,0,0,50,200,1.0,22,0.4428,1
Westgate Mall Car Park,-1.2566578,36.8035661,2026-08-07 19:00:00,19,4,0,0,50,50,1.0,24,0.471,1
Student parking,-1.274479,36.805643,2026-08-07 19:00:00,19,4,0,0,50,100,1.0,19,0.3743,1
Kenton Rear Parking,-1.2809847,36.7869545,2026-08-07 19:00:00,19,4,0,0,50,100,1.0,27,0.5436,1
Unnamed Parking,-1.2553877,36.8667692,2026-08-07 19:00:00,19,4,0,0,50,100,1.0,21,0.4184,1
Unnamed Parking,-1.259848,36.8644681,2026-08-07 19:00:00,19,4,0,0,50,100,1.19,22,0.4398,1
Travel House Parking,-1.2861727,36.8214386,2026-08-07 19:00:00,19,4,0,0,50,100,1.18,23,0.4533,1
Lenana Parking Lot Area,-1.2900918,36.800209,2026-08-07 19:00:00,19,4,0,0,50,100,1.0,22,0.4337,1
Unnamed Parking,-1.2944773,36.8101427,2026-08-07 19:00:00,19,4,0,0,50,100,1.0,23,0.4671,1
Parking B,-1.2806414,36.8128716,2026-08-07 19:00:00,19,4,0,0,50,100,1.0,18,0.3506,1
MAIN PACKING,-1.2803274,36.8127162,2026-08-07 19:00:00,19,4,0,0,50,100,1.0,18,0.3553,1
YMCA STAFF PARKING,-1.2805756,36.8129968,2026-08-07 19:00:00,19,4,0,0,50,100,1.0,16,0.312,1
Unnamed Parking,-1.2896057,36.8150615,2026-08-07 20:00:00,20,4,0,0,50,100,1.0,22,0.4352,1
Unnamed Parking,-1.2909796,36.8282672,2026-08-07 20:00:00,20,4,0,0,50,100,1.0,23,0.4623,1
Unnamed Parking,-1.2856445,36.8132893,2026-08-07 20:00:00,20,4,0,0,50,100,1.0,22,0.4366,1
Unnamed Parking,-1.2597359,36.8182597,2026-08-07 20:00:00,20,4,0,0,50,100,1.0,27,0.534,1
Unnamed Parking,-1.2641049,36.8117123,2026-08-07 20:00:00,20,4,0,0,50,100,1.0,20,0.3996,1
InterContinental Hotel Car Park,-1.2873717,36.8192911,2026-08-07 20:00:00,20,4,0,0,50,300,1.15,23,0.4535,1
Unnamed Parking,-1.25013,36.8202579,2026-08-07 20:00:00,20,4,0,0,50,100,1.16,16,0.3127,1
Olympic Bus Terminus,-1.3126351,36.7778212,2026-08-07 20:00:00,20,4,0,0,50,100,1.0,18,0.369,1
Ayany Car Park,-1.3090339,36.7757579,2026-08-07 20:00:00,20,4,0,0,50,200,1.0,23,0.4556,1
Westgate Mall Car Park,-1.2566578,36.8035661,2026-08-07 20:00:00,20,4,0,0,50,50,1.0,23,0.4679,1
Student parking,-1.274479,36.805643,2026-08-07 20:00:00,20,4,0,0,50,100,1.0,19,0.3765,1
Kenton Rear Parking,-1.2809847,36.7869545,2026-08-07 20:00:00,20,4,0,0,50,100,1.0,20,0.3943,1
Unnamed Parking,-1.2553877,36.8667692,2026-08-07 20:00:00,20,4,0,0,50,100,1.0,14,0.2786,1
Unnamed Parking,-1.259848,36.8644681,2026-08-07 20:00:00,20,4,0,0,50,100,1.19,19,0.3714,1
Travel House Parking,-1.2861727,36.8214386,2026-08-07 20:00:00,20,4,0,0,50,100,1.18,24,0.4712,1
Lenana Parking Lot Area,-1.2900918,36.800209,2026-08-07 20:00:00,20,4,0,0,50,100,1.0,22,0.446,1
Unnamed Parking,-1.2944773,36.8101427,2026-08-07 20:00:00,20,4,0,0,50,100,1.0,22,0.4401,1
Parking B,-1.2806414,36.8128716,2026-08-07 20:00:00,20,4,0,0,50,100,1.0,20,0.404,1
MAIN PACKING,-1.2803274,36.8127162,2026-08-07 20:00:00,20,4,0,0,50,100,1.0,20,0.4006,1
YMCA STAFF PARKING,-1.2805756,36.8129968,2026-08-07 20:00:00,20,4,0,0,50,100,1.0,17,0.3472,1
Unnamed Parking,-1.2896057,36.8150615,2026-08-07 21:00:00,21,4,0,0,50,100,1.0,23,0.4559,1
Unnamed Parking,-1.2909796,36.8282672,2026-08-07 21:00:00,21,4,0,0,50,100,1.0,22,0.4337,1
Unnamed Parking,-1.2856445,36.8132893,2026-08-07 21:00:00,21,4,0,0,50,100,1.0,22,0.4394,1
Unnamed Parking,-1.2597359,36.8182597,2026-08-07 21:00:00,21,4,0,0,50,100,1.0,18,0.3579,1
Unnamed Parking,-1.2641049,36.8117123,2026-08-07 21:00:00,21,4,0,0,50,100,1.0,11,0.2277,1
InterContinental Hotel Car Park,-1.2873717,36.8192911,2026-08-07 21:00:00,21,4,0,0,50,300,1.15,24,0.4878,1
Unnamed Parking,-1.25013,36.8202579,2026-08-07 21:00:00,21,4,0,0,50,100,1.16,18,0.3617,1
Olympic Bus Terminus,-1.3126351,36.7778212,2026-08-07 21:00:00,21,4,0,0,50,100,1.0,17,0.331,1
Ayany Car Park,-1.3090339,36.7757579,2026-08-07 21:00:00,21,4,0,0,50,200,1.0,23,0.4555,1
Westgate Mall Car Park,-1.2566578,36.8035661,2026-08-07 21:00:00,21,4,0,0,50,50,1.0,18,0.3686,1
Student parking,-1.274479,36.805643,2026-08-07 21:00:00,21,4,0,0,50,100,1.0,24,0.4848,1
Kenton Rear Parking,-1.2809847,36.7869545,2026-08-07 21:00:00,21,4,0,0,50,100,1.0,22,0.4494,1
Unnamed Parking,-1.2553877,36.8667692,2026-08-07 21:00:00,21,4,0,0,50,100,1.0,23,0.4547,1
Unnamed Parking,-1.259848,36.8644681,2026-08-07 21:00:00,21,4,0,0,50,100,1.19,15,0.2907,1
Travel House Parking,-1.2861727,36.8214386,2026-08-07 21:00:00,21,4,0,0,50,100,1.18,25,0.497,1
Lenana Parking Lot Area,-1.2900918,36.800209,2026-08-07 21:00:00,21,4,0,0,50,100,1.0,21,0.4209,1
Unnamed Parking,-1.2944773,36.8101427,2026-08-07 21:00:00,21,4,0,0,50,100,1.0,19,0.3705,1
Parking B,-1.2806414,36.8128716,2026-08-07 21:00:00,21,4,0,0,50,100,1.0,21,0.4115,1
MAIN PACKING,-1.2803274,36.8127162,2026-08-07 21:00:00,21,4,0,0,50,100,1.0,13,0.2579,1
YMCA STAFF PARKING,-1.2805756,36.8129968,2026-08-07 21:00:00,21,4,0,0,50,100,1.0,22,0.4327,1
Unnamed Parking,-1.2896057,36.8150615,2026-08-07 22:00:00,22,4,0,0,50,100,1.0,16,0.3177,1
Unnamed Parking,-1.2909796,36.8282672,2026-08-07 22:00:00,22,4,0,0,50,100,1.0,15,0.2918,1
Unnamed Parking,-1.2856445,36.8132893,2026-08-07 22:00:00,22,4,0,0,50,100,1.0,14,0.2782,1
Unnamed Parking,-1.2597359,36.8182597,2026-08-07 22:00:00,22,4,0,0,50,100,1.0,24,0.489,1
Unnamed Parking,-1.2641049,36.8117123,2026-08-07 22:00:00,22,4,0,0,50,100,1.0,17,0.3497,1
InterContinental Hotel Car Park,-1.2873717,36.8192911,2026-08-07 22:00:00,22,4,0,0,50,300,1.15,26,0.5227,1
Unnamed Parking,-1.25013,36.8202579,2026-08-07 22:00:00,22,4,0,0,50,100,1.16,18,0.3571,1
Olympic Bus Terminus,-1.3126351,36.7778212,2026-08-07 22:00:00,22,4,0,0,50,100,1.0,13,0.2634,1
Ayany Car Park,-1.3090339,36.7757579,2026-08-07 22:00:00,22,4,0,0,50,200,1.0,16,0.3107,1
Westgate Mall Car Park,-1.2566578,36.8035661,2026-08-07 22:00:00,22,4,0,0,50,50,1.0,25,0.4989,1
Student parking,-1.274479,36.805643,2026-08-07 22:00:00,22,4,0,0,50,100,1.0,19,0.3875,1
Kenton Rear Parking,-1.2809847,36.7869545,2026-08-07 22:00:00,22,4,0,0,50,100,1.0,18,0.3561,1
Unnamed Parking,-1.2553877,36.8667692,2026-08-07 22:00:00,22,4,0,0,50,100,1.0,21,0.4128,1
Unnamed Parking,-1.259848,36.8644681,2026-08-07 22:00:00,22,4,0,0,50,100,1.19,22,0.4401,1
Travel House Parking,-1.2861727,36.8214386,2026-08-07 22:00:00,22,4,0,0,50,100,1.18,24,0.4894,1
Lenana Parking Lot Area,-1.2900918,36.800209,2026-08-07 22:00:00,22,4,0,0,50,100,1.0,26,0.5159,1
Unnamed Parking,-1.2944773,36.8101427,2026-08-07 22:00:00,22,4,0,0,50,100,1.0,19,0.3712,1
Parking B,-1.2806414,36.8128716,2026-08-07 22:00:00,22,4,0,0,50,100,1.0,15,0.2939,1
MAIN PACKING,-1.2803274,36.8127162,2026-08-07 22:00:00,22,4,0,0,50,100,1.0,18,0.3669,1
YMCA STAFF PARKING,-1.2805756,36.8129968,2026-08-07 22:00:00,22,4,0,0,50,100,1.0,21,0.4208,1
Unnamed Parking,-1.2896057,36.8150615,2026-08-08 06:00:00,6,5,1,0,50,100,1.0,8,0.1629,1
Unnamed Parking,-1.2909796,36.8282672,2026-08-08 06:00:00,6,5,1,0,50,100,1.0,8,0.1634,1
Unnamed Parking,-1.2856445,36.8132893,2026-08-08 06:00:00,6,5,1,0,50,100,1.0,13,0.2675,1
Unnamed Parking,-1.2597359,36.8182597,2026-08-08 06:00:00,6,5,1,0,50,100,1.0,12,0.2361,1
Unnamed Parking,-1.2641049,36.8117123,2026-08-08 06:00:00,6,5,1,0,50,100,1.0,12,0.2426,1
InterContinental Hotel Car Park,-1.2873717,36.8192911,2026-08-08 06:00:00,6,5,1,0,50,300,1.15,9,0.1793,1
Unnamed Parking,-1.25013,36.8202579,2026-08-08 06:00:00,6,5,1,0,50,100,1.16,11,0.2216,1
Olympic Bus Terminus,-1.3126351,36.7778212,2026-08-08 06:00:00,6,5,1,0,50,100,1.0,8,0.1661,1
Ayany Car Park,-1.3090339,36.7757579,2026-08-08 06:00:00,6,5,1,0,50,200,1.0,16,0.3112,1
Westgate Mall Car Park,-1.2566578,36.8035661,2026-08-08 06:00:00,6,5,1,0,50,50,1.0,16,0.3228,1
Student parking,-1.274479,36.805643,2026-08-08 06:00:00,6,5,1,0,50,100,1.0,5,0.1,1
Kenton Rear Parking,-1.2809847,36.7869545,2026-08-08 06:00:00,6,5,1,0,50,100,1.0,8,0.1656,1
Unnamed Parking,-1.2553877,36.8667692,2026-08-08 06:00:00,6,5,1,0,50,100,1.0,6,0.1203,1
Unnamed Parking,-1.259848,36.8644681,2026-08-08 06:00:00,6,5,1,0,50,100,1.19,9,0.188,1
Travel House Parking,-1.2861727,36.8214386,2026-08-08 06:00:00,6,5,1,0,50,100,1.18,12,0.2333,1
Lenana Parking Lot Area,-1.2900918,36.800209,2026-08-08 06:00:00,6,5,1,0,50,100,1.0,6,0.124,1
Unnamed Parking,-1.2944773,36.8101427,2026-08-08 06:00:00,6,5,1,0,50,100,1.0,8,0.1663,1
Parking B,-1.2806414,36.8128716,2026-08-08 06:00:00,6,5,1,0,50,100,1.0,8,0.1597,1
MAIN PACKING,-1.2803274,36.8127162,2026-08-08 06:00:00,6,5,1,0,50,100,1.0,13,0.2566,1
YMCA STAFF PARKING,-1.2805756,36.8129968,2026-08-08 06:00:00,6,5,1,0,50,100,1.0,12,0.2455,1
Unnamed Parking,-1.2896057,36.8150615,2026-08-08 07:00:00,7,5,1,0,50,100,1.0,9,0.1823,1
Unnamed Parking,-1.2909796,36.8282672,2026-08-08 07:00:00,7,5,1,0,50,100,1.0,13,0.2541,1
Unnamed Parking,-1.2856445,36.8132893,2026-08-08 07:00:00,7,5,1,0,50,100,1.0,10,0.1963,1
Unnamed Parking,-1.2597359,36.8182597,2026-08-08 07:00:00,7,5,1,0,50,100,1.0,11,0.2183,1
Unnamed Parking,-1.2641049,36.8117123,2026-08-08 07:00:00,7,5,1,0,50,100,1.0,19,0.3739,1
InterContinental Hotel Car Park,-1.2873717,36.8192911,2026-08-08 07:00:00,7,5,1,0,50,300,1.15,17,0.3472,1
Unnamed Parking,-1.25013,36.8202579,2026-08-08 07:00:00,7,5,1,0,50,100,1.16,7,0.136,1
Olympic Bus Terminus,-1.3126351,36.7778212,2026-08-08 07:00:00,7,5,1,0,50,100,1.0,15,0.3064,1
Ayany Car Park,-1.3090339,36.7757579,2026-08-08 07:00:00,7,5,1,0,50,200,1.0,15,0.3049,1
Westgate Mall Car Park,-1.2566578,36.8035661,2026-08-08 07:00:00,7,5,1,0,50,50,1.0,7,0.1481,1
Student parking,-1.274479,36.805643,2026-08-08 07:00:00,7,5,1,0,50,100,1.0,15,0.3055,1
Kenton Rear Parking,-1.2809847,36.7869545,2026-08-08 07:00:00,7,5,1,0,50,100,1.0,18,0.363,1
Unnamed Parking,-1.2553877,36.8667692,2026-08-08 07:00:00,7,5,1,0,50,100,1.0,8,0.1502,1
Unnamed Parking,-1.259848,36.8644681,2026-08-08 07:00:00,7,5,1,0,50,100,1.19,8,0.1666,1
Travel House Parking,-1.2861727,36.8214386,2026-08-08 07:00:00,7,5,1,0,50,100,1.18,16,0.3214,1
Lenana Parking Lot Area,-1.2900918,36.800209,2026-08-08 07:00:00,7,5,1,0,50,100,1.0,13,0.2617,1
Unnamed Parking,-1.2944773,36.8101427,2026-08-08 07:00:00,7,5,1,0,50,100,1.0,14,0.2841,1
Parking B,-1.2806414,36.8128716,2026-08-08 07:00:00,7,5,1,0,50,100,1.0,13,0.2672,1
MAIN PACKING,-1.2803274,36.8127162,2026-08-08 07:00:00,7,5,1,0,50,100,1.0,14,0.2713,1
YMCA STAFF PARKING,-1.2805756,36.8129968,2026-08-08 07:00:00,7,5,1,0,50,100,1.0,7,0.1339,1
Unnamed Parking,-1.2896057,36.8150615,2026-08-08 08:00:00,8,5,1,0,50,100,1.0,30,0.5938,1
Unnamed Parking,-1.2909796,36.8282672,2026-08-08 08:00:00,8,5,1,0,50,100,1.0,30,0.6036,1
Unnamed Parking,-1.2856445,36.8132893,2026-08-08 08:00:00,8,5,1,0,50,100,1.0,25,0.4916,1
Unnamed Parking,-1.2597359,36.8182597,2026-08-08 08:00:00,8,5,1,0,50,100,1.0,25,0.5065,1
Unnamed Parking,-1.2641049,36.8117123,2026-08-08 08:00:00,8,5,1,0,50,100,1.0,19,0.3875,1
InterContinental Hotel Car Park,-1.2873717,36.8192911,2026-08-08 08:00:00,8,5,1,0,50,300,1.15,28,0.5511,1
Unnamed Parking,-1.25013,36.8202579,2026-08-08 08:00:00,8,5,1,0,50,100,1.16,28,0.5558,1
Olympic Bus Terminus,-1.3126351,36.7778212,2026-08-08 08:00:00,8,5,1,0,50,100,1.0,25,0.505,1
Ayany Car Park,-1.3090339,36.7757579,2026-08-08 08:00:00,8,5,1,0,50,200,1.0,30,0.5999,1
Westgate Mall Car Park,-1.2566578,36.8035661,2026-08-08 08:00:00,8,5,1,0,50,50,1.0,24,0.4833,1
Student parking,-1.274479,36.805643,2026-08-08 08:00:00,8,5,1,0,50,100,1.0,28,0.5552,1
Kenton Rear Parking,-1.2809847,36.7869545,2026-08-08 08:00:00,8,5,1,0,50,100,1.0,21,0.4284,1
Unnamed Parking,-1.2553877,36.8667692,2026-08-08 08:00:00,8,5,1,0,50,100,1.0,25,0.5081,1
Unnamed Parking,-1.259848,36.8644681,2026-08-08 08:00:00,8,5,1,0,50,100,1.19,25,0.4961,1
Travel House Parking,-1.2861727,36.8214386,2026-08-08 08:00:00,8,5,1,0,50,100,1.18,26,0.528,1
Lenana Parking Lot Area,-1.2900918,36.800209,2026-08-08 08:00:00,8,5,1,0,50,100,1.0,24,0.4804,1
Unnamed Parking,-1.2944773,36.8101427,2026-08-08 08:00:00,8,5,1,0,50,100,1.0,25,0.4995,1
Parking B,-1.2806414,36.8128716,2026-08-08 08:00:00,8,5,1,0,50,100,1.0,29,0.5761,1
MAIN PACKING,-1.2803274,36.8127162,2026-08-08 08:00:00,8,5,1,0,50,100,1.0,24,0.4751,1
YMCA STAFF PARKING,-1.2805756,36.8129968,2026-08-08 08:00:00,8,5,1,0,50,100,1.0,19,0.3815,1
Unnamed Parking,-1.2896057,36.8150615,2026-08-08 09:00:00,9,5,1,0,50,100,1.0,32,0.65,1
Unnamed Parking,-1.2909796,36.8282672,2026-08-08 09:00:00,9,5,1,0,50,100,1.0,31,0.6205,1
Unnamed Parking,-1.2856445,36.8132893,2026-08-08 09:00:00,9,5,1,0,50,100,1.0,20,0.4066,1
Unnamed Parking,-1.2597359,36.8182597,2026-08-08 09:00:00,9,5,1,0,50,100,1.0,28,0.5652,1
Unnamed Parking,-1.2641049,36.8117123,2026-08-08 09:00:00,9,5,1,0,50,100,1.0,23,0.4698,1
InterContinental Hotel Car Park,-1.2873717,36.8192911,2026-08-08 09:00:00,9,5,1,0,50,300,1.15,27,0.5311,1
Unnamed Parking,-1.25013,36.8202579,2026-08-08 09:00:00,9,5,1,0,50,100,1.16,27,0.5335,1
Olympic Bus Terminus,-1.3126351,36.7778212,2026-08-08 09:00:00,9,5,1,0,50,100,1.0,25,0.4912,1
Ayany Car Park,-1.3090339,36.7757579,2026-08-08 09:00:00,9,5,1,0,50,200,1.0,22,0.4473,1
Westgate Mall Car Park,-1.2566578,36.8035661,2026-08-08 09:00:00,9,5,1,0,50,50,1.0,23,0.4548,1
Student parking,-1.274479,36.805643,2026-08-08 09:00:00,9,5,1,0,50,100,1.0,22,0.4367,1
Kenton Rear Parking,-1.2809847,36.7869545,2026-08-08 09:00:00,9,5,1,0,50,100,1.0,22,0.4435,1
Unnamed Parking,-1.2553877,36.8667692,2026-08-08 09:00:00,9,5,1,0,50,100,1.0,25,0.5046,1
Unnamed Parking,-1.259848,36.8644681,2026-08-08 09:00:00,9,5,1,0,50,100,1.19,23,0.4527,1
Travel House Parking,-1.2861727,36.8214386,2026-08-08 09:00:00,9,5,1,0,50,100,1.18,28,0.5646,1
Lenana Parking Lot Area,-1.2900918,36.800209,2026-08-08 09:00:00,9,5,1,0,50,100,1.0,31,0.629,1
Unnamed Parking,-1.2944773,36.8101427,2026-08-08 09:00:00,9,5,1,0,50,100,1.0,23,0.4636,1
Parking B,-1.2806414,36.8128716,2026-08-08 09:00:00,9,5,1,0,50,100,1.0,26,0.5292,1
MAIN PACKING,-1.2803274,36.8127162,2026-08-08 09:00:00,9,5,1,0,50,100,1.0,27,0.55,1
YMCA STAFF PARKING,-1.2805756,36.8129968,2026-08-08 09:00:00,9,5,1,0,50,100,1.0,27,0.5478,1
Unnamed Parking,-1.2896057,36.8150615,2026-08-08 10:00:00,10,5,1,0,50,100,1.0,26,0.5161,1
Unnamed Parking,-1.2909796,36.8282672,2026-08-08 10:00:00,10,5,1,0,50,100,1.0,28,0.5694,1
Unnamed Parking,-1.2856445,36.8132893,2026-08-08 10:00:00,10,5,1,0,50,100,1.0,27,0.5486,1
Unnamed Parking,-1.2597359,36.8182597,2026-08-08 10:00:00,10,5,1,0,50,100,1.0,21,0.411,1
Unnamed Parking,-1.2641049,36.8117123,2026-08-08 10:00:00,10,5,1,0,50,100,1.0,29,0.5795,1
InterContinental Hotel Car Park,-1.2873717,36.8192911,2026-08-08 10:00:00,10,5,1,0,50,300,1.15,29,0.581,1
Unnamed Parking,-1.25013,36.8202579,2026-08-08 10:00:00,10,5,1,0,50,100,1.16,22,0.4489,1
Olympic Bus Terminus,-1.3126351,36.7778212,2026-08-08 10:00:00,10,5,1,0,50,100,1.0,26,0.513,1
Ayany Car Park,-1.3090339,36.7757579,2026-08-08 10:00:00,10,5,1,0,50,200,1.0,28,0.5647,1
Westgate Mall Car Park,-1.2566578,36.8035661,2026-08-08 10:00:00,10,5,1,0,50,50,1.0,25,0.4933,1
Student parking,-1.274479,36.805643,2026-08-08 10:00:00,10,5,1,0,50,100,1.0,30,0.5958,1
Kenton Rear Parking,-1.2809847,36.7869545,2026-08-08 10:00:00,10,5,1,0,50,100,1.0,35,0.6991,1
Unnamed Parking,-1.2553877,36.8667692,2026-08-08 10:00:00,10,5,1,0,50,100,1.0,22,0.4471,1
Unnamed Parking,-1.259848,36.8644681,2026-08-08 10:00:00,10,5,1,0,50,100,1.19,20,0.3995,1
Travel House Parking,-1.2861727,36.8214386,2026-08-08 10:00:00,10,5,1,0,50,100,1.18,27,0.5343,1
Lenana Parking Lot Area,-1.2900918,36.800209,2026-08-08 10:00:00,10,5,1,0,50,100,1.0,28,0.5677,1
Unnamed Parking,-1.2944773,36.8101427,2026-08-08 10:00:00,10,5,1,0,50,100,1.0,25,0.4915,1
Parking B,-1.2806414,36.8128716,2026-08-08 10:00:00,10,5,1,0,50,100,1.0,31,0.6263,1
MAIN PACKING,-1.2803274,36.8127162,2026-08-08 10:00:00,10,5,1,0,50,100,1.0,20,0.4029,1
YMCA STAFF PARKING,-1.2805756,36.8129968,2026-08-08 10:00:00,10,5,1,0,50,100,1.0,28,0.5654,1
Unnamed Parking,-1.2896057,36.8150615,2026-08-08 11:00:00,11,5,1,0,50,100,1.0,23,0.4615,1
Unnamed Parking,-1.2909796,36.8282672,2026-08-08 11:00:00,11,5,1,0,50,100,1.0,32,0.6476,1
Unnamed Parking,-1.2856445,36.8132893,2026-08-08 11:00:00,11,5,1,0,50,100,1.0,33,0.6694,1
Unnamed Parking,-1.2597359,36.8182597,2026-08-08 11:00:00,11,5,1,0,50,100,1.0,22,0.4487,1
Unnamed Parking,-1.2641049,36.8117123,2026-08-08 11:00:00,11,5,1,0,50,100,1.0,23,0.466,1
InterContinental Hotel Car Park,-1.2873717,36.8192911,2026-08-08 11:00:00,11,5,1,0,50,300,1.15,29,0.5788,1
Unnamed Parking,-1.25013,36.8202579,2026-08-08 11:00:00,11,5,1,0,50,100,1.16,24,0.479,1
Olympic Bus Terminus,-1.3126351,36.7778212,2026-08-08 11:00:00,11,5,1,0,50,100,1.0,25,0.5064,1
Ayany Car Park,-1.3090339,36.7757579,2026-08-08 11:00:00,11,5,1,0,50,200,1.0,26,0.512,1
Westgate Mall Car Park,-1.2566578,36.8035661,2026-08-08 11:00:00,11,5,1,0,50,50,1.0,18,0.3564,1
Student parking,-1.274479,36.805643,2026-08-08 11:00:00,11,5,1,0,50,100,1.0,25,0.5089,1
Kenton Rear Parking,-1.2809847,36.7869545,2026-08-08 11:00:00,11,5,1,0,50,100,1.0,23,0.4548,1
Unnamed Parking,-1.2553877,36.8667692,2026-08-08 11:00:00,11,5,1,0,50,100,1.0,24,0.4706,1
Unnamed Parking,-1.259848,36.8644681,2026-08-08 11:00:00,11,5,1,0,50,100,1.19,31,0.6255,1
Travel House Parking,-1.2861727,36.8214386,2026-08-08 11:00:00,11,5,1,0,50,100,1.18,20,0.4095,1
Lenana Parking Lot Area,-1.2900918,36.800209,2026-08-08 11:00:00,11,5,1,0,50,100,1.0,29,0.5751,1
Unnamed Parking,-1.2944773,36.8101427,2026-08-08 11:00:00,11,5,1,0,50,100,1.0,24,0.4877,1
Parking B,-1.2806414,36.8128716,2026-08-08 11:00:00,11,5,1,0,50,100,1.0,24,0.4876,1
MAIN PACKING,-1.2803274,36.8127162,2026-08-08 11:00:00,11,5,1,0,50,100,1.0,29,0.5732,1
YMCA STAFF PARKING,-1.2805756,36.8129968,2026-08-08 11:00:00,11,5,1,0,50,100,1.0,27,0.5372,1
Unnamed Parking,-1.2896057,36.8150615,2026-08-08 12:00:00,12,5,1,0,50,100,1.0,23,0.4656,1
Unnamed Parking,-1.2909796,36.8282672,2026-08-08 12:00:00,12,5,1,0,50,100,1.0,25,0.4975,1
Unnamed Parking,-1.2856445,36.8132893,2026-08-08 12:00:00,12,5,1,0,50,100,1.0,20,0.3935,1
Unnamed Parking,-1.2597359,36.8182597,2026-08-08 12:00:00,12,5,1,0,50,100,1.0,19,0.371,1
Unnamed Parking,-1.2641049,36.8117123,2026-08-08 12:00:00,12,5,1,0,50,100,1.0,17,0.3332,1
InterContinental Hotel Car Park,-1.2873717,36.8192911,2026-08-08 12:00:00,12,5,1,0,50,300,1.15,18,0.354,1
Unnamed Parking,-1.25013,36.8202579,2026-08-08 12:00:00,12,5,1,0,50,100,1.16,33,0.6559,1
Olympic Bus Terminus,-1.3126351,36.7778212,2026-08-08 12:00:00,12,5,1,0,50,100,1.0,26,0.5196,1
Ayany Car Park,-1.3090339,36.7757579,2026-08-08 12:00:00,12,5,1,0,50,200,1.0,16,0.3119,1
Westgate Mall Car Park,-1.2566578,36.8035661,2026-08-08 12:00:00,12,5,1,0,50,50,1.0,16,0.3142,1
Student parking,-1.274479,36.805643,2026-08-08 12:00:00,12,5,1,0,50,100,1.0,23,0.4585,1
Kenton Rear Parking,-1.2809847,36.7869545,2026-08-08 12:00:00,12,5,1,0,50,100,1.0,23,0.4638,1
Unnamed Parking,-1.2553877,36.8667692,2026-08-08 12:00:00,12,5,1,0,50,100,1.0,23,0.4639,1
Unnamed Parking,-1.259848,36.8644681,2026-08-08 12:00:00,12,5,1,0,50,100,1.19,20,0.3996,1
Travel House Parking,-1.2861727,36.8214386,2026-08-08 12:00:00,12,5,1,0,50,100,1.18,20,0.41,1
Lenana Parking Lot Area,-1.2900918,36.800209,2026-08-08 12:00:00,12,5,1,0,50,100,1.0,22,0.4462,1
Unnamed Parking,-1.2944773,36.8101427,2026-08-08 12:00:00,12,5,1,0,50,100,1.0,21,0.4269,1
Parking B,-1.2806414,36.8128716,2026-08-08 12:00:00,12,5,1,0,50,100,1.0,12,0.2425,1
MAIN PACKING,-1.2803274,36.8127162,2026-08-08 12:00:00,12,5,1,0,50,100,1.0,20,0.4016,1
YMCA STAFF PARKING,-1.2805756,36.8129968,2026-08-08 12:00:00,12,5,1,0,50,100,1.0,18,0.3519,1
Unnamed Parking,-1.2896057,36.8150615,2026-08-08 13:00:00,13,5,1,0,50,100,1.0,26,0.524,1
Unnamed Parking,-1.2909796,36.8282672,2026-08-08 13:00:00,13,5,1,0,50,100,1.0,37,0.7488,1
Unnamed Parking,-1.2856445,36.8132893,2026-08-08 13:00:00,13,5,1,0,50,100,1.0,27,0.5394,1
Unnamed Parking,-1.2597359,36.8182597,2026-08-08 13:00:00,13,5,1,0,50,100,1.0,24,0.4849,1
Unnamed Parking,-1.2641049,36.8117123,2026-08-08 13:00:00,13,5,1,0,50,100,1.0,29,0.5837,1
InterContinental Hotel Car Park,-1.2873717,36.8192911,2026-08-08 13:00:00,13,5,1,0,50,300,1.15,27,0.5486,1
Unnamed Parking,-1.25013,36.8202579,2026-08-08 13:00:00,13,5,1,0,50,100,1.16,27,0.5436,1
Olympic Bus Terminus,-1.3126351,36.7778212,2026-08-08 13:00:00,13,5,1,0,50,100,1.0,28,0.5585,1
Ayany Car Park,-1.3090339,36.7757579,2026-08-08 13:00:00,13,5,1,0,50,200,1.0,34,0.6745,1
Westgate Mall Car Park,-1.2566578,36.8035661,2026-08-08 13:00:00,13,5,1,0,50,50,1.0,21,0.4195,1
Student parking,-1.274479,36.805643,2026-08-08 13:00:00,13,5,1,0,50,100,1.0,27,0.5479,1
Kenton Rear Parking,-1.2809847,36.7869545,2026-08-08 13:00:00,13,5,1,0,50,100,1.0,22,0.4359,1
Unnamed Parking,-1.2553877,36.8667692,2026-08-08 13:00:00,13,5,1,0,50,100,1.0,28,0.5544,1
Unnamed Parking,-1.259848,36.8644681,2026-08-08 13:00:00,13,5,1,0,50,100,1.19,22,0.4365,1
Travel House Parking,-1.2861727,36.8214386,2026-08-08 13:00:00,13,5,1,0,50,100,1.18,24,0.4766,1
Lenana Parking Lot Area,-1.2900918,36.800209,2026-08-08 13:00:00,13,5,1,0,50,100,1.0,24,0.4864,1
Unnamed Parking,-1.2944773,36.8101427,2026-08-08 13:00:00,13,5,1,0,50,100,1.0,29,0.5881,1
Parking B,-1.2806414,36.8128716,2026-08-08 13:00:00,13,5,1,0,50,100,1.0,29,0.5835,1
MAIN PACKING,-1.2803274,36.8127162,2026-08-08 13:00:00,13,5,1,0,50,100,1.0,21,0.4103,1
YMCA STAFF PARKING,-1.2805756,36.8129968,2026-08-08 13:00:00,13,5,1,0,50,100,1.0,26,0.5144,1
Unnamed Parking,-1.2896057,36.8150615,2026-08-08 14:00:00,14,5,1,0,50,100,1.0,23,0.4532,1
Unnamed Parking,-1.2909796,36.8282672,2026-08-08 14:00:00,14,5,1,0,50,100,1.0,20,0.4093,1
Unnamed Parking,-1.2856445,36.8132893,2026-08-08 14:00:00,14,5,1,0,50,100,1.0,25,0.4926,1
Unnamed Parking,-1.2597359,36.8182597,2026-08-08 14:00:00,14,5,1,0,50,100,1.0,24,0.4853,1
Unnamed Parking,-1.2641049,36.8117123,2026-08-08 14:00:00,14,5,1,0,50,100,1.0,35,0.7041,1
InterContinental Hotel Car Park,-1.2873717,36.8192911,2026-08-08 14:00:00,14,5,1,0,50,300,1.15,27,0.5446,1
Unnamed Parking,-1.25013,36.8202579,2026-08-08 14:00:00,14,5,1,0,50,100,1.16,20,0.3998,1
Olympic Bus Terminus,-1.3126351,36.7778212,2026-08-08 14:00:00,14,5,1,0,50,100,1.0,23,0.4648,1
Ayany Car Park,-1.3090339,36.7757579,2026-08-08 14:00:00,14,5,1,0,50,200,1.0,30,0.5917,1
Westgate Mall Car Park,-1.2566578,36.8035661,2026-08-08 14:00:00,14,5,1,0,50,50,1.0,34,0.6771,1
Student parking,-1.274479,36.805643,2026-08-08 14:00:00,14,5,1,0,50,100,1.0,19,0.3831,1
Kenton Rear Parking,-1.2809847,36.7869545,2026-08-08 14:00:00,14,5,1,0,50,100,1.0,18,0.3596,1
Unnamed Parking,-1.2553877,36.8667692,2026-08-08 14:00:00,14,5,1,0,50,100,1.0,33,0.6597,1
Unnamed Parking,-1.259848,36.8644681,2026-08-08 14:00:00,14,5,1,0,50,100,1.19,27,0.5412,1
Travel House Parking,-1.2861727,36.8214386,2026-08-08 14:00:00,14,5,1,0,50,100,1.18,22,0.4405,1
Lenana Parking Lot Area,-1.2900918,36.800209,2026-08-08 14:00:00,14,5,1,0,50,100,1.0,28,0.5528,1
Unnamed Parking,-1.2944773,36.8101427,2026-08-08 14:00:00,14,5,1,0,50,100,1.0,15,0.2991,1
Parking B,-1.2806414,36.8128716,2026-08-08 14:00:00,14,5,1,0,50,100,1.0,26,0.5103,1
MAIN PACKING,-1.2803274,36.8127162,2026-08-08 14:00:00,14,5,1,0,50,100,1.0,27,0.5362,1
YMCA STAFF PARKING,-1.2805756,36.8129968,2026-08-08 14:00:00,14,5,1,0,50,100,1.0,29,0.5839,1
Unnamed Parking,-1.2896057,36.8150615,2026-08-08 15:00:00,15,5,1,0,50,100,1.0,21,0.4289,1
Unnamed Parking,-1.2909796,36.8282672,2026-08-08 15:00:00,15,5,1,0,50,100,1.0,26,0.5169,1
Unnamed Parking,-1.2856445,36.8132893,2026-08-08 15:00:00,15,5,1,0,50,100,1.0,22,0.436,1
Unnamed Parking,-1.2597359,36.8182597,2026-08-08 15:00:00,15,5,1,0,50,100,1.0,27,0.5304,1
Unnamed Parking,-1.2641049,36.8117123,2026-08-08 15:00:00,15,5,1,0,50,100,1.0,22,0.4384,1
InterContinental Hotel Car Park,-1.2873717,36.8192911,2026-08-08 15:00:00,15,5,1,0,50,300,1.15,24,0.4774,1
Unnamed Parking,-1.25013,36.8202579,2026-08-08 15:00:00,15,5,1,0,50,100,1.16,22,0.4303,1
Olympic Bus Terminus,-1.3126351,36.7778212,2026-08-08 15:00:00,15,5,1,0,50,100,1.0,28,0.5621,1
Ayany Car Park,-1.3090339,36.7757579,2026-08-08 15:00:00,15,5,1,0,50,200,1.0,29,0.5787,1
Westgate Mall Car Park,-1.2566578,36.8035661,2026-08-08 15:00:00,15,5,1,0,50,50,1.0,25,0.4912,1
Student parking,-1.274479,36.805643,2026-08-08 15:00:00,15,5,1,0,50,100,1.0,26,0.5131,1
Kenton Rear Parking,-1.2809847,36.7869545,2026-08-08 15:00:00,15,5,1,0,50,100,1.0,20,0.3941,1
Unnamed Parking,-1.2553877,36.8667692,2026-08-08 15:00:00,15,5,1,0,50,100,1.0,24,0.486,1
Unnamed Parking,-1.259848,36.8644681,2026-08-08 15:00:00,15,5,1,0,50,100,1.19,25,0.506,1
Travel House Parking,-1.2861727,36.8214386,2026-08-08 15:00:00,15,5,1,0,50,100,1.18,36,0.7197,1
Lenana Parking Lot Area,-1.2900918,36.800209,2026-08-08 15:00:00,15,5,1,0,50,100,1.0,21,0.421,1
Unnamed Parking,-1.2944773,36.8101427,2026-08-08 15:00:00,15,5,1,0,50,100,1.0,31,0.6271,1
Parking B,-1.2806414,36.8128716,2026-08-08 15:00:00,15,5,1,0,50,100,1.0,29,0.5897,1
MAIN PACKING,-1.2803274,36.8127162,2026-08-08 15:00:00,15,5,1,0,50,100,1.0,27,0.5325,1
YMCA STAFF PARKING,-1.2805756,36.8129968,2026-08-08 15:00:00,15,5,1,0,50,100,1.0,33,0.6507,1
Unnamed Parking,-1.2896057,36.8150615,2026-08-08 16:00:00,16,5,1,0,50,100,1.0,27,0.5398,1
Unnamed Parking,-1.2909796,36.8282672,2026-08-08 16:00:00,16,5,1,0,50,100,1.0,27,0.5411,1
Unnamed Parking,-1.2856445,36.8132893,2026-08-08 16:00:00,16,5,1,0,50,100,1.0,25,0.5058,1
Unnamed Parking,-1.2597359,36.8182597,2026-08-08 16:00:00,16,5,1,0,50,100,1.0,30,0.6079,1
Unnamed Parking,-1.2641049,36.8117123,2026-08-08 16:00:00,16,5,1,0,50,100,1.0,30,0.5977,1
InterContinental Hotel Car Park,-1.2873717,36.8192911,2026-08-08 16:00:00,16,5,1,0,50,300,1.15,23,0.4599,1
Unnamed Parking,-1.25013,36.8202579,2026-08-08 16:00:00,16,5,1,0,50,100,1.16,20,0.4045,1
Olympic Bus Terminus,-1.3126351,36.7778212,2026-08-08 16:00:00,16,5,1,0,50,100,1.0,25,0.4938,1
Ayany Car Park,-1.3090339,36.7757579,2026-08-08 16:00:00,16,5,1,0,50,200,1.0,22,0.446,1
Westgate Mall Car Park,-1.2566578,36.8035661,2026-08-08 16:00:00,16,5,1,0,50,50,1.0,25,0.5049,1
Student parking,-1.274479,36.805643,2026-08-08 16:00:00,16,5,1,0,50,100,1.0,30,0.609,1
Kenton Rear Parking,-1.2809847,36.7869545,2026-08-08 16:00:00,16,5,1,0,50,100,1.0,24,0.4734,1
Unnamed Parking,-1.2553877,36.8667692,2026-08-08 16:00:00,16,5,1,0,50,100,1.0,25,0.5066,1
Unnamed Parking,-1.259848,36.8644681,2026-08-08 16:00:00,16,5,1,0,50,100,1.19,26,0.5146,1
Travel House Parking,-1.2861727,36.8214386,2026-08-08 16:00:00,16,5,1,0,50,100,1.18,29,0.5779,1
Lenana Parking Lot Area,-1.2900918,36.800209,2026-08-08 16:00:00,16,5,1,0,50,100,1.0,17,0.3302,1
Unnamed Parking,-1.2944773,36.8101427,2026-08-08 16:00:00,16,5,1,0,50,100,1.0,23,0.4615,1
Parking B,-1.2806414,36.8128716,2026-08-08 16:00:00,16,5,1,0,50,100,1.0,26,0.5269,1
MAIN PACKING,-1.2803274,36.8127162,2026-08-08 16:00:00,16,5,1,0,50,100,1.0,30,0.606,1
YMCA STAFF PARKING,-1.2805756,36.8129968,2026-08-08 16:00:00,16,5,1,0,50,100,1.0,24,0.4706,1
Unnamed Parking,-1.2896057,36.8150615,2026-08-08 17:00:00,17,5,1,0,50,100,1.0,13,0.2699,1
Unnamed Parking,-1.2909796,36.8282672,2026-08-08 17:00:00,17,5,1,0,50,100,1.0,23,0.4696,1
Unnamed Parking,-1.2856445,36.8132893,2026-08-08 17:00:00,17,5,1,0,50,100,1.0,18,0.3692,1
Unnamed Parking,-1.2597359,36.8182597,2026-08-08 17:00:00,17,5,1,0,50,100,1.0,16,0.3248,1
Unnamed Parking,-1.2641049,36.8117123,2026-08-08 17:00:00,17,5,1,0,50,100,1.0,19,0.3701,1
InterContinental Hotel Car Park,-1.2873717,36.8192911,2026-08-08 17:00:00,17,5,1,0,50,300,1.15,20,0.4052,1
Unnamed Parking,-1.25013,36.8202579,2026-08-08 17:00:00,17,5,1,0,50,100,1.16,19,0.3716,1
Olympic Bus Terminus,-1.3126351,36.7778212,2026-08-08 17:00:00,17,5,1,0,50,100,1.0,12,0.2436,1
Ayany Car Park,-1.3090339,36.7757579,2026-08-08 17:00:00,17,5,1,0,50,200,1.0,25,0.4918,1
Westgate Mall Car Park,-1.2566578,36.8035661,2026-08-08 17:00:00,17,5,1,0,50,50,1.0,26,0.522,1
Student parking,-1.274479,36.805643,2026-08-08 17:00:00,17,5,1,0,50,100,1.0,24,0.4721,1
Kenton Rear Parking,-1.2809847,36.7869545,2026-08-08 17:00:00,17,5,1,0,50,100,1.0,16,0.329,1
Unnamed Parking,-1.2553877,36.8667692,2026-08-08 17:00:00,17,5,1,0,50,100,1.0,20,0.4039,1
Unnamed Parking,-1.259848,36.8644681,2026-08-08 17:00:00,17,5,1,0,50,100,1.19,21,0.4195,1
Travel House Parking,-1.2861727,36.8214386,2026-08-08 17:00:00,17,5,1,0,50,100,1.18,23,0.4679,1
Lenana Parking Lot Area,-1.2900918,36.800209,2026-08-08 17:00:00,17,5,1,0,50,100,1.0,24,0.4735,1
Unnamed Parking,-1.2944773,36.8101427,2026-08-08 17:00:00,17,5,1,0,50,100,1.0,18,0.3613,1
Parking B,-1.2806414,36.8128716,2026-08-08 17:00:00,17,5,1,0,50,100,1.0,21,0.4266,1
MAIN PACKING,-1.2803274,36.8127162,2026-08-08 17:00:00,17,5,1,0,50,100,1.0,23,0.4566,1
YMCA STAFF PARKING,-1.2805756,36.8129968,2026-08-08 17:00:00,17,5,1,0,50,100,1.0,27,0.5365,1
Unnamed Parking,-1.2896057,36.8150615,2026-08-08 18:00:00,18,5,1,0,50,100,1.0,24,0.4764,1
Unnamed Parking,-1.2909796,36.8282672,2026-08-08 18:00:00,18,5,1,0,50,100,1.0,24,0.4831,1
Unnamed Parking,-1.2856445,36.8132893,2026-08-08 18:00:00,18,5,1,0,50,100,1.0,21,0.4267,1
Unnamed Parking,-1.2597359,36.8182597,2026-08-08 18:00:00,18,5,1,0,50,100,1.0,27,0.5328,1
Unnamed Parking,-1.2641049,36.8117123,2026-08-08 18:00:00,18,5,1,0,50,100,1.0,23,0.4528,1
InterContinental Hotel Car Park,-1.2873717,36.8192911,2026-08-08 18:00:00,18,5,1,0,50,300,1.15,18,0.3511,1
Unnamed Parking,-1.25013,36.8202579,2026-08-08 18:00:00,18,5,1,0,50,100,1.16,27,0.5323,1
Olympic Bus Terminus,-1.3126351,36.7778212,2026-08-08 18:00:00,18,5,1,0,50,100,1.0,24,0.4758,1
Ayany Car Park,-1.3090339,36.7757579,2026-08-08 18:00:00,18,5,1,0,50,200,1.0,19,0.3846,1
Westgate Mall Car Park,-1.2566578,36.8035661,2026-08-08 18:00:00,18,5,1,0,50,50,1.0,19,0.3816,1
Student parking,-1.274479,36.805643,2026-08-08 18:00:00,18,5,1,0,50,100,1.0,22,0.4437,1
Kenton Rear Parking,-1.2809847,36.7869545,2026-08-08 18:00:00,18,5,1,0,50,100,1.0,23,0.4571,1
Unnamed Parking,-1.2553877,36.8667692,2026-08-08 18:00:00,18,5,1,0,50,100,1.0,22,0.4358,1
Unnamed Parking,-1.259848,36.8644681,2026-08-08 18:00:00,18,5,1,0,50,100,1.19,22,0.4449,1
Travel House Parking,-1.2861727,36.8214386,2026-08-08 18:00:00,18,5,1,0,50,100,1.18,28,0.556,1
Lenana Parking Lot Area,-1.2900918,36.800209,2026-08-08 18:00:00,18,5,1,0,50,100,1.0,25,0.5057,1
Unnamed Parking,-1.2944773,36.8101427,2026-08-08 18:00:00,18,5,1,0,50,100,1.0,22,0.4353,1
Parking B,-1.2806414,36.8128716,2026-08-08 18:00:00,18,5,1,0,50,100,1.0,25,0.4953,1
MAIN PACKING,-1.2803274,36.8127162,2026-08-08 18:00:00,18,5,1,0,50,100,1.0,17,0.3374,1
YMCA STAFF PARKING,-1.2805756,36.8129968,2026-08-08 18:00:00,18,5,1,0,50,100,1.0,23,0.4518,1
Unnamed Parking,-1.2896057,36.8150615,2026-08-08 19:00:00,19,5,1,0,50,100,1.0,19,0.3847,1
Unnamed Parking,-1.2909796,36.8282672,2026-08-08 19:00:00,19,5,1,0,50,100,1.0,11,0.2226,1
Unnamed Parking,-1.2856445,36.8132893,2026-08-08 19:00:00,19,5,1,0,50,100,1.0,9,0.1722,1
Unnamed Parking,-1.2597359,36.8182597,2026-08-08 19:00:00,19,5,1,0,50,100,1.0,9,0.1878,1
Unnamed Parking,-1.2641049,36.8117123,2026-08-08 19:00:00,19,5,1,0,50,100,1.0,8,0.1528,1
InterContinental Hotel Car Park,-1.2873717,36.8192911,2026-08-08 19:00:00,19,5,1,0,50,300,1.15,9,0.1772,1
Unnamed Parking,-1.25013,36.8202579,2026-08-08 19:00:00,19,5,1,0,50,100,1.16,11,0.2104,1
Olympic Bus Terminus,-1.3126351,36.7778212,2026-08-08 19:00:00,19,5,1,0,50,100,1.0,6,0.1276,1
Ayany Car Park,-1.3090339,36.7757579,2026-08-08 19:00:00,19,5,1,0,50,200,1.0,12,0.2412,1
Westgate Mall Car Park,-1.2566578,36.8035661,2026-08-08 19:00:00,19,5,1,0,50,50,1.0,16,0.3122,1
Student parking,-1.274479,36.805643,2026-08-08 19:00:00,19,5,1,0,50,100,1.0,8,0.1674,1
Kenton Rear Parking,-1.2809847,36.7869545,2026-08-08 19:00:00,19,5,1,0,50,100,1.0,18,0.3615,1
Unnamed Parking,-1.2553877,36.8667692,2026-08-08 19:00:00,19,5,1,0,50,100,1.0,14,0.2809,1
Unnamed Parking,-1.259848,36.8644681,2026-08-08 19:00:00,19,5,1,0,50,100,1.19,16,0.3224,1
Travel House Parking,-1.2861727,36.8214386,2026-08-08 19:00:00,19,5,1,0,50,100,1.18,9,0.1874,1
Lenana Parking Lot Area,-1.2900918,36.800209,2026-08-08 19:00:00,19,5,1,0,50,100,1.0,15,0.3084,1
Unnamed Parking,-1.2944773,36.8101427,2026-08-08 19:00:00,19,5,1,0,50,100,1.0,8,0.1526,1
Parking B,-1.2806414,36.8128716,2026-08-08 19:00:00,19,5,1,0,50,100,1.0,16,0.3112,1
MAIN PACKING,-1.2803274,36.8127162,2026-08-08 19:00:00,19,5,1,0,50,100,1.0,13,0.2537,1
YMCA STAFF PARKING,-1.2805756,36.8129968,2026-08-08 19:00:00,19,5,1,0,50,100,1.0,14,0.2843,1
Unnamed Parking,-1.2896057,36.8150615,2026-08-08 20:00:00,20,5,1,0,50,100,1.0,7,0.146,1
Unnamed Parking,-1.2909796,36.8282672,2026-08-08 20:00:00,20,5,1,0,50,100,1.0,8,0.1684,1
Unnamed Parking,-1.2856445,36.8132893,2026-08-08 20:00:00,20,5,1,0,50,100,1.0,14,0.2878,1
Unnamed Parking,-1.2597359,36.8182597,2026-08-08 20:00:00,20,5,1,0,50,100,1.0,8,0.1641,1
Unnamed Parking,-1.2641049,36.8117123,2026-08-08 20:00:00,20,5,1,0,50,100,1.0,14,0.2771,1
InterContinental Hotel Car Park,-1.2873717,36.8192911,2026-08-08 20:00:00,20,5,1,0,50,300,1.15,7,0.1306,1
Unnamed Parking,-1.25013,36.8202579,2026-08-08 20:00:00,20,5,1,0,50,100,1.16,15,0.3079,1
Olympic Bus Terminus,-1.3126351,36.7778212,2026-08-08 20:00:00,20,5,1,0,50,100,1.0,7,0.1414,1
Ayany Car Park,-1.3090339,36.7757579,2026-08-08 20:00:00,20,5,1,0,50,200,1.0,14,0.2842,1
Westgate Mall Car Park,-1.2566578,36.8035661,2026-08-08 20:00:00,20,5,1,0,50,50,1.0,15,0.2901,1
Student parking,-1.274479,36.805643,2026-08-08 20:00:00,20,5,1,0,50,100,1.0,9,0.1843,1
Kenton Rear Parking,-1.2809847,36.7869545,2026-08-08 20:00:00,20,5,1,0,50,100,1.0,14,0.2866,1
Unnamed Parking,-1.2553877,36.8667692,2026-08-08 20:00:00,20,5,1,0,50,100,1.0,13,0.2608,1
Unnamed Parking,-1.259848,36.8644681,2026-08-08 20:00:00,20,5,1,0,50,100,1.19,10,0.1969,1
Travel House Parking,-1.2861727,36.8214386,2026-08-08 20:00:00,20,5,1,0,50,100,1.18,8,0.1593,1
Lenana Parking Lot Area,-1.2900918,36.800209,2026-08-08 20:00:00,20,5,1,0,50,100,1.0,5,0.1,1
Unnamed Parking,-1.2944773,36.8101427,2026-08-08 20:00:00,20,5,1,0,50,100,1.0,13,0.268,1
Parking B,-1.2806414,36.8128716,2026-08-08 20:00:00,20,5,1,0,50,100,1.0,6,0.1148,1
MAIN PACKING,-1.2803274,36.8127162,2026-08-08 20:00:00,20,5,1,0,50,100,1.0,12,0.2476,1
YMCA STAFF PARKING,-1.2805756,36.8129968,2026-08-08 20:00:00,20,5,1,0,50,100,1.0,11,0.2189,1
Unnamed Parking,-1.2896057,36.8150615,2026-08-08 21:00:00,21,5,1,0,50,100,1.0,15,0.2943,1
Unnamed Parking,-1.2909796,36.8282672,2026-08-08 21:00:00,21,5,1,0,50,100,1.0,11,0.2158,1
Unnamed Parking,-1.2856445,36.8132893,2026-08-08 21:00:00,21,5,1,0,50,100,1.0,11,0.2136,1
Unnamed Parking,-1.2597359,36.8182597,2026-08-08 21:00:00,21,5,1,0,50,100,1.0,15,0.2985,1
Unnamed Parking,-1.2641049,36.8117123,2026-08-08 21:00:00,21,5,1,0,50,100,1.0,13,0.2668,1
InterContinental Hotel Car Park,-1.2873717,36.8192911,2026-08-08 21:00:00,21,5,1,0,50,300,1.15,13,0.2653,1
Unnamed Parking,-1.25013,36.8202579,2026-08-08 21:00:00,21,5,1,0,50,100,1.16,14,0.2775,1
Olympic Bus Terminus,-1.3126351,36.7778212,2026-08-08 21:00:00,21,5,1,0,50,100,1.0,6,0.1172,1
Ayany Car Park,-1.3090339,36.7757579,2026-08-08 21:00:00,21,5,1,0,50,200,1.0,15,0.3005,1
Westgate Mall Car Park,-1.2566578,36.8035661,2026-08-08 21:00:00,21,5,1,0,50,50,1.0,14,0.289,1
Student parking,-1.274479,36.805643,2026-08-08 21:00:00,21,5,1,0,50,100,1.0,8,0.1587,1
Kenton Rear Parking,-1.2809847,36.7869545,2026-08-08 21:00:00,21,5,1,0,50,100,1.0,11,0.2205,1
Unnamed Parking,-1.2553877,36.8667692,2026-08-08 21:00:00,21,5,1,0,50,100,1.0,12,0.2369,1
Unnamed Parking,-1.259848,36.8644681,2026-08-08 21:00:00,21,5,1,0,50,100,1.19,11,0.2292,1
Travel House Parking,-1.2861727,36.8214386,2026-08-08 21:00:00,21,5,1,0,50,100,1.18,13,0.2667,1
Lenana Parking Lot Area,-1.2900918,36.800209,2026-08-08 21:00:00,21,5,1,0,50,100,1.0,18,0.3545,1
Unnamed Parking,-1.2944773,36.8101427,2026-08-08 21:00:00,21,5,1,0,50,100,1.0,16,0.3265,1
Parking B,-1.2806414,36.8128716,2026-08-08 21:00:00,21,5,1,0,50,100,1.0,7,0.135,1
MAIN PACKING,-1.2803274,36.8127162,2026-08-08 21:00:00,21,5,1,0,50,100,1.0,14,0.2898,1
YMCA STAFF PARKING,-1.2805756,36.8129968,2026-08-08 21:00:00,21,5,1,0,50,100,1.0,17,0.3463,1
Unnamed Parking,-1.2896057,36.8150615,2026-08-08 22:00:00,22,5,1,0,50,100,1.0,14,0.2709,1
Unnamed Parking,-1.2909796,36.8282672,2026-08-08 22:00:00,22,5,1,0,50,100,1.0,16,0.3273,1
Unnamed Parking,-1.2856445,36.8132893,2026-08-08 22:00:00,22,5,1,0,50,100,1.0,20,0.401,1
Unnamed Parking,-1.2597359,36.8182597,2026-08-08 22:00:00,22,5,1,0,50,100,1.0,16,0.3219,1
Unnamed Parking,-1.2641049,36.8117123,2026-08-08 22:00:00,22,5,1,0,50,100,1.0,13,0.2599,1
InterContinental Hotel Car Park,-1.2873717,36.8192911,2026-08-08 22:00:00,22,5,1,0,50,300,1.15,16,0.3236,1
Unnamed Parking,-1.25013,36.8202579,2026-08-08 22:00:00,22,5,1,0,50,100,1.16,13,0.2516,1
Olympic Bus Terminus,-1.3126351,36.7778212,2026-08-08 22:00:00,22,5,1,0,50,100,1.0,12,0.2419,1
Ayany Car Park,-1.3090339,36.7757579,2026-08-08 22:00:00,22,5,1,0,50,200,1.0,11,0.2119,1
Westgate Mall Car Park,-1.2566578,36.8035661,2026-08-08 22:00:00,22,5,1,0,50,50,1.0,18,0.3651,1
Student parking,-1.274479,36.805643,2026-08-08 22:00:00,22,5,1,0,50,100,1.0,9,0.1745,1
Kenton Rear Parking,-1.2809847,36.7869545,2026-08-08 22:00:00,22,5,1,0,50,100,1.0,18,0.3626,1
Unnamed Parking,-1.2553877,36.8667692,2026-08-08 22:00:00,22,5,1,0,50,100,1.0,14,0.28,1
Unnamed Parking,-1.259848,36.8644681,2026-08-08 22:00:00,22,5,1,0,50,100,1.19,6,0.1281,1
Travel House Parking,-1.2861727,36.8214386,2026-08-08 22:00:00,22,5,1,0,50,100,1.18,13,0.2694,1
Lenana Parking Lot Area,-1.2900918,36.800209,2026-08-08 22:00:00,22,5,1,0,50,100,1.0,5,0.1,1
Unnamed Parking,-1.2944773,36.8101427,2026-08-08 22:00:00,22,5,1,0,50,100,1.0,15,0.29,1
Parking B,-1.2806414,36.8128716,2026-08-08 22:00:00,22,5,1,0,50,100,1.0,16,0.3108,1
MAIN PACKING,-1.2803274,36.8127162,2026-08-08 22:00:00,22,5,1,0,50,100,1.0,10,0.1926,1
YMCA STAFF PARKING,-1.2805756,36.8129968,2026-08-08 22:00:00,22,5,1,0,50,100,1.0,12,0.2499,1
Unnamed Parking,-1.2896057,36.8150615,2026-08-09 06:00:00,6,6,1,0,50,100,1.0,20,0.3963,1
Unnamed Parking,-1.2909796,36.8282672,2026-08-09 06:00:00,6,6,1,0,50,100,1.0,10,0.1995,1
Unnamed Parking,-1.2856445,36.8132893,2026-08-09 06:00:00,6,6,1,0,50,100,1.0,8,0.1553,1
Unnamed Parking,-1.2597359,36.8182597,2026-08-09 06:00:00,6,6,1,0,50,100,1.0,18,0.3585,1
Unnamed Parking,-1.2641049,36.8117123,2026-08-09 06:00:00,6,6,1,0,50,100,1.0,20,0.397,1
InterContinental Hotel Car Park,-1.2873717,36.8192911,2026-08-09 06:00:00,6,6,1,0,50,300,1.15,12,0.2403,1
Unnamed Parking,-1.25013,36.8202579,2026-08-09 06:00:00,6,6,1,0,50,100,1.16,16,0.3209,1
Olympic Bus Terminus,-1.3126351,36.7778212,2026-08-09 06:00:00,6,6,1,0,50,100,1.0,17,0.3473,1
Ayany Car Park,-1.3090339,36.7757579,2026-08-09 06:00:00,6,6,1,0,50,200,1.0,9,0.1806,1
Westgate Mall Car Park,-1.2566578,36.8035661,2026-08-09 06:00:00,6,6,1,0,50,50,1.0,10,0.2012,1
Student parking,-1.274479,36.805643,2026-08-09 06:00:00,6,6,1,0,50,100,1.0,17,0.3385,1
Kenton Rear Parking,-1.2809847,36.7869545,2026-08-09 06:00:00,6,6,1,0,50,100,1.0,19,0.3748,1
Unnamed Parking,-1.2553877,36.8667692,2026-08-09 06:00:00,6,6,1,0,50,100,1.0,14,0.285,1
Unnamed Parking,-1.259848,36.8644681,2026-08-09 06:00:00,6,6,1,0,50,100,1.19,8,0.1696,1
Travel House Parking,-1.2861727,36.8214386,2026-08-09 06:00:00,6,6,1,0,50,100,1.18,20,0.399,1
Lenana Parking Lot Area,-1.2900918,36.800209,2026-08-09 06:00:00,6,6,1,0,50,100,1.0,10,0.1975,1
Unnamed Parking,-1.2944773,36.8101427,2026-08-09 06:00:00,6,6,1,0,50,100,1.0,11,0.2132,1
Parking B,-1.2806414,36.8128716,2026-08-09 06:00:00,6,6,1,0,50,100,1.0,13,0.2674,1
MAIN PACKING,-1.2803274,36.8127162,2026-08-09 06:00:00,6,6,1,0,50,100,1.0,18,0.3643,1
YMCA STAFF PARKING,-1.2805756,36.8129968,2026-08-09 06:00:00,6,6,1,0,50,100,1.0,15,0.3083,1
Unnamed Parking,-1.2896057,36.8150615,2026-08-09 07:00:00,7,6,1,0,50,100,1.0,14,0.2732,1
Unnamed Parking,-1.2909796,36.8282672,2026-08-09 07:00:00,7,6,1,0,50,100,1.0,14,0.2771,1
Unnamed Parking,-1.2856445,36.8132893,2026-08-09 07:00:00,7,6,1,0,50,100,1.0,12,0.2435,1
Unnamed Parking,-1.2597359,36.8182597,2026-08-09 07:00:00,7,6,1,0,50,100,1.0,14,0.2847,1
Unnamed Parking,-1.2641049,36.8117123,2026-08-09 07:00:00,7,6,1,0,50,100,1.0,5,0.1,1
InterContinental Hotel Car Park,-1.2873717,36.8192911,2026-08-09 07:00:00,7,6,1,0,50,300,1.15,11,0.2163,1
Unnamed Parking,-1.25013,36.8202579,2026-08-09 07:00:00,7,6,1,0,50,100,1.16,13,0.2593,1
Olympic Bus Terminus,-1.3126351,36.7778212,2026-08-09 07:00:00,7,6,1,0,50,100,1.0,7,0.1479,1
Ayany Car Park,-1.3090339,36.7757579,2026-08-09 07:00:00,7,6,1,0,50,200,1.0,14,0.2709,1
Westgate Mall Car Park,-1.2566578,36.8035661,2026-08-09 07:00:00,7,6,1,0,50,50,1.0,11,0.2236,1
Student parking,-1.274479,36.805643,2026-08-09 07:00:00,7,6,1,0,50,100,1.0,19,0.3804,1
Kenton Rear Parking,-1.2809847,36.7869545,2026-08-09 07:00:00,7,6,1,0,50,100,1.0,18,0.3658,1
Unnamed Parking,-1.2553877,36.8667692,2026-08-09 07:00:00,7,6,1,0,50,100,1.0,10,0.2027,1
Unnamed Parking,-1.259848,36.8644681,2026-08-09 07:00:00,7,6,1,0,50,100,1.19,11,0.2279,1
Travel House Parking,-1.2861727,36.8214386,2026-08-09 07:00:00,7,6,1,0,50,100,1.18,12,0.2341,1
Lenana Parking Lot Area,-1.2900918,36.800209,2026-08-09 07:00:00,7,6,1,0,50,100,1.0,10,0.2039,1
Unnamed Parking,-1.2944773,36.8101427,2026-08-09 07:00:00,7,6,1,0,50,100,1.0,13,0.2556,1
Parking B,-1.2806414,36.8128716,2026-08-09 07:00:00,7,6,1,0,50,100,1.0,9,0.1793,1
MAIN PACKING,-1.2803274,36.8127162,2026-08-09 07:00:00,7,6,1,0,50,100,1.0,7,0.1496,1
YMCA STAFF PARKING,-1.2805756,36.8129968,2026-08-09 07:00:00,7,6,1,0,50,100,1.0,14,0.2898,1
Unnamed Parking,-1.2896057,36.8150615,2026-08-09 08:00:00,8,6,1,0,50,100,1.0,28,0.5604,1
Unnamed Parking,-1.2909796,36.8282672,2026-08-09 08:00:00,8,6,1,0,50,100,1.0,22,0.4457,1
Unnamed Parking,-1.2856445,36.8132893,2026-08-09 08:00:00,8,6,1,0,50,100,1.0,29,0.5816,1
Unnamed Parking,-1.2597359,36.8182597,2026-08-09 08:00:00,8,6,1,0,50,100,1.0,23,0.4595,1
Unnamed Parking,-1.2641049,36.8117123,2026-08-09 08:00:00,8,6,1,0,50,100,1.0,27,0.5303,1
InterContinental Hotel Car Park,-1.2873717,36.8192911,2026-08-09 08:00:00,8,6,1,0,50,300,1.15,29,0.5756,1
Unnamed Parking,-1.25013,36.8202579,2026-08-09 08:00:00,8,6,1,0,50,100,1.16,25,0.5073,1
Olympic Bus Terminus,-1.3126351,36.7778212,2026-08-09 08:00:00,8,6,1,0,50,100,1.0,27,0.5464,1
Ayany Car Park,-1.3090339,36.7757579,2026-08-09 08:00:00,8,6,1,0,50,200,1.0,23,0.4687,1
Westgate Mall Car Park,-1.2566578,36.8035661,2026-08-09 08:00:00,8,6,1,0,50,50,1.0,25,0.4943,1
Student parking,-1.274479,36.805643,2026-08-09 08:00:00,8,6,1,0,50,100,1.0,25,0.4935,1
Kenton Rear Parking,-1.2809847,36.7869545,2026-08-09 08:00:00,8,6,1,0,50,100,1.0,23,0.4503,1
Unnamed Parking,-1.2553877,36.8667692,2026-08-09 08:00:00,8,6,1,0,50,100,1.0,25,0.4959,1
Unnamed Parking,-1.259848,36.8644681,2026-08-09 08:00:00,8,6,1,0,50,100,1.19,19,0.3861,1
Travel House Parking,-1.2861727,36.8214386,2026-08-09 08:00:00,8,6,1,0,50,100,1.18,24,0.4707,1
Lenana Parking Lot Area,-1.2900918,36.800209,2026-08-09 08:00:00,8,6,1,0,50,100,1.0,24,0.4872,1
Unnamed Parking,-1.2944773,36.8101427,2026-08-09 08:00:00,8,6,1,0,50,100,1.0,24,0.4895,1
Parking B,-1.2806414,36.8128716,2026-08-09 08:00:00,8,6,1,0,50,100,1.0,25,0.4907,1
MAIN PACKING,-1.2803274,36.8127162,2026-08-09 08:00:00,8,6,1,0,50,100,1.0,25,0.5051,1
YMCA STAFF PARKING,-1.2805756,36.8129968,2026-08-09 08:00:00,8,6,1,0,50,100,1.0,27,0.5484,1
Unnamed Parking,-1.2896057,36.8150615,2026-08-09 09:00:00,9,6,1,0,50,100,1.0,29,0.58,1
Unnamed Parking,-1.2909796,36.8282672,2026-08-09 09:00:00,9,6,1,0,50,100,1.0,23,0.458,1
Unnamed Parking,-1.2856445,36.8132893,2026-08-09 09:00:00,9,6,1,0,50,100,1.0,21,0.4137,1
Unnamed Parking,-1.2597359,36.8182597,2026-08-09 09:00:00,9,6,1,0,50,100,1.0,21,0.4266,1
Unnamed Parking,-1.2641049,36.8117123,2026-08-09 09:00:00,9,6,1,0,50,100,1.0,24,0.471,1
InterContinental Hotel Car Park,-1.2873717,36.8192911,2026-08-09 09:00:00,9,6,1,0,50,300,1.15,24,0.4818,1
Unnamed Parking,-1.25013,36.8202579,2026-08-09 09:00:00,9,6,1,0,50,100,1.16,22,0.4484,1
Olympic Bus Terminus,-1.3126351,36.7778212,2026-08-09 09:00:00,9,6,1,0,50,100,1.0,20,0.4063,1
Ayany Car Park,-1.3090339,36.7757579,2026-08-09 09:00:00,9,6,1,0,50,200,1.0,24,0.4735,1
Westgate Mall Car Park,-1.2566578,36.8035661,2026-08-09 09:00:00,9,6,1,0,50,50,1.0,26,0.5245,1
Student parking,-1.274479,36.805643,2026-08-09 09:00:00,9,6,1,0,50,100,1.0,28,0.5576,1
Kenton Rear Parking,-1.2809847,36.7869545,2026-08-09 09:00:00,9,6,1,0,50,100,1.0,23,0.4654,1
Unnamed Parking,-1.2553877,36.8667692,2026-08-09 09:00:00,9,6,1,0,50,100,1.0,24,0.477,1
Unnamed Parking,-1.259848,36.8644681,2026-08-09 09:00:00,9,6,1,0,50,100,1.19,22,0.4359,1
Travel House Parking,-1.2861727,36.8214386,2026-08-09 09:00:00,9,6,1,0,50,100,1.18,25,0.5075,1
Lenana Parking Lot Area,-1.2900918,36.800209,2026-08-09 09:00:00,9,6,1,0,50,100,1.0,22,0.4421,1
Unnamed Parking,-1.2944773,36.8101427,2026-08-09 09:00:00,9,6,1,0,50,100,1.0,28,0.5559,1
Parking B,-1.2806414,36.8128716,2026-08-09 09:00:00,9,6,1,0,50,100,1.0,18,0.3671,1
MAIN PACKING,-1.2803274,36.8127162,2026-08-09 09:00:00,9,6,1,0,50,100,1.0,24,0.4812,1
YMCA STAFF PARKING,-1.2805756,36.8129968,2026-08-09 09:00:00,9,6,1,0,50,100,1.0,27,0.5341,1
Unnamed Parking,-1.2896057,36.8150615,2026-08-09 10:00:00,10,6,1,0,50,100,1.0,26,0.5247,1
Unnamed Parking,-1.2909796,36.8282672,2026-08-09 10:00:00,10,6,1,0,50,100,1.0,36,0.7254,1
Unnamed Parking,-1.2856445,36.8132893,2026-08-09 10:00:00,10,6,1,0,50,100,1.0,27,0.538,1
Unnamed Parking,-1.2597359,36.8182597,2026-08-09 10:00:00,10,6,1,0,50,100,1.0,21,0.4297,1
Unnamed Parking,-1.2641049,36.8117123,2026-08-09 10:00:00,10,6,1,0,50,100,1.0,25,0.5024,1
InterContinental Hotel Car Park,-1.2873717,36.8192911,2026-08-09 10:00:00,10,6,1,0,50,300,1.15,18,0.3679,1
Unnamed Parking,-1.25013,36.8202579,2026-08-09 10:00:00,10,6,1,0,50,100,1.16,25,0.5036,1
Olympic Bus Terminus,-1.3126351,36.7778212,2026-08-09 10:00:00,10,6,1,0,50,100,1.0,22,0.4434,1
Ayany Car Park,-1.3090339,36.7757579,2026-08-09 10:00:00,10,6,1,0,50,200,1.0,29,0.5832,1
Westgate Mall Car Park,-1.2566578,36.8035661,2026-08-09 10:00:00,10,6,1,0,50,50,1.0,23,0.466,1
Student parking,-1.274479,36.805643,2026-08-09 10:00:00,10,6,1,0,50,100,1.0,25,0.5007,1
Kenton Rear Parking,-1.2809847,36.7869545,2026-08-09 10:00:00,10,6,1,0,50,100,1.0,23,0.4592,1
Unnamed Parking,-1.2553877,36.8667692,2026-08-09 10:00:00,10,6,1,0,50,100,1.0,32,0.6491,1
Unnamed Parking,-1.259848,36.8644681,2026-08-09 10:00:00,10,6,1,0,50,100,1.19,24,0.4843,1
Travel House Parking,-1.2861727,36.8214386,2026-08-09 10:00:00,10,6,1,0,50,100,1.18,33,0.6566,1
Lenana Parking Lot Area,-1.2900918,36.800209,2026-08-09 10:00:00,10,6,1,0,50,100,1.0,29,0.5751,1
Unnamed Parking,-1.2944773,36.8101427,2026-08-09 10:00:00,10,6,1,0,50,100,1.0,27,0.5486,1
Parking B,-1.2806414,36.8128716,2026-08-09 10:00:00,10,6,1,0,50,100,1.0,27,0.5395,1
MAIN PACKING,-1.2803274,36.8127162,2026-08-09 10:00:00,10,6,1,0,50,100,1.0,27,0.5415,1
YMCA STAFF PARKING,-1.2805756,36.8129968,2026-08-09 10:00:00,10,6,1,0,50,100,1.0,18,0.3558,1
Unnamed Parking,-1.2896057,36.8150615,2026-08-09 11:00:00,11,6,1,0,50,100,1.0,24,0.4877,1
Unnamed Parking,-1.2909796,36.8282672,2026-08-09 11:00:00,11,6,1,0,50,100,1.0,29,0.5776,1
Unnamed Parking,-1.2856445,36.8132893,2026-08-09 11:00:00,11,6,1,0,50,100,1.0,25,0.5061,1
Unnamed Parking,-1.2597359,36.8182597,2026-08-09 11:00:00,11,6,1,0,50,100,1.0,20,0.3976,1
Unnamed Parking,-1.2641049,36.8117123,2026-08-09 11:00:00,11,6,1,0,50,100,1.0,25,0.5058,1
InterContinental Hotel Car Park,-1.2873717,36.8192911,2026-08-09 11:00:00,11,6,1,0,50,300,1.15,32,0.6463,1
Unnamed Parking,-1.25013,36.8202579,2026-08-09 11:00:00,11,6,1,0,50,100,1.16,30,0.6098,1
Olympic Bus Terminus,-1.3126351,36.7778212,2026-08-09 11:00:00,11,6,1,0,50,100,1.0,25,0.505,1
Ayany Car Park,-1.3090339,36.7757579,2026-08-09 11:00:00,11,6,1,0,50,200,1.0,29,0.5861,1
Westgate Mall Car Park,-1.2566578,36.8035661,2026-08-09 11:00:00,11,6,1,0,50,50,1.0,24,0.4807,1
Student parking,-1.274479,36.805643,2026-08-09 11:00:00,11,6,1,0,50,100,1.0,19,0.3737,1
Kenton Rear Parking,-1.2809847,36.7869545,2026-08-09 11:00:00,11,6,1,0,50,100,1.0,22,0.436,1
Unnamed Parking,-1.2553877,36.8667692,2026-08-09 11:00:00,11,6,1,0,50,100,1.0,32,0.635,1
Unnamed Parking,-1.259848,36.8644681,2026-08-09 11:00:00,11,6,1,0,50,100,1.19,24,0.4881,1
Travel House Parking,-1.2861727,36.8214386,2026-08-09 11:00:00,11,6,1,0,50,100,1.18,25,0.4905,1
Lenana Parking Lot Area,-1.2900918,36.800209,2026-08-09 11:00:00,11,6,1,0,50,100,1.0,24,0.486,1
Unnamed Parking,-1.2944773,36.8101427,2026-08-09 11:00:00,11,6,1,0,50,100,1.0,33,0.6623,1
Parking B,-1.2806414,36.8128716,2026-08-09 11:00:00,11,6,1,0,50,100,1.0,32,0.6401,1
MAIN PACKING,-1.2803274,36.8127162,2026-08-09 11:00:00,11,6,1,0,50,100,1.0,34,0.6875,1
YMCA STAFF PARKING,-1.2805756,36.8129968,2026-08-09 11:00:00,11,6,1,0,50,100,1.0,25,0.4973,1
Unnamed Parking,-1.2896057,36.8150615,2026-08-09 12:00:00,12,6,1,0,50,100,1.0,22,0.4436,1
Unnamed Parking,-1.2909796,36.8282672,2026-08-09 12:00:00,12,6,1,0,50,100,1.0,15,0.2987,1
Unnamed Parking,-1.2856445,36.8132893,2026-08-09 12:00:00,12,6,1,0,50,100,1.0,27,0.5382,1
Unnamed Parking,-1.2597359,36.8182597,2026-08-09 12:00:00,12,6,1,0,50,100,1.0,16,0.3266,1
Unnamed Parking,-1.2641049,36.8117123,2026-08-09 12:00:00,12,6,1,0,50,100,1.0,22,0.4373,1
InterContinental Hotel Car Park,-1.2873717,36.8192911,2026-08-09 12:00:00,12,6,1,0,50,300,1.15,17,0.3322,1
Unnamed Parking,-1.25013,36.8202579,2026-08-09 12:00:00,12,6,1,0,50,100,1.16,19,0.3729,1
Olympic Bus Terminus,-1.3126351,36.7778212,2026-08-09 12:00:00,12,6,1,0,50,100,1.0,18,0.353,1
Ayany Car Park,-1.3090339,36.7757579,2026-08-09 12:00:00,12,6,1,0,50,200,1.0,19,0.3714,1
Westgate Mall Car Park,-1.2566578,36.8035661,2026-08-09 12:00:00,12,6,1,0,50,50,1.0,19,0.3769,1
Student parking,-1.274479,36.805643,2026-08-09 12:00:00,12,6,1,0,50,100,1.0,19,0.3761,1
Kenton Rear Parking,-1.2809847,36.7869545,2026-08-09 12:00:00,12,6,1,0,50,100,1.0,24,0.4867,1
Unnamed Parking,-1.2553877,36.8667692,2026-08-09 12:00:00,12,6,1,0,50,100,1.0,17,0.3316,1
Unnamed Parking,-1.259848,36.8644681,2026-08-09 12:00:00,12,6,1,0,50,100,1.19,22,0.4376,1
Travel House Parking,-1.2861727,36.8214386,2026-08-09 12:00:00,12,6,1,0,50,100,1.18,26,0.5174,1
Lenana Parking Lot Area,-1.2900918,36.800209,2026-08-09 12:00:00,12,6,1,0,50,100,1.0,19,0.3789,1
Unnamed Parking,-1.2944773,36.8101427,2026-08-09 12:00:00,12,6,1,0,50,100,1.0,18,0.3626,1
Parking B,-1.2806414,36.8128716,2026-08-09 12:00:00,12,6,1,0,50,100,1.0,20,0.4016,1
MAIN PACKING,-1.2803274,36.8127162,2026-08-09 12:00:00,12,6,1,0,50,100,1.0,26,0.5144,1
YMCA STAFF PARKING,-1.2805756,36.8129968,2026-08-09 12:00:00,12,6,1,0,50,100,1.0,22,0.4355,1
Unnamed Parking,-1.2896057,36.8150615,2026-08-09 13:00:00,13,6,1,0,50,100,1.0,23,0.4675,1
Unnamed Parking,-1.2909796,36.8282672,2026-08-09 13:00:00,13,6,1,0,50,100,1.0,27,0.5487,1
Unnamed Parking,-1.2856445,36.8132893,2026-08-09 13:00:00,13,6,1,0,50,100,1.0,21,0.4218,1
Unnamed Parking,-1.2597359,36.8182597,2026-08-09 13:00:00,13,6,1,0,50,100,1.0,28,0.5645,1
Unnamed Parking,-1.2641049,36.8117123,2026-08-09 13:00:00,13,6,1,0,50,100,1.0,27,0.5427,1
InterContinental Hotel Car Park,-1.2873717,36.8192911,2026-08-09 13:00:00,13,6,1,0,50,300,1.15,24,0.4854,1
Unnamed Parking,-1.25013,36.8202579,2026-08-09 13:00:00,13,6,1,0,50,100,1.16,22,0.4429,1
Olympic Bus Terminus,-1.3126351,36.7778212,2026-08-09 13:00:00,13,6,1,0,50,100,1.0,22,0.4391,1
Ayany Car Park,-1.3090339,36.7757579,2026-08-09 13:00:00,13,6,1,0,50,200,1.0,28,0.5528,1
Westgate Mall Car Park,-1.2566578,36.8035661,2026-08-09 13:00:00,13,6,1,0,50,50,1.0,30,0.6083,1
Student parking,-1.274479,36.805643,2026-08-09 13:00:00,13,6,1,0,50,100,1.0,23,0.459,1
Kenton Rear Parking,-1.2809847,36.7869545,2026-08-09 13:00:00,13,6,1,0,50,100,1.0,27,0.5467,1
Unnamed Parking,-1.2553877,36.8667692,2026-08-09 13:00:00,13,6,1,0,50,100,1.0,17,0.343,1
Unnamed Parking,-1.259848,36.8644681,2026-08-09 13:00:00,13,6,1,0,50,100,1.19,23,0.4632,1
Travel House Parking,-1.2861727,36.8214386,2026-08-09 13:00:00,13,6,1,0,50,100,1.18,25,0.5075,1
Lenana Parking Lot Area,-1.2900918,36.800209,2026-08-09 13:00:00,13,6,1,0,50,100,1.0,22,0.4372,1
Unnamed Parking,-1.2944773,36.8101427,2026-08-09 13:00:00,13,6,1,0,50,100,1.0,22,0.4351,1
Parking B,-1.2806414,36.8128716,2026-08-09 13:00:00,13,6,1,0,50,100,1.0,23,0.4566,1
MAIN PACKING,-1.2803274,36.8127162,2026-08-09 13:00:00,13,6,1,0,50,100,1.0,27,0.5334,1
YMCA STAFF PARKING,-1.2805756,36.8129968,2026-08-09 13:00:00,13,6,1,0,50,100,1.0,25,0.495,1
Unnamed Parking,-1.2896057,36.8150615,2026-08-09 14:00:00,14,6,1,0,50,100,1.0,17,0.3309,1
Unnamed Parking,-1.2909796,36.8282672,2026-08-09 14:00:00,14,6,1,0,50,100,1.0,17,0.3403,1
Unnamed Parking,-1.2856445,36.8132893,2026-08-09 14:00:00,14,6,1,0,50,100,1.0,23,0.4615,1
Unnamed Parking,-1.2597359,36.8182597,2026-08-09 14:00:00,14,6,1,0,50,100,1.0,27,0.5466,1
Unnamed Parking,-1.2641049,36.8117123,2026-08-09 14:00:00,14,6,1,0,50,100,1.0,15,0.2902,1
InterContinental Hotel Car Park,-1.2873717,36.8192911,2026-08-09 14:00:00,14,6,1,0,50,300,1.15,24,0.47,1
Unnamed Parking,-1.25013,36.8202579,2026-08-09 14:00:00,14,6,1,0,50,100,1.16,23,0.4679,1
Olympic Bus Terminus,-1.3126351,36.7778212,2026-08-09 14:00:00,14,6,1,0,50,100,1.0,31,0.6211,1
Ayany Car Park,-1.3090339,36.7757579,2026-08-09 14:00:00,14,6,1,0,50,200,1.0,24,0.4792,1
Westgate Mall Car Park,-1.2566578,36.8035661,2026-08-09 14:00:00,14,6,1,0,50,50,1.0,27,0.5406,1
Student parking,-1.274479,36.805643,2026-08-09 14:00:00,14,6,1,0,50,100,1.0,26,0.5213,1
Kenton Rear Parking,-1.2809847,36.7869545,2026-08-09 14:00:00,14,6,1,0,50,100,1.0,17,0.3396,1
Unnamed Parking,-1.2553877,36.8667692,2026-08-09 14:00:00,14,6,1,0,50,100,1.0,29,0.5715,1
Unnamed Parking,-1.259848,36.8644681,2026-08-09 14:00:00,14,6,1,0,50,100,1.19,26,0.5272,1
Travel House Parking,-1.2861727,36.8214386,2026-08-09 14:00:00,14,6,1,0,50,100,1.18,28,0.5507,1
Lenana Parking Lot Area,-1.2900918,36.800209,2026-08-09 14:00:00,14,6,1,0,50,100,1.0,41,0.8241,1
Unnamed Parking,-1.2944773,36.8101427,2026-08-09 14:00:00,14,6,1,0,50,100,1.0,17,0.3433,1
Parking B,-1.2806414,36.8128716,2026-08-09 14:00:00,14,6,1,0,50,100,1.0,32,0.648,1
MAIN PACKING,-1.2803274,36.8127162,2026-08-09 14:00:00,14,6,1,0,50,100,1.0,24,0.487,1
YMCA STAFF PARKING,-1.2805756,36.8129968,2026-08-09 14:00:00,14,6,1,0,50,100,1.0,27,0.533,1
Unnamed Parking,-1.2896057,36.8150615,2026-08-09 15:00:00,15,6,1,0,50,100,1.0,25,0.5064,1
Unnamed Parking,-1.2909796,36.8282672,2026-08-09 15:00:00,15,6,1,0,50,100,1.0,24,0.4761,1
Unnamed Parking,-1.2856445,36.8132893,2026-08-09 15:00:00,15,6,1,0,50,100,1.0,23,0.4644,1
Unnamed Parking,-1.2597359,36.8182597,2026-08-09 15:00:00,15,6,1,0,50,100,1.0,27,0.5364,1
Unnamed Parking,-1.2641049,36.8117123,2026-08-09 15:00:00,15,6,1,0,50,100,1.0,19,0.3886,1
InterContinental Hotel Car Park,-1.2873717,36.8192911,2026-08-09 15:00:00,15,6,1,0,50,300,1.15,29,0.57,1
Unnamed Parking,-1.25013,36.8202579,2026-08-09 15:00:00,15,6,1,0,50,100,1.16,24,0.4767,1
Olympic Bus Terminus,-1.3126351,36.7778212,2026-08-09 15:00:00,15,6,1,0,50,100,1.0,21,0.4196,1
Ayany Car Park,-1.3090339,36.7757579,2026-08-09 15:00:00,15,6,1,0,50,200,1.0,24,0.474,1
Westgate Mall Car Park,-1.2566578,36.8035661,2026-08-09 15:00:00,15,6,1,0,50,50,1.0,31,0.6106,1
Student parking,-1.274479,36.805643,2026-08-09 15:00:00,15,6,1,0,50,100,1.0,23,0.4672,1
Kenton Rear Parking,-1.2809847,36.7869545,2026-08-09 15:00:00,15,6,1,0,50,100,1.0,27,0.5387,1
Unnamed Parking,-1.2553877,36.8667692,2026-08-09 15:00:00,15,6,1,0,50,100,1.0,23,0.4515,1
Unnamed Parking,-1.259848,36.8644681,2026-08-09 15:00:00,15,6,1,0,50,100,1.19,29,0.5706,1
Travel House Parking,-1.2861727,36.8214386,2026-08-09 15:00:00,15,6,1,0,50,100,1.18,28,0.5648,1
Lenana Parking Lot Area,-1.2900918,36.800209,2026-08-09 15:00:00,15,6,1,0,50,100,1.0,33,0.6579,1
Unnamed Parking,-1.2944773,36.8101427,2026-08-09 15:00:00,15,6,1,0,50,100,1.0,25,0.496,1
Parking B,-1.2806414,36.8128716,2026-08-09 15:00:00,15,6,1,0,50,100,1.0,28,0.5635,1
MAIN PACKING,-1.2803274,36.8127162,2026-08-09 15:00:00,15,6,1,0,50,100,1.0,26,0.5178,1
YMCA STAFF PARKING,-1.2805756,36.8129968,2026-08-09 15:00:00,15,6,1,0,50,100,1.0,31,0.6137,1
Unnamed Parking,-1.2896057,36.8150615,2026-08-09 16:00:00,16,6,1,0,50,100,1.0,23,0.4525,1
Unnamed Parking,-1.2909796,36.8282672,2026-08-09 16:00:00,16,6,1,0,50,100,1.0,28,0.5696,1
Unnamed Parking,-1.2856445,36.8132893,2026-08-09 16:00:00,16,6,1,0,50,100,1.0,25,0.4944,1
Unnamed Parking,-1.2597359,36.8182597,2026-08-09 16:00:00,16,6,1,0,50,100,1.0,25,0.5049,1
Unnamed Parking,-1.2641049,36.8117123,2026-08-09 16:00:00,16,6,1,0,50,100,1.0,26,0.5173,1
InterContinental Hotel Car Park,-1.2873717,36.8192911,2026-08-09 16:00:00,16,6,1,0,50,300,1.15,27,0.5302,1
Unnamed Parking,-1.25013,36.8202579,2026-08-09 16:00:00,16,6,1,0,50,100,1.16,25,0.5007,1
Olympic Bus Terminus,-1.3126351,36.7778212,2026-08-09 16:00:00,16,6,1,0,50,100,1.0,26,0.5272,1
Ayany Car Park,-1.3090339,36.7757579,2026-08-09 16:00:00,16,6,1,0,50,200,1.0,32,0.6362,1
Westgate Mall Car Park,-1.2566578,36.8035661,2026-08-09 16:00:00,16,6,1,0,50,50,1.0,29,0.5888,1
Student parking,-1.274479,36.805643,2026-08-09 16:00:00,16,6,1,0,50,100,1.0,29,0.5795,1
Kenton Rear Parking,-1.2809847,36.7869545,2026-08-09 16:00:00,16,6,1,0,50,100,1.0,24,0.4736,1
Unnamed Parking,-1.2553877,36.8667692,2026-08-09 16:00:00,16,6,1,0,50,100,1.0,22,0.4389,1
Unnamed Parking,-1.259848,36.8644681,2026-08-09 16:00:00,16,6,1,0,50,100,1.19,29,0.5864,1
Travel House Parking,-1.2861727,36.8214386,2026-08-09 16:00:00,16,6,1,0,50,100,1.18,29,0.5801,1
Lenana Parking Lot Area,-1.2900918,36.800209,2026-08-09 16:00:00,16,6,1,0,50,100,1.0,31,0.6278,1
Unnamed Parking,-1.2944773,36.8101427,2026-08-09 16:00:00,16,6,1,0,50,100,1.0,23,0.4617,1
Parking B,-1.2806414,36.8128716,2026-08-09 16:00:00,16,6,1,0,50,100,1.0,25,0.4916,1
MAIN PACKING,-1.2803274,36.8127162,2026-08-09 16:00:00,16,6,1,0,50,100,1.0,19,0.3788,1
YMCA STAFF PARKING,-1.2805756,36.8129968,2026-08-09 16:00:00,16,6,1,0,50,100,1.0,24,0.4786,1
Unnamed Parking,-1.2896057,36.8150615,2026-08-09 17:00:00,17,6,1,0,50,100,1.0,25,0.4997,1
Unnamed Parking,-1.2909796,36.8282672,2026-08-09 17:00:00,17,6,1,0,50,100,1.0,19,0.3827,1
Unnamed Parking,-1.2856445,36.8132893,2026-08-09 17:00:00,17,6,1,0,50,100,1.0,24,0.4712,1
Unnamed Parking,-1.2597359,36.8182597,2026-08-09 17:00:00,17,6,1,0,50,100,1.0,20,0.4048,1
Unnamed Parking,-1.2641049,36.8117123,2026-08-09 17:00:00,17,6,1,0,50,100,1.0,22,0.4459,1
InterContinental Hotel Car Park,-1.2873717,36.8192911,2026-08-09 17:00:00,17,6,1,0,50,300,1.15,16,0.3282,1
Unnamed Parking,-1.25013,36.8202579,2026-08-09 17:00:00,17,6,1,0,50,100,1.16,21,0.4268,1
Olympic Bus Terminus,-1.3126351,36.7778212,2026-08-09 17:00:00,17,6,1,0,50,100,1.0,9,0.1807,1
Ayany Car Park,-1.3090339,36.7757579,2026-08-09 17:00:00,17,6,1,0,50,200,1.0,20,0.405,1
Westgate Mall Car Park,-1.2566578,36.8035661,2026-08-09 17:00:00,17,6,1,0,50,50,1.0,14,0.2896,1
Student parking,-1.274479,36.805643,2026-08-09 17:00:00,17,6,1,0,50,100,1.0,26,0.5165,1
Kenton Rear Parking,-1.2809847,36.7869545,2026-08-09 17:00:00,17,6,1,0,50,100,1.0,24,0.4822,1
Unnamed Parking,-1.2553877,36.8667692,2026-08-09 17:00:00,17,6,1,0,50,100,1.0,23,0.4573,1
Unnamed Parking,-1.259848,36.8644681,2026-08-09 17:00:00,17,6,1,0,50,100,1.19,27,0.5417,1
Travel House Parking,-1.2861727,36.8214386,2026-08-09 17:00:00,17,6,1,0,50,100,1.18,17,0.3441,1
Lenana Parking Lot Area,-1.2900918,36.800209,2026-08-09 17:00:00,17,6,1,0,50,100,1.0,28,0.5598,1
Unnamed Parking,-1.2944773,36.8101427,2026-08-09 17:00:00,17,6,1,0,50,100,1.0,25,0.4946,1
Parking B,-1.2806414,36.8128716,2026-08-09 17:00:00,17,6,1,0,50,100,1.0,20,0.4011,1
MAIN PACKING,-1.2803274,36.8127162,2026-08-09 17:00:00,17,6,1,0,50,100,1.0,26,0.5108,1
YMCA STAFF PARKING,-1.2805756,36.8129968,2026-08-09 17:00:00,17,6,1,0,50,100,1.0,17,0.3315,1
Unnamed Parking,-1.2896057,36.8150615,2026-08-09 18:00:00,18,6,1,0,50,100,1.0,18,0.354,1
Unnamed Parking,-1.2909796,36.8282672,2026-08-09 18:00:00,18,6,1,0,50,100,1.0,19,0.3713,1
Unnamed Parking,-1.2856445,36.8132893,2026-08-09 18:00:00,18,6,1,0,50,100,1.0,19,0.3777,1
Unnamed Parking,-1.2597359,36.8182597,2026-08-09 18:00:00,18,6,1,0,50,100,1.0,17,0.3355,1
Unnamed Parking,-1.2641049,36.8117123,2026-08-09 18:00:00,18,6,1,0,50,100,1.0,26,0.5178,1
InterContinental Hotel Car Park,-1.2873717,36.8192911,2026-08-09 18:00:00,18,6,1,0,50,300,1.15,20,0.3993,1
Unnamed Parking,-1.25013,36.8202579,2026-08-09 18:00:00,18,6,1,0,50,100,1.16,22,0.4482,1
Olympic Bus Terminus,-1.3126351,36.7778212,2026-08-09 18:00:00,18,6,1,0,50,100,1.0,19,0.3744,1
Ayany Car Park,-1.3090339,36.7757579,2026-08-09 18:00:00,18,6,1,0,50,200,1.0,14,0.2744,1
Westgate Mall Car Park,-1.2566578,36.8035661,2026-08-09 18:00:00,18,6,1,0,50,50,1.0,22,0.4416,1
Student parking,-1.274479,36.805643,2026-08-09 18:00:00,18,6,1,0,50,100,1.0,13,0.267,1
Kenton Rear Parking,-1.2809847,36.7869545,2026-08-09 18:00:00,18,6,1,0,50,100,1.0,21,0.4145,1
Unnamed Parking,-1.2553877,36.8667692,2026-08-09 18:00:00,18,6,1,0,50,100,1.0,16,0.3105,1
Unnamed Parking,-1.259848,36.8644681,2026-08-09 18:00:00,18,6,1,0,50,100,1.19,29,0.579,1
Travel House Parking,-1.2861727,36.8214386,2026-08-09 18:00:00,18,6,1,0,50,100,1.18,25,0.4929,1
Lenana Parking Lot Area,-1.2900918,36.800209,2026-08-09 18:00:00,18,6,1,0,50,100,1.0,21,0.4285,1
Unnamed Parking,-1.2944773,36.8101427,2026-08-09 18:00:00,18,6,1,0,50,100,1.0,26,0.5211,1
Parking B,-1.2806414,36.8128716,2026-08-09 18:00:00,18,6,1,0,50,100,1.0,18,0.3523,1
MAIN PACKING,-1.2803274,36.8127162,2026-08-09 18:00:00,18,6,1,0,50,100,1.0,23,0.4635,1
YMCA STAFF PARKING,-1.2805756,36.8129968,2026-08-09 18:00:00,18,6,1,0,50,100,1.0,22,0.436,1
Unnamed Parking,-1.2896057,36.8150615,2026-08-09 19:00:00,19,6,1,0,50,100,1.0,13,0.2611,1
Unnamed Parking,-1.2909796,36.8282672,2026-08-09 19:00:00,19,6,1,0,50,100,1.0,17,0.3418,1
Unnamed Parking,-1.2856445,36.8132893,2026-08-09 19:00:00,19,6,1,0,50,100,1.0,15,0.2986,1
Unnamed Parking,-1.2597359,36.8182597,2026-08-09 19:00:00,19,6,1,0,50,100,1.0,13,0.2631,1
Unnamed Parking,-1.2641049,36.8117123,2026-08-09 19:00:00,19,6,1,0,50,100,1.0,5,0.1076,1
InterContinental Hotel Car Park,-1.2873717,36.8192911,2026-08-09 19:00:00,19,6,1,0,50,300,1.15,8,0.1632,1
Unnamed Parking,-1.25013,36.8202579,2026-08-09 19:00:00,19,6,1,0,50,100,1.16,12,0.2302,1
Olympic Bus Terminus,-1.3126351,36.7778212,2026-08-09 19:00:00,19,6,1,0,50,100,1.0,12,0.2475,1
Ayany Car Park,-1.3090339,36.7757579,2026-08-09 19:00:00,19,6,1,0,50,200,1.0,7,0.1496,1
Westgate Mall Car Park,-1.2566578,36.8035661,2026-08-09 19:00:00,19,6,1,0,50,50,1.0,22,0.4329,1
Student parking,-1.274479,36.805643,2026-08-09 19:00:00,19,6,1,0,50,100,1.0,18,0.3613,1
Kenton Rear Parking,-1.2809847,36.7869545,2026-08-09 19:00:00,19,6,1,0,50,100,1.0,14,0.2882,1
Unnamed Parking,-1.2553877,36.8667692,2026-08-09 19:00:00,19,6,1,0,50,100,1.0,12,0.2458,1
Unnamed Parking,-1.259848,36.8644681,2026-08-09 19:00:00,19,6,1,0,50,100,1.19,11,0.223,1
Travel House Parking,-1.2861727,36.8214386,2026-08-09 19:00:00,19,6,1,0,50,100,1.18,8,0.1638,1
Lenana Parking Lot Area,-1.2900918,36.800209,2026-08-09 19:00:00,19,6,1,0,50,100,1.0,12,0.2462,1
Unnamed Parking,-1.2944773,36.8101427,2026-08-09 19:00:00,19,6,1,0,50,100,1.0,13,0.2606,1
Parking B,-1.2806414,36.8128716,2026-08-09 19:00:00,19,6,1,0,50,100,1.0,7,0.1407,1
MAIN PACKING,-1.2803274,36.8127162,2026-08-09 19:00:00,19,6,1,0,50,100,1.0,13,0.2667,1
YMCA STAFF PARKING,-1.2805756,36.8129968,2026-08-09 19:00:00,19,6,1,0,50,100,1.0,11,0.2276,1
Unnamed Parking,-1.2896057,36.8150615,2026-08-09 20:00:00,20,6,1,0,50,100,1.0,5,0.1,1
Unnamed Parking,-1.2909796,36.8282672,2026-08-09 20:00:00,20,6,1,0,50,100,1.0,9,0.1712,1
Unnamed Parking,-1.2856445,36.8132893,2026-08-09 20:00:00,20,6,1,0,50,100,1.0,10,0.2069,1
Unnamed Parking,-1.2597359,36.8182597,2026-08-09 20:00:00,20,6,1,0,50,100,1.0,20,0.391,1
Unnamed Parking,-1.2641049,36.8117123,2026-08-09 20:00:00,20,6,1,0,50,100,1.0,14,0.2845,1
InterContinental Hotel Car Park,-1.2873717,36.8192911,2026-08-09 20:00:00,20,6,1,0,50,300,1.15,7,0.1332,1
Unnamed Parking,-1.25013,36.8202579,2026-08-09 20:00:00,20,6,1,0,50,100,1.16,14,0.2789,1
Olympic Bus Terminus,-1.3126351,36.7778212,2026-08-09 20:00:00,20,6,1,0,50,100,1.0,6,0.1162,1
Ayany Car Park,-1.3090339,36.7757579,2026-08-09 20:00:00,20,6,1,0,50,200,1.0,16,0.3266,1
Westgate Mall Car Park,-1.2566578,36.8035661,2026-08-09 20:00:00,20,6,1,0,50,50,1.0,10,0.2023,1
Student parking,-1.274479,36.805643,2026-08-09 20:00:00,20,6,1,0,50,100,1.0,12,0.2325,1
Kenton Rear Parking,-1.2809847,36.7869545,2026-08-09 20:00:00,20,6,1,0,50,100,1.0,17,0.3461,1
Unnamed Parking,-1.2553877,36.8667692,2026-08-09 20:00:00,20,6,1,0,50,100,1.0,7,0.137,1
Unnamed Parking,-1.259848,36.8644681,2026-08-09 20:00:00,20,6,1,0,50,100,1.19,6,0.1282,1
Travel House Parking,-1.2861727,36.8214386,2026-08-09 20:00:00,20,6,1,0,50,100,1.18,10,0.1933,1
Lenana Parking Lot Area,-1.2900918,36.800209,2026-08-09 20:00:00,20,6,1,0,50,100,1.0,16,0.3231,1
Unnamed Parking,-1.2944773,36.8101427,2026-08-09 20:00:00,20,6,1,0,50,100,1.0,6,0.1185,1
Parking B,-1.2806414,36.8128716,2026-08-09 20:00:00,20,6,1,0,50,100,1.0,5,0.1,1
MAIN PACKING,-1.2803274,36.8127162,2026-08-09 20:00:00,20,6,1,0,50,100,1.0,10,0.2039,1
YMCA STAFF PARKING,-1.2805756,36.8129968,2026-08-09 20:00:00,20,6,1,0,50,100,1.0,14,0.2841,1
Unnamed Parking,-1.2896057,36.8150615,2026-08-09 21:00:00,21,6,1,0,50,100,1.0,17,0.336,1
Unnamed Parking,-1.2909796,36.8282672,2026-08-09 21:00:00,21,6,1,0,50,100,1.0,10,0.2029,1
Unnamed Parking,-1.2856445,36.8132893,2026-08-09 21:00:00,21,6,1,0,50,100,1.0,10,0.2071,1
Unnamed Parking,-1.2597359,36.8182597,2026-08-09 21:00:00,21,6,1,0,50,100,1.0,17,0.3323,1
Unnamed Parking,-1.2641049,36.8117123,2026-08-09 21:00:00,21,6,1,0,50,100,1.0,5,0.1,1
InterContinental Hotel Car Park,-1.2873717,36.8192911,2026-08-09 21:00:00,21,6,1,0,50,300,1.15,10,0.2089,1
Unnamed Parking,-1.25013,36.8202579,2026-08-09 21:00:00,21,6,1,0,50,100,1.16,13,0.2552,1
Olympic Bus Terminus,-1.3126351,36.7778212,2026-08-09 21:00:00,21,6,1,0,50,100,1.0,14,0.2759,1
Ayany Car Park,-1.3090339,36.7757579,2026-08-09 21:00:00,21,6,1,0,50,200,1.0,10,0.1992,1
Westgate Mall Car Park,-1.2566578,36.8035661,2026-08-09 21:00:00,21,6,1,0,50,50,1.0,12,0.2428,1
Student parking,-1.274479,36.805643,2026-08-09 21:00:00,21,6,1,0,50,100,1.0,5,0.1,1
Kenton Rear Parking,-1.2809847,36.7869545,2026-08-09 21:00:00,21,6,1,0,50,100,1.0,9,0.1873,1
Unnamed Parking,-1.2553877,36.8667692,2026-08-09 21:00:00,21,6,1,0,50,100,1.0,14,0.2763,1
Unnamed Parking,-1.259848,36.8644681,2026-08-09 21:00:00,21,6,1,0,50,100,1.19,8,0.1614,1
Travel House Parking,-1.2861727,36.8214386,2026-08-09 21:00:00,21,6,1,0,50,100,1.18,12,0.2447,1
Lenana Parking Lot Area,-1.2900918,36.800209,2026-08-09 21:00:00,21,6,1,0,50,100,1.0,14,0.2757,1
Unnamed Parking,-1.2944773,36.8101427,2026-08-09 21:00:00,21,6,1,0,50,100,1.0,11,0.2126,1
Parking B,-1.2806414,36.8128716,2026-08-09 21:00:00,21,6,1,0,50,100,1.0,13,0.2536,1
MAIN PACKING,-1.2803274,36.8127162,2026-08-09 21:00:00,21,6,1,0,50,100,1.0,8,0.163,1
YMCA STAFF PARKING,-1.2805756,36.8129968,2026-08-09 21:00:00,21,6,1,0,50,100,1.0,11,0.2235,1
Unnamed Parking,-1.2896057,36.8150615,2026-08-09 22:00:00,22,6,1,0,50,100,1.0,14,0.2888,1
Unnamed Parking,-1.2909796,36.8282672,2026-08-09 22:00:00,22,6,1,0,50,100,1.0,13,0.2526,1
Unnamed Parking,-1.2856445,36.8132893,2026-08-09 22:00:00,22,6,1,0,50,100,1.0,10,0.1931,1
Unnamed Parking,-1.2597359,36.8182597,2026-08-09 22:00:00,22,6,1,0,50,100,1.0,13,0.2579,1
Unnamed Parking,-1.2641049,36.8117123,2026-08-09 22:00:00,22,6,1,0,50,100,1.0,15,0.2972,1
InterContinental Hotel Car Park,-1.2873717,36.8192911,2026-08-09 22:00:00,22,6,1,0,50,300,1.15,5,0.1,1
Unnamed Parking,-1.25013,36.8202579,2026-08-09 22:00:00,22,6,1,0,50,100,1.16,17,0.3327,1
Olympic Bus Terminus,-1.3126351,36.7778212,2026-08-09 22:00:00,22,6,1,0,50,100,1.0,11,0.2131,1
Ayany Car Park,-1.3090339,36.7757579,2026-08-09 22:00:00,22,6,1,0,50,200,1.0,14,0.274,1
Westgate Mall Car Park,-1.2566578,36.8035661,2026-08-09 22:00:00,22,6,1,0,50,50,1.0,17,0.3358,1
Student parking,-1.274479,36.805643,2026-08-09 22:00:00,22,6,1,0,50,100,1.0,7,0.1303,1
Kenton Rear Parking,-1.2809847,36.7869545,2026-08-09 22:00:00,22,6,1,0,50,100,1.0,9,0.1832,1
Unnamed Parking,-1.2553877,36.8667692,2026-08-09 22:00:00,22,6,1,0,50,100,1.0,11,0.2169,1
Unnamed Parking,-1.259848,36.8644681,2026-08-09 22:00:00,22,6,1,0,50,100,1.19,9,0.1773,1
Travel House Parking,-1.2861727,36.8214386,2026-08-09 22:00:00,22,6,1,0,50,100,1.18,19,0.3788,1
Lenana Parking Lot Area,-1.2900918,36.800209,2026-08-09 22:00:00,22,6,1,0,50,100,1.0,9,0.1715,1
Unnamed Parking,-1.2944773,36.8101427,2026-08-09 22:00:00,22,6,1,0,50,100,1.0,10,0.1956,1
Parking B,-1.2806414,36.8128716,2026-08-09 22:00:00,22,6,1,0,50,100,1.0,13,0.2564,1
MAIN PACKING,-1.2803274,36.8127162,2026-08-09 22:00:00,22,6,1,0,50,100,1.0,7,0.1438,1
YMCA STAFF PARKING,-1.2805756,36.8129968,2026-08-09 22:00:00,22,6,1,0,50,100,1.0,10,0.2083,1
Unnamed Parking,-1.2896057,36.8150615,2026-08-10 06:00:00,6,0,0,0,50,100,1.0,21,0.4254,1
Unnamed Parking,-1.2909796,36.8282672,2026-08-10 06:00:00,6,0,0,0,50,100,1.0,19,0.3734,1
Unnamed Parking,-1.2856445,36.8132893,2026-08-10 06:00:00,6,0,0,0,50,100,1.0,20,0.3925,1
Unnamed Parking,-1.2597359,36.8182597,2026-08-10 06:00:00,6,0,0,0,50,100,1.0,18,0.3577,1
Unnamed Parking,-1.2641049,36.8117123,2026-08-10 06:00:00,6,0,0,0,50,100,1.0,14,0.2788,1
InterContinental Hotel Car Park,-1.2873717,36.8192911,2026-08-10 06:00:00,6,0,0,0,50,300,1.15,21,0.4257,1
Unnamed Parking,-1.25013,36.8202579,2026-08-10 06:00:00,6,0,0,0,50,100,1.16,27,0.5404,1
Olympic Bus Terminus,-1.3126351,36.7778212,2026-08-10 06:00:00,6,0,0,0,50,100,1.0,20,0.4015,1
Ayany Car Park,-1.3090339,36.7757579,2026-08-10 06:00:00,6,0,0,0,50,200,1.0,21,0.418,1
Westgate Mall Car Park,-1.2566578,36.8035661,2026-08-10 06:00:00,6,0,0,0,50,50,1.0,23,0.4554,1
Student parking,-1.274479,36.805643,2026-08-10 06:00:00,6,0,0,0,50,100,1.0,15,0.2985,1
Kenton Rear Parking,-1.2809847,36.7869545,2026-08-10 06:00:00,6,0,0,0,50,100,1.0,27,0.5362,1
Unnamed Parking,-1.2553877,36.8667692,2026-08-10 06:00:00,6,0,0,0,50,100,1.0,21,0.4162,1
Unnamed Parking,-1.259848,36.8644681,2026-08-10 06:00:00,6,0,0,0,50,100,1.19,27,0.5305,1
Travel House Parking,-1.2861727,36.8214386,2026-08-10 06:00:00,6,0,0,0,50,100,1.18,17,0.3414,1
Lenana Parking Lot Area,-1.2900918,36.800209,2026-08-10 06:00:00,6,0,0,0,50,100,1.0,27,0.5454,1
Unnamed Parking,-1.2944773,36.8101427,2026-08-10 06:00:00,6,0,0,0,50,100,1.0,23,0.462,1
Parking B,-1.2806414,36.8128716,2026-08-10 06:00:00,6,0,0,0,50,100,1.0,22,0.4442,1
MAIN PACKING,-1.2803274,36.8127162,2026-08-10 06:00:00,6,0,0,0,50,100,1.0,21,0.4187,1
YMCA STAFF PARKING,-1.2805756,36.8129968,2026-08-10 06:00:00,6,0,0,0,50,100,1.0,19,0.3801,1
Unnamed Parking,-1.2896057,36.8150615,2026-08-10 07:00:00,7,0,0,0,50,100,1.0,25,0.496,1
Unnamed Parking,-1.2909796,36.8282672,2026-08-10 07:00:00,7,0,0,0,50,100,1.0,21,0.4112,1
Unnamed Parking,-1.2856445,36.8132893,2026-08-10 07:00:00,7,0,0,0,50,100,1.0,12,0.2426,1
Unnamed Parking,-1.2597359,36.8182597,2026-08-10 07:00:00,7,0,0,0,50,100,1.0,16,0.3106,1
Unnamed Parking,-1.2641049,36.8117123,2026-08-10 07:00:00,7,0,0,0,50,100,1.0,19,0.3851,1
InterContinental Hotel Car Park,-1.2873717,36.8192911,2026-08-10 07:00:00,7,0,0,0,50,300,1.15,21,0.4248,1
Unnamed Parking,-1.25013,36.8202579,2026-08-10 07:00:00,7,0,0,0,50,100,1.16,20,0.3955,1
Olympic Bus Terminus,-1.3126351,36.7778212,2026-08-10 07:00:00,7,0,0,0,50,100,1.0,25,0.4975,1
Ayany Car Park,-1.3090339,36.7757579,2026-08-10 07:00:00,7,0,0,0,50,200,1.0,12,0.2439,1
Westgate Mall Car Park,-1.2566578,36.8035661,2026-08-10 07:00:00,7,0,0,0,50,50,1.0,21,0.4115,1
Student parking,-1.274479,36.805643,2026-08-10 07:00:00,7,0,0,0,50,100,1.0,13,0.2546,1
Kenton Rear Parking,-1.2809847,36.7869545,2026-08-10 07:00:00,7,0,0,0,50,100,1.0,23,0.4608,1
Unnamed Parking,-1.2553877,36.8667692,2026-08-10 07:00:00,7,0,0,0,50,100,1.0,20,0.3924,1
Unnamed Parking,-1.259848,36.8644681,2026-08-10 07:00:00,7,0,0,0,50,100,1.19,22,0.4336,1
Travel House Parking,-1.2861727,36.8214386,2026-08-10 07:00:00,7,0,0,0,50,100,1.18,17,0.3309,1
Lenana Parking Lot Area,-1.2900918,36.800209,2026-08-10 07:00:00,7,0,0,0,50,100,1.0,25,0.5024,1
Unnamed Parking,-1.2944773,36.8101427,2026-08-10 07:00:00,7,0,0,0,50,100,1.0,24,0.4833,1
Parking B,-1.2806414,36.8128716,2026-08-10 07:00:00,7,0,0,0,50,100,1.0,22,0.4467,1
MAIN PACKING,-1.2803274,36.8127162,2026-08-10 07:00:00,7,0,0,0,50,100,1.0,19,0.3896,1
YMCA STAFF PARKING,-1.2805756,36.8129968,2026-08-10 07:00:00,7,0,0,0,50,100,1.0,22,0.4464,1
Unnamed Parking,-1.2896057,36.8150615,2026-08-10 08:00:00,8,0,0,0,50,100,1.0,40,0.7934,1
Unnamed Parking,-1.2909796,36.8282672,2026-08-10 08:00:00,8,0,0,0,50,100,1.0,46,0.9184,1
Unnamed Parking,-1.2856445,36.8132893,2026-08-10 08:00:00,8,0,0,0,50,100,1.0,49,0.982,0
Unnamed Parking,-1.2597359,36.8182597,2026-08-10 08:00:00,8,0,0,0,50,100,1.0,47,0.9356,1
Unnamed Parking,-1.2641049,36.8117123,2026-08-10 08:00:00,8,0,0,0,50,100,1.0,40,0.7916,1
InterContinental Hotel Car Park,-1.2873717,36.8192911,2026-08-10 08:00:00,8,0,0,0,50,300,1.15,44,0.8789,1
Unnamed Parking,-1.25013,36.8202579,2026-08-10 08:00:00,8,0,0,0,50,100,1.16,37,0.7465,1
Olympic Bus Terminus,-1.3126351,36.7778212,2026-08-10 08:00:00,8,0,0,0,50,100,1.0,45,0.8958,1
Ayany Car Park,-1.3090339,36.7757579,2026-08-10 08:00:00,8,0,0,0,50,200,1.0,44,0.886,1
Westgate Mall Car Park,-1.2566578,36.8035661,2026-08-10 08:00:00,8,0,0,0,50,50,1.0,35,0.7004,1
Student parking,-1.274479,36.805643,2026-08-10 08:00:00,8,0,0,0,50,100,1.0,38,0.7571,1
Kenton Rear Parking,-1.2809847,36.7869545,2026-08-10 08:00:00,8,0,0,0,50,100,1.0,41,0.8273,1
Unnamed Parking,-1.2553877,36.8667692,2026-08-10 08:00:00,8,0,0,0,50,100,1.0,41,0.8259,1
Unnamed Parking,-1.259848,36.8644681,2026-08-10 08:00:00,8,0,0,0,50,100,1.19,38,0.7532,1
Travel House Parking,-1.2861727,36.8214386,2026-08-10 08:00:00,8,0,0,0,50,100,1.18,44,0.8811,1
Lenana Parking Lot Area,-1.2900918,36.800209,2026-08-10 08:00:00,8,0,0,0,50,100,1.0,44,0.8701,1
Unnamed Parking,-1.2944773,36.8101427,2026-08-10 08:00:00,8,0,0,0,50,100,1.0,42,0.8345,1
Parking B,-1.2806414,36.8128716,2026-08-10 08:00:00,8,0,0,0,50,100,1.0,39,0.7895,1
MAIN PACKING,-1.2803274,36.8127162,2026-08-10 08:00:00,8,0,0,0,50,100,1.0,47,0.9339,1
YMCA STAFF PARKING,-1.2805756,36.8129968,2026-08-10 08:00:00,8,0,0,0,50,100,1.0,49,0.9824,0
Unnamed Parking,-1.2896057,36.8150615,2026-08-10 09:00:00,9,0,0,0,50,100,1.0,41,0.8113,1
Unnamed Parking,-1.2909796,36.8282672,2026-08-10 09:00:00,9,0,0,0,50,100,1.0,40,0.801,1
Unnamed Parking,-1.2856445,36.8132893,2026-08-10 09:00:00,9,0,0,0,50,100,1.0,44,0.8893,1
Unnamed Parking,-1.2597359,36.8182597,2026-08-10 09:00:00,9,0,0,0,50,100,1.0,41,0.8214,1
Unnamed Parking,-1.2641049,36.8117123,2026-08-10 09:00:00,9,0,0,0,50,100,1.0,42,0.8388,1
InterContinental Hotel Car Park,-1.2873717,36.8192911,2026-08-10 09:00:00,9,0,0,0,50,300,1.15,45,0.9092,1
Unnamed Parking,-1.25013,36.8202579,2026-08-10 09:00:00,9,0,0,0,50,100,1.16,35,0.6973,1
Olympic Bus Terminus,-1.3126351,36.7778212,2026-08-10 09:00:00,9,0,0,0,50,100,1.0,48,0.9555,0
Ayany Car Park,-1.3090339,36.7757579,2026-08-10 09:00:00,9,0,0,0,50,200,1.0,43,0.8558,1
Westgate Mall Car Park,-1.2566578,36.8035661,2026-08-10 09:00:00,9,0,0,0,50,50,1.0,41,0.8171,1
Student parking,-1.274479,36.805643,2026-08-10 09:00:00,9,0,0,0,50,100,1.0,42,0.8429,1
Kenton Rear Parking,-1.2809847,36.7869545,2026-08-10 09:00:00,9,0,0,0,50,100,1.0,42,0.847,1
Unnamed Parking,-1.2553877,36.8667692,2026-08-10 09:00:00,9,0,0,0,50,100,1.0,36,0.7115,1
Unnamed Parking,-1.259848,36.8644681,2026-08-10 09:00:00,9,0,0,0,50,100,1.19,48,0.9696,0
Travel House Parking,-1.2861727,36.8214386,2026-08-10 09:00:00,9,0,0,0,50,100,1.18,43,0.8533,1
Lenana Parking Lot Area,-1.2900918,36.800209,2026-08-10 09:00:00,9,0,0,0,50,100,1.0,44,0.8854,1
Unnamed Parking,-1.2944773,36.8101427,2026-08-10 09:00:00,9,0,0,0,50,100,1.0,46,0.9261,1
Parking B,-1.2806414,36.8128716,2026-08-10 09:00:00,9,0,0,0,50,100,1.0,38,0.7683,1
MAIN PACKING,-1.2803274,36.8127162,2026-08-10 09:00:00,9,0,0,0,50,100,1.0,44,0.8879,1
YMCA STAFF PARKING,-1.2805756,36.8129968,2026-08-10 09:00:00,9,0,0,0,50,100,1.0,41,0.8286,1
Unnamed Parking,-1.2896057,36.8150615,2026-08-10 10:00:00,10,0,0,0,50,100,1.0,46,0.9177,1
Unnamed Parking,-1.2909796,36.8282672,2026-08-10 10:00:00,10,0,0,0,50,100,1.0,34,0.6798,1
Unnamed Parking,-1.2856445,36.8132893,2026-08-10 10:00:00,10,0,0,0,50,100,1.0,42,0.8421,1
Unnamed Parking,-1.2597359,36.8182597,2026-08-10 10:00:00,10,0,0,0,50,100,1.0,40,0.8018,1
Unnamed Parking,-1.2641049,36.8117123,2026-08-10 10:00:00,10,0,0,0,50,100,1.0,44,0.8846,1
InterContinental Hotel Car Park,-1.2873717,36.8192911,2026-08-10 10:00:00,10,0,0,0,50,300,1.15,44,0.8876,1
Unnamed Parking,-1.25013,36.8202579,2026-08-10 10:00:00,10,0,0,0,50,100,1.16,40,0.7934,1
Olympic Bus Terminus,-1.3126351,36.7778212,2026-08-10 10:00:00,10,0,0,0,50,100,1.0,40,0.793,1
Ayany Car Park,-1.3090339,36.7757579,2026-08-10 10:00:00,10,0,0,0,50,200,1.0,42,0.8411,1
Westgate Mall Car Park,-1.2566578,36.8035661,2026-08-10 10:00:00,10,0,0,0,50,50,1.0,39,0.7783,1
Student parking,-1.274479,36.805643,2026-08-10 10:00:00,10,0,0,0,50,100,1.0,46,0.9174,1
Kenton Rear Parking,-1.2809847,36.7869545,2026-08-10 10:00:00,10,0,0,0,50,100,1.0,41,0.8205,1
Unnamed Parking,-1.2553877,36.8667692,2026-08-10 10:00:00,10,0,0,0,50,100,1.0,31,0.6174,1
Unnamed Parking,-1.259848,36.8644681,2026-08-10 10:00:00,10,0,0,0,50,100,1.19,41,0.82,1
Travel House Parking,-1.2861727,36.8214386,2026-08-10 10:00:00,10,0,0,0,50,100,1.18,38,0.7669,1
Lenana Parking Lot Area,-1.2900918,36.800209,2026-08-10 10:00:00,10,0,0,0,50,100,1.0,36,0.7195,1
Unnamed Parking,-1.2944773,36.8101427,2026-08-10 10:00:00,10,0,0,0,50,100,1.0,38,0.751,1
Parking B,-1.2806414,36.8128716,2026-08-10 10:00:00,10,0,0,0,50,100,1.0,43,0.8588,1
MAIN PACKING,-1.2803274,36.8127162,2026-08-10 10:00:00,10,0,0,0,50,100,1.0,48,0.9563,0
YMCA STAFF PARKING,-1.2805756,36.8129968,2026-08-10 10:00:00,10,0,0,0,50,100,1.0,44,0.8751,1
Unnamed Parking,-1.2896057,36.8150615,2026-08-10 11:00:00,11,0,0,0,50,100,1.0,40,0.8015,1
Unnamed Parking,-1.2909796,36.8282672,2026-08-10 11:00:00,11,0,0,0,50,100,1.0,44,0.8865,1
Unnamed Parking,-1.2856445,36.8132893,2026-08-10 11:00:00,11,0,0,0,50,100,1.0,41,0.8133,1
Unnamed Parking,-1.2597359,36.8182597,2026-08-10 11:00:00,11,0,0,0,50,100,1.0,40,0.7944,1
Unnamed Parking,-1.2641049,36.8117123,2026-08-10 11:00:00,11,0,0,0,50,100,1.0,38,0.7577,1
InterContinental Hotel Car Park,-1.2873717,36.8192911,2026-08-10 11:00:00,11,0,0,0,50,300,1.15,35,0.7099,1
Unnamed Parking,-1.25013,36.8202579,2026-08-10 11:00:00,11,0,0,0,50,100,1.16,41,0.8188,1
Olympic Bus Terminus,-1.3126351,36.7778212,2026-08-10 11:00:00,11,0,0,0,50,100,1.0,43,0.8626,1
Ayany Car Park,-1.3090339,36.7757579,2026-08-10 11:00:00,11,0,0,0,50,200,1.0,42,0.8423,1
Westgate Mall Car Park,-1.2566578,36.8035661,2026-08-10 11:00:00,11,0,0,0,50,50,1.0,41,0.8167,1
Student parking,-1.274479,36.805643,2026-08-10 11:00:00,11,0,0,0,50,100,1.0,39,0.7743,1
Kenton Rear Parking,-1.2809847,36.7869545,2026-08-10 11:00:00,11,0,0,0,50,100,1.0,45,0.8987,1
Unnamed Parking,-1.2553877,36.8667692,2026-08-10 11:00:00,11,0,0,0,50,100,1.0,37,0.7446,1
Unnamed Parking,-1.259848,36.8644681,2026-08-10 11:00:00,11,0,0,0,50,100,1.19,46,0.9121,1
Travel House Parking,-1.2861727,36.8214386,2026-08-10 11:00:00,11,0,0,0,50,100,1.18,38,0.7698,1
Lenana Parking Lot Area,-1.2900918,36.800209,2026-08-10 11:00:00,11,0,0,0,50,100,1.0,39,0.7898,1
Unnamed Parking,-1.2944773,36.8101427,2026-08-10 11:00:00,11,0,0,0,50,100,1.0,37,0.7327,1
Parking B,-1.2806414,36.8128716,2026-08-10 11:00:00,11,0,0,0,50,100,1.0,40,0.8099,1
MAIN PACKING,-1.2803274,36.8127162,2026-08-10 11:00:00,11,0,0,0,50,100,1.0,46,0.928,1
YMCA STAFF PARKING,-1.2805756,36.8129968,2026-08-10 11:00:00,11,0,0,0,50,100,1.0,45,0.8913,1
Unnamed Parking,-1.2896057,36.8150615,2026-08-10 12:00:00,12,0,0,0,50,100,1.0,39,0.7783,1
Unnamed Parking,-1.2909796,36.8282672,2026-08-10 12:00:00,12,0,0,0,50,100,1.0,37,0.7418,1
Unnamed Parking,-1.2856445,36.8132893,2026-08-10 12:00:00,12,0,0,0,50,100,1.0,31,0.6117,1
Unnamed Parking,-1.2597359,36.8182597,2026-08-10 12:00:00,12,0,0,0,50,100,1.0,34,0.6735,1
Unnamed Parking,-1.2641049,36.8117123,2026-08-10 12:00:00,12,0,0,0,50,100,1.0,32,0.6376,1
InterContinental Hotel Car Park,-1.2873717,36.8192911,2026-08-10 12:00:00,12,0,0,0,50,300,1.15,40,0.8064,1
Unnamed Parking,-1.25013,36.8202579,2026-08-10 12:00:00,12,0,0,0,50,100,1.16,30,0.6043,1
Olympic Bus Terminus,-1.3126351,36.7778212,2026-08-10 12:00:00,12,0,0,0,50,100,1.0,39,0.7715,1
Ayany Car Park,-1.3090339,36.7757579,2026-08-10 12:00:00,12,0,0,0,50,200,1.0,39,0.7714,1
Westgate Mall Car Park,-1.2566578,36.8035661,2026-08-10 12:00:00,12,0,0,0,50,50,1.0,42,0.8464,1
Student parking,-1.274479,36.805643,2026-08-10 12:00:00,12,0,0,0,50,100,1.0,33,0.6672,1
Kenton Rear Parking,-1.2809847,36.7869545,2026-08-10 12:00:00,12,0,0,0,50,100,1.0,38,0.757,1
Unnamed Parking,-1.2553877,36.8667692,2026-08-10 12:00:00,12,0,0,0,50,100,1.0,44,0.8825,1
Unnamed Parking,-1.259848,36.8644681,2026-08-10 12:00:00,12,0,0,0,50,100,1.19,33,0.6506,1
Travel House Parking,-1.2861727,36.8214386,2026-08-10 12:00:00,12,0,0,0,50,100,1.18,29,0.5772,1
Lenana Parking Lot Area,-1.2900918,36.800209,2026-08-10 12:00:00,12,0,0,0,50,100,1.0,27,0.5496,1
Unnamed Parking,-1.2944773,36.8101427,2026-08-10 12:00:00,12,0,0,0,50,100,1.0,38,0.757,1
Parking B,-1.2806414,36.8128716,2026-08-10 12:00:00,12,0,0,0,50,100,1.0,27,0.5493,1
MAIN PACKING,-1.2803274,36.8127162,2026-08-10 12:00:00,12,0,0,0,50,100,1.0,34,0.6702,1
YMCA STAFF PARKING,-1.2805756,36.8129968,2026-08-10 12:00:00,12,0,0,0,50,100,1.0,37,0.735,1
Unnamed Parking,-1.2896057,36.8150615,2026-08-10 13:00:00,13,0,0,0,50,100,1.0,43,0.8648,1
Unnamed Parking,-1.2909796,36.8282672,2026-08-10 13:00:00,13,0,0,0,50,100,1.0,44,0.884,1
Unnamed Parking,-1.2856445,36.8132893,2026-08-10 13:00:00,13,0,0,0,50,100,1.0,43,0.8678,1
Unnamed Parking,-1.2597359,36.8182597,2026-08-10 13:00:00,13,0,0,0,50,100,1.0,48,0.9523,0
Unnamed Parking,-1.2641049,36.8117123,2026-08-10 13:00:00,13,0,0,0,50,100,1.0,39,0.7738,1
InterContinental Hotel Car Park,-1.2873717,36.8192911,2026-08-10 13:00:00,13,0,0,0,50,300,1.15,40,0.7958,1
Unnamed Parking,-1.25013,36.8202579,2026-08-10 13:00:00,13,0,0,0,50,100,1.16,39,0.7882,1
Olympic Bus Terminus,-1.3126351,36.7778212,2026-08-10 13:00:00,13,0,0,0,50,100,1.0,46,0.9164,1
Ayany Car Park,-1.3090339,36.7757579,2026-08-10 13:00:00,13,0,0,0,50,200,1.0,46,0.922,1
Westgate Mall Car Park,-1.2566578,36.8035661,2026-08-10 13:00:00,13,0,0,0,50,50,1.0,44,0.8861,1
Student parking,-1.274479,36.805643,2026-08-10 13:00:00,13,0,0,0,50,100,1.0,47,0.9447,1
Kenton Rear Parking,-1.2809847,36.7869545,2026-08-10 13:00:00,13,0,0,0,50,100,1.0,38,0.7558,1
Unnamed Parking,-1.2553877,36.8667692,2026-08-10 13:00:00,13,0,0,0,50,100,1.0,49,0.9834,0
Unnamed Parking,-1.259848,36.8644681,2026-08-10 13:00:00,13,0,0,0,50,100,1.19,49,0.9719,0
Travel House Parking,-1.2861727,36.8214386,2026-08-10 13:00:00,13,0,0,0,50,100,1.18,45,0.9088,1
Lenana Parking Lot Area,-1.2900918,36.800209,2026-08-10 13:00:00,13,0,0,0,50,100,1.0,50,0.9925,0
Unnamed Parking,-1.2944773,36.8101427,2026-08-10 13:00:00,13,0,0,0,50,100,1.0,36,0.7175,1
Parking B,-1.2806414,36.8128716,2026-08-10 13:00:00,13,0,0,0,50,100,1.0,40,0.808,1
MAIN PACKING,-1.2803274,36.8127162,2026-08-10 13:00:00,13,0,0,0,50,100,1.0,40,0.7912,1
YMCA STAFF PARKING,-1.2805756,36.8129968,2026-08-10 13:00:00,13,0,0,0,50,100,1.0,45,0.9077,1
Unnamed Parking,-1.2896057,36.8150615,2026-08-10 14:00:00,14,0,0,0,50,100,1.0,38,0.766,1
Unnamed Parking,-1.2909796,36.8282672,2026-08-10 14:00:00,14,0,0,0,50,100,1.0,46,0.9106,1
Unnamed Parking,-1.2856445,36.8132893,2026-08-10 14:00:00,14,0,0,0,50,100,1.0,48,0.9596,0
Unnamed Parking,-1.2597359,36.8182597,2026-08-10 14:00:00,14,0,0,0,50,100,1.0,45,0.9056,1
Unnamed Parking,-1.2641049,36.8117123,2026-08-10 14:00:00,14,0,0,0,50,100,1.0,44,0.8727,1
InterContinental Hotel Car Park,-1.2873717,36.8192911,2026-08-10 14:00:00,14,0,0,0,50,300,1.15,39,0.771,1
Unnamed Parking,-1.25013,36.8202579,2026-08-10 14:00:00,14,0,0,0,50,100,1.16,39,0.7823,1
Olympic Bus Terminus,-1.3126351,36.7778212,2026-08-10 14:00:00,14,0,0,0,50,100,1.0,47,0.95,1
Ayany Car Park,-1.3090339,36.7757579,2026-08-10 14:00:00,14,0,0,0,50,200,1.0,46,0.9123,1
Westgate Mall Car Park,-1.2566578,36.8035661,2026-08-10 14:00:00,14,0,0,0,50,50,1.0,42,0.8469,1
Student parking,-1.274479,36.805643,2026-08-10 14:00:00,14,0,0,0,50,100,1.0,41,0.8166,1
Kenton Rear Parking,-1.2809847,36.7869545,2026-08-10 14:00:00,14,0,0,0,50,100,1.0,34,0.6879,1
Unnamed Parking,-1.2553877,36.8667692,2026-08-10 14:00:00,14,0,0,0,50,100,1.0,38,0.7643,1
Unnamed Parking,-1.259848,36.8644681,2026-08-10 14:00:00,14,0,0,0,50,100,1.19,50,1.0,0
Travel House Parking,-1.2861727,36.8214386,2026-08-10 14:00:00,14,0,0,0,50,100,1.18,37,0.7476,1
Lenana Parking Lot Area,-1.2900918,36.800209,2026-08-10 14:00:00,14,0,0,0,50,100,1.0,43,0.8652,1
Unnamed Parking,-1.2944773,36.8101427,2026-08-10 14:00:00,14,0,0,0,50,100,1.0,47,0.9306,1
Parking B,-1.2806414,36.8128716,2026-08-10 14:00:00,14,0,0,0,50,100,1.0,37,0.7496,1
MAIN PACKING,-1.2803274,36.8127162,2026-08-10 14:00:00,14,0,0,0,50,100,1.0,43,0.8648,1
YMCA STAFF PARKING,-1.2805756,36.8129968,2026-08-10 14:00:00,14,0,0,0,50,100,1.0,46,0.925,1
Unnamed Parking,-1.2896057,36.8150615,2026-08-10 15:00:00,15,0,0,0,50,100,1.0,43,0.851,1
Unnamed Parking,-1.2909796,36.8282672,2026-08-10 15:00:00,15,0,0,0,50,100,1.0,50,1.0,0
Unnamed Parking,-1.2856445,36.8132893,2026-08-10 15:00:00,15,0,0,0,50,100,1.0,36,0.7165,1
Unnamed Parking,-1.2597359,36.8182597,2026-08-10 15:00:00,15,0,0,0,50,100,1.0,47,0.9347,1
Unnamed Parking,-1.2641049,36.8117123,2026-08-10 15:00:00,15,0,0,0,50,100,1.0,42,0.8362,1
InterContinental Hotel Car Park,-1.2873717,36.8192911,2026-08-10 15:00:00,15,0,0,0,50,300,1.15,46,0.9118,1
Unnamed Parking,-1.25013,36.8202579,2026-08-10 15:00:00,15,0,0,0,50,100,1.16,44,0.8853,1
Olympic Bus Terminus,-1.3126351,36.7778212,2026-08-10 15:00:00,15,0,0,0,50,100,1.0,40,0.7913,1
Ayany Car Park,-1.3090339,36.7757579,2026-08-10 15:00:00,15,0,0,0,50,200,1.0,43,0.8683,1
Westgate Mall Car Park,-1.2566578,36.8035661,2026-08-10 15:00:00,15,0,0,0,50,50,1.0,35,0.7014,1
Student parking,-1.274479,36.805643,2026-08-10 15:00:00,15,0,0,0,50,100,1.0,45,0.8983,1
Kenton Rear Parking,-1.2809847,36.7869545,2026-08-10 15:00:00,15,0,0,0,50,100,1.0,44,0.8739,1
Unnamed Parking,-1.2553877,36.8667692,2026-08-10 15:00:00,15,0,0,0,50,100,1.0,45,0.9011,1
Unnamed Parking,-1.259848,36.8644681,2026-08-10 15:00:00,15,0,0,0,50,100,1.19,47,0.9346,1
Travel House Parking,-1.2861727,36.8214386,2026-08-10 15:00:00,15,0,0,0,50,100,1.18,44,0.8794,1
Lenana Parking Lot Area,-1.2900918,36.800209,2026-08-10 15:00:00,15,0,0,0,50,100,1.0,43,0.8618,1
Unnamed Parking,-1.2944773,36.8101427,2026-08-10 15:00:00,15,0,0,0,50,100,1.0,39,0.7795,1
Parking B,-1.2806414,36.8128716,2026-08-10 15:00:00,15,0,0,0,50,100,1.0,40,0.793,1
MAIN PACKING,-1.2803274,36.8127162,2026-08-10 15:00:00,15,0,0,0,50,100,1.0,47,0.9449,1
YMCA STAFF PARKING,-1.2805756,36.8129968,2026-08-10 15:00:00,15,0,0,0,50,100,1.0,48,0.9649,0
Unnamed Parking,-1.2896057,36.8150615,2026-08-10 16:00:00,16,0,0,0,50,100,1.0,42,0.831,1
Unnamed Parking,-1.2909796,36.8282672,2026-08-10 16:00:00,16,0,0,0,50,100,1.0,43,0.8537,1
Unnamed Parking,-1.2856445,36.8132893,2026-08-10 16:00:00,16,0,0,0,50,100,1.0,39,0.7776,1
Unnamed Parking,-1.2597359,36.8182597,2026-08-10 16:00:00,16,0,0,0,50,100,1.0,47,0.9438,1
Unnamed Parking,-1.2641049,36.8117123,2026-08-10 16:00:00,16,0,0,0,50,100,1.0,45,0.9032,1
InterContinental Hotel Car Park,-1.2873717,36.8192911,2026-08-10 16:00:00,16,0,0,0,50,300,1.15,50,1.0,0
Unnamed Parking,-1.25013,36.8202579,2026-08-10 16:00:00,16,0,0,0,50,100,1.16,39,0.7797,1
Olympic Bus Terminus,-1.3126351,36.7778212,2026-08-10 16:00:00,16,0,0,0,50,100,1.0,41,0.8198,1
Ayany Car Park,-1.3090339,36.7757579,2026-08-10 16:00:00,16,0,0,0,50,200,1.0,43,0.8685,1
Westgate Mall Car Park,-1.2566578,36.8035661,2026-08-10 16:00:00,16,0,0,0,50,50,1.0,45,0.9017,1
Student parking,-1.274479,36.805643,2026-08-10 16:00:00,16,0,0,0,50,100,1.0,42,0.8327,1
Kenton Rear Parking,-1.2809847,36.7869545,2026-08-10 16:00:00,16,0,0,0,50,100,1.0,39,0.7802,1
Unnamed Parking,-1.2553877,36.8667692,2026-08-10 16:00:00,16,0,0,0,50,100,1.0,46,0.9205,1
Unnamed Parking,-1.259848,36.8644681,2026-08-10 16:00:00,16,0,0,0,50,100,1.19,45,0.9077,1
Travel House Parking,-1.2861727,36.8214386,2026-08-10 16:00:00,16,0,0,0,50,100,1.18,39,0.7767,1
Lenana Parking Lot Area,-1.2900918,36.800209,2026-08-10 16:00:00,16,0,0,0,50,100,1.0,48,0.9584,0
Unnamed Parking,-1.2944773,36.8101427,2026-08-10 16:00:00,16,0,0,0,50,100,1.0,47,0.9436,1
Parking B,-1.2806414,36.8128716,2026-08-10 16:00:00,16,0,0,0,50,100,1.0,43,0.8607,1
MAIN PACKING,-1.2803274,36.8127162,2026-08-10 16:00:00,16,0,0,0,50,100,1.0,43,0.8564,1
YMCA STAFF PARKING,-1.2805756,36.8129968,2026-08-10 16:00:00,16,0,0,0,50,100,1.0,45,0.8943,1
Unnamed Parking,-1.2896057,36.8150615,2026-08-10 17:00:00,17,0,0,0,50,100,1.0,32,0.6311,1
Unnamed Parking,-1.2909796,36.8282672,2026-08-10 17:00:00,17,0,0,0,50,100,1.0,35,0.7024,1
Unnamed Parking,-1.2856445,36.8132893,2026-08-10 17:00:00,17,0,0,0,50,100,1.0,26,0.5278,1
Unnamed Parking,-1.2597359,36.8182597,2026-08-10 17:00:00,17,0,0,0,50,100,1.0,39,0.7701,1
Unnamed Parking,-1.2641049,36.8117123,2026-08-10 17:00:00,17,0,0,0,50,100,1.0,29,0.5751,1
InterContinental Hotel Car Park,-1.2873717,36.8192911,2026-08-10 17:00:00,17,0,0,0,50,300,1.15,41,0.8203,1
Unnamed Parking,-1.25013,36.8202579,2026-08-10 17:00:00,17,0,0,0,50,100,1.16,34,0.6736,1
Olympic Bus Terminus,-1.3126351,36.7778212,2026-08-10 17:00:00,17,0,0,0,50,100,1.0,34,0.6831,1
Ayany Car Park,-1.3090339,36.7757579,2026-08-10 17:00:00,17,0,0,0,50,200,1.0,32,0.6498,1
Westgate Mall Car Park,-1.2566578,36.8035661,2026-08-10 17:00:00,17,0,0,0,50,50,1.0,34,0.677,1
Student parking,-1.274479,36.805643,2026-08-10 17:00:00,17,0,0,0,50,100,1.0,41,0.8135,1
Kenton Rear Parking,-1.2809847,36.7869545,2026-08-10 17:00:00,17,0,0,0,50,100,1.0,25,0.501,1
Unnamed Parking,-1.2553877,36.8667692,2026-08-10 17:00:00,17,0,0,0,50,100,1.0,40,0.8022,1
Unnamed Parking,-1.259848,36.8644681,2026-08-10 17:00:00,17,0,0,0,50,100,1.19,36,0.727,1
Travel House Parking,-1.2861727,36.8214386,2026-08-10 17:00:00,17,0,0,0,50,100,1.18,30,0.6034,1
Lenana Parking Lot Area,-1.2900918,36.800209,2026-08-10 17:00:00,17,0,0,0,50,100,1.0,31,0.614,1
Unnamed Parking,-1.2944773,36.8101427,2026-08-10 17:00:00,17,0,0,0,50,100,1.0,42,0.8341,1
Parking B,-1.2806414,36.8128716,2026-08-10 17:00:00,17,0,0,0,50,100,1.0,31,0.6244,1
MAIN PACKING,-1.2803274,36.8127162,2026-08-10 17:00:00,17,0,0,0,50,100,1.0,30,0.6077,1
YMCA STAFF PARKING,-1.2805756,36.8129968,2026-08-10 17:00:00,17,0,0,0,50,100,1.0,40,0.791,1
Unnamed Parking,-1.2896057,36.8150615,2026-08-10 18:00:00,18,0,0,0,50,100,1.0,36,0.7271,1
Unnamed Parking,-1.2909796,36.8282672,2026-08-10 18:00:00,18,0,0,0,50,100,1.0,31,0.625,1
Unnamed Parking,-1.2856445,36.8132893,2026-08-10 18:00:00,18,0,0,0,50,100,1.0,36,0.7173,1
Unnamed Parking,-1.2597359,36.8182597,2026-08-10 18:00:00,18,0,0,0,50,100,1.0,31,0.6179,1
Unnamed Parking,-1.2641049,36.8117123,2026-08-10 18:00:00,18,0,0,0,50,100,1.0,39,0.7881,1
InterContinental Hotel Car Park,-1.2873717,36.8192911,2026-08-10 18:00:00,18,0,0,0,50,300,1.15,39,0.7849,1
Unnamed Parking,-1.25013,36.8202579,2026-08-10 18:00:00,18,0,0,0,50,100,1.16,37,0.7426,1
Olympic Bus Terminus,-1.3126351,36.7778212,2026-08-10 18:00:00,18,0,0,0,50,100,1.0,36,0.7289,1
Ayany Car Park,-1.3090339,36.7757579,2026-08-10 18:00:00,18,0,0,0,50,200,1.0,42,0.8409,1
Westgate Mall Car Park,-1.2566578,36.8035661,2026-08-10 18:00:00,18,0,0,0,50,50,1.0,35,0.7,1
Student parking,-1.274479,36.805643,2026-08-10 18:00:00,18,0,0,0,50,100,1.0,30,0.6055,1
Kenton Rear Parking,-1.2809847,36.7869545,2026-08-10 18:00:00,18,0,0,0,50,100,1.0,37,0.736,1
Unnamed Parking,-1.2553877,36.8667692,2026-08-10 18:00:00,18,0,0,0,50,100,1.0,43,0.8669,1
Unnamed Parking,-1.259848,36.8644681,2026-08-10 18:00:00,18,0,0,0,50,100,1.19,31,0.6188,1
Travel House Parking,-1.2861727,36.8214386,2026-08-10 18:00:00,18,0,0,0,50,100,1.18,34,0.6711,1
Lenana Parking Lot Area,-1.2900918,36.800209,2026-08-10 18:00:00,18,0,0,0,50,100,1.0,37,0.7333,1
Unnamed Parking,-1.2944773,36.8101427,2026-08-10 18:00:00,18,0,0,0,50,100,1.0,35,0.6957,1
Parking B,-1.2806414,36.8128716,2026-08-10 18:00:00,18,0,0,0,50,100,1.0,31,0.6214,1
MAIN PACKING,-1.2803274,36.8127162,2026-08-10 18:00:00,18,0,0,0,50,100,1.0,39,0.7897,1
YMCA STAFF PARKING,-1.2805756,36.8129968,2026-08-10 18:00:00,18,0,0,0,50,100,1.0,44,0.8856,1
Unnamed Parking,-1.2896057,36.8150615,2026-08-10 19:00:00,19,0,0,0,50,100,1.0,21,0.4157,1
Unnamed Parking,-1.2909796,36.8282672,2026-08-10 19:00:00,19,0,0,0,50,100,1.0,16,0.3277,1
Unnamed Parking,-1.2856445,36.8132893,2026-08-10 19:00:00,19,0,0,0,50,100,1.0,14,0.2761,1
Unnamed Parking,-1.2597359,36.8182597,2026-08-10 19:00:00,19,0,0,0,50,100,1.0,21,0.4206,1
Unnamed Parking,-1.2641049,36.8117123,2026-08-10 19:00:00,19,0,0,0,50,100,1.0,24,0.4883,1
InterContinental Hotel Car Park,-1.2873717,36.8192911,2026-08-10 19:00:00,19,0,0,0,50,300,1.15,22,0.438,1
Unnamed Parking,-1.25013,36.8202579,2026-08-10 19:00:00,19,0,0,0,50,100,1.16,20,0.3998,1
Olympic Bus Terminus,-1.3126351,36.7778212,2026-08-10 19:00:00,19,0,0,0,50,100,1.0,18,0.3529,1
Ayany Car Park,-1.3090339,36.7757579,2026-08-10 19:00:00,19,0,0,0,50,200,1.0,16,0.3126,1
Westgate Mall Car Park,-1.2566578,36.8035661,2026-08-10 19:00:00,19,0,0,0,50,50,1.0,23,0.4668,1
Student parking,-1.274479,36.805643,2026-08-10 19:00:00,19,0,0,0,50,100,1.0,24,0.4731,1
Kenton Rear Parking,-1.2809847,36.7869545,2026-08-10 19:00:00,19,0,0,0,50,100,1.0,14,0.2763,1
Unnamed Parking,-1.2553877,36.8667692,2026-08-10 19:00:00,19,0,0,0,50,100,1.0,26,0.5272,1
Unnamed Parking,-1.259848,36.8644681,2026-08-10 19:00:00,19,0,0,0,50,100,1.19,22,0.4459,1
Travel House Parking,-1.2861727,36.8214386,2026-08-10 19:00:00,19,0,0,0,50,100,1.18,26,0.512,1
Lenana Parking Lot Area,-1.2900918,36.800209,2026-08-10 19:00:00,19,0,0,0,50,100,1.0,15,0.2926,1
Unnamed Parking,-1.2944773,36.8101427,2026-08-10 19:00:00,19,0,0,0,50,100,1.0,15,0.2907,1
Parking B,-1.2806414,36.8128716,2026-08-10 19:00:00,19,0,0,0,50,100,1.0,19,0.3881,1
MAIN PACKING,-1.2803274,36.8127162,2026-08-10 19:00:00,19,0,0,0,50,100,1.0,22,0.4402,1
YMCA STAFF PARKING,-1.2805756,36.8129968,2026-08-10 19:00:00,19,0,0,0,50,100,1.0,27,0.5437,1
Unnamed Parking,-1.2896057,36.8150615,2026-08-10 20:00:00,20,0,0,0,50,100,1.0,23,0.4565,1
Unnamed Parking,-1.2909796,36.8282672,2026-08-10 20:00:00,20,0,0,0,50,100,1.0,19,0.3806,1
Unnamed Parking,-1.2856445,36.8132893,2026-08-10 20:00:00,20,0,0,0,50,100,1.0,16,0.3179,1
Unnamed Parking,-1.2597359,36.8182597,2026-08-10 20:00:00,20,0,0,0,50,100,1.0,25,0.4984,1
Unnamed Parking,-1.2641049,36.8117123,2026-08-10 20:00:00,20,0,0,0,50,100,1.0,16,0.3228,1
InterContinental Hotel Car Park,-1.2873717,36.8192911,2026-08-10 20:00:00,20,0,0,0,50,300,1.15,27,0.5303,1
Unnamed Parking,-1.25013,36.8202579,2026-08-10 20:00:00,20,0,0,0,50,100,1.16,19,0.3772,1
Olympic Bus Terminus,-1.3126351,36.7778212,2026-08-10 20:00:00,20,0,0,0,50,100,1.0,26,0.5272,1
Ayany Car Park,-1.3090339,36.7757579,2026-08-10 20:00:00,20,0,0,0,50,200,1.0,23,0.4543,1
Westgate Mall Car Park,-1.2566578,36.8035661,2026-08-10 20:00:00,20,0,0,0,50,50,1.0,19,0.389,1
Student parking,-1.274479,36.805643,2026-08-10 20:00:00,20,0,0,0,50,100,1.0,18,0.3584,1
Kenton Rear Parking,-1.2809847,36.7869545,2026-08-10 20:00:00,20,0,0,0,50,100,1.0,19,0.3727,1
Unnamed Parking,-1.2553877,36.8667692,2026-08-10 20:00:00,20,0,0,0,50,100,1.0,22,0.4343,1
Unnamed Parking,-1.259848,36.8644681,2026-08-10 20:00:00,20,0,0,0,50,100,1.19,20,0.4062,1
Travel House Parking,-1.2861727,36.8214386,2026-08-10 20:00:00,20,0,0,0,50,100,1.18,18,0.3525,1
Lenana Parking Lot Area,-1.2900918,36.800209,2026-08-10 20:00:00,20,0,0,0,50,100,1.0,19,0.3867,1
Unnamed Parking,-1.2944773,36.8101427,2026-08-10 20:00:00,20,0,0,0,50,100,1.0,20,0.4063,1
Parking B,-1.2806414,36.8128716,2026-08-10 20:00:00,20,0,0,0,50,100,1.0,11,0.2297,1
MAIN PACKING,-1.2803274,36.8127162,2026-08-10 20:00:00,20,0,0,0,50,100,1.0,22,0.4367,1
YMCA STAFF PARKING,-1.2805756,36.8129968,2026-08-10 20:00:00,20,0,0,0,50,100,1.0,16,0.3216,1
Unnamed Parking,-1.2896057,36.8150615,2026-08-10 21:00:00,21,0,0,0,50,100,1.0,15,0.3077,1
Unnamed Parking,-1.2909796,36.8282672,2026-08-10 21:00:00,21,0,0,0,50,100,1.0,13,0.265,1
Unnamed Parking,-1.2856445,36.8132893,2026-08-10 21:00:00,21,0,0,0,50,100,1.0,13,0.2565,1
Unnamed Parking,-1.2597359,36.8182597,2026-08-10 21:00:00,21,0,0,0,50,100,1.0,15,0.2916,1
Unnamed Parking,-1.2641049,36.8117123,2026-08-10 21:00:00,21,0,0,0,50,100,1.0,17,0.3433,1
InterContinental Hotel Car Park,-1.2873717,36.8192911,2026-08-10 21:00:00,21,0,0,0,50,300,1.15,28,0.5563,1
Unnamed Parking,-1.25013,36.8202579,2026-08-10 21:00:00,21,0,0,0,50,100,1.16,18,0.3579,1
Olympic Bus Terminus,-1.3126351,36.7778212,2026-08-10 21:00:00,21,0,0,0,50,100,1.0,21,0.4142,1
Ayany Car Park,-1.3090339,36.7757579,2026-08-10 21:00:00,21,0,0,0,50,200,1.0,22,0.432,1
Westgate Mall Car Park,-1.2566578,36.8035661,2026-08-10 21:00:00,21,0,0,0,50,50,1.0,21,0.4105,1
Student parking,-1.274479,36.805643,2026-08-10 21:00:00,21,0,0,0,50,100,1.0,20,0.3938,1
Kenton Rear Parking,-1.2809847,36.7869545,2026-08-10 21:00:00,21,0,0,0,50,100,1.0,15,0.3044,1
Unnamed Parking,-1.2553877,36.8667692,2026-08-10 21:00:00,21,0,0,0,50,100,1.0,26,0.5161,1
Unnamed Parking,-1.259848,36.8644681,2026-08-10 21:00:00,21,0,0,0,50,100,1.19,27,0.5446,1
Travel House Parking,-1.2861727,36.8214386,2026-08-10 21:00:00,21,0,0,0,50,100,1.18,13,0.2654,1
Lenana Parking Lot Area,-1.2900918,36.800209,2026-08-10 21:00:00,21,0,0,0,50,100,1.0,16,0.3181,1
Unnamed Parking,-1.2944773,36.8101427,2026-08-10 21:00:00,21,0,0,0,50,100,1.0,19,0.3776,1
Parking B,-1.2806414,36.8128716,2026-08-10 21:00:00,21,0,0,0,50,100,1.0,16,0.3228,1
MAIN PACKING,-1.2803274,36.8127162,2026-08-10 21:00:00,21,0,0,0,50,100,1.0,22,0.4405,1
YMCA STAFF PARKING,-1.2805756,36.8129968,2026-08-10 21:00:00,21,0,0,0,50,100,1.0,17,0.3417,1
Unnamed Parking,-1.2896057,36.8150615,2026-08-10 22:00:00,22,0,0,0,50,100,1.0,29,0.5732,1
Unnamed Parking,-1.2909796,36.8282672,2026-08-10 22:00:00,22,0,0,0,50,100,1.0,25,0.4952,1
Unnamed Parking,-1.2856445,36.8132893,2026-08-10 22:00:00,22,0,0,0,50,100,1.0,21,0.417,1
Unnamed Parking,-1.2597359,36.8182597,2026-08-10 22:00:00,22,0,0,0,50,100,1.0,24,0.4822,1
Unnamed Parking,-1.2641049,36.8117123,2026-08-10 22:00:00,22,0,0,0,50,100,1.0,24,0.4885,1
InterContinental Hotel Car Park,-1.2873717,36.8192911,2026-08-10 22:00:00,22,0,0,0,50,300,1.15,18,0.3549,1
Unnamed Parking,-1.25013,36.8202579,2026-08-10 22:00:00,22,0,0,0,50,100,1.16,17,0.3347,1
Olympic Bus Terminus,-1.3126351,36.7778212,2026-08-10 22:00:00,22,0,0,0,50,100,1.0,20,0.4063,1
Ayany Car Park,-1.3090339,36.7757579,2026-08-10 22:00:00,22,0,0,0,50,200,1.0,23,0.4689,1
Westgate Mall Car Park,-1.2566578,36.8035661,2026-08-10 22:00:00,22,0,0,0,50,50,1.0,21,0.4111,1
Student parking,-1.274479,36.805643,2026-08-10 22:00:00,22,0,0,0,50,100,1.0,14,0.2738,1
Kenton Rear Parking,-1.2809847,36.7869545,2026-08-10 22:00:00,22,0,0,0,50,100,1.0,17,0.3358,1
Unnamed Parking,-1.2553877,36.8667692,2026-08-10 22:00:00,22,0,0,0,50,100,1.0,20,0.3941,1
Unnamed Parking,-1.259848,36.8644681,2026-08-10 22:00:00,22,0,0,0,50,100,1.19,20,0.3939,1
Travel House Parking,-1.2861727,36.8214386,2026-08-10 22:00:00,22,0,0,0,50,100,1.18,28,0.5578,1
Lenana Parking Lot Area,-1.2900918,36.800209,2026-08-10 22:00:00,22,0,0,0,50,100,1.0,14,0.2891,1
Unnamed Parking,-1.2944773,36.8101427,2026-08-10 22:00:00,22,0,0,0,50,100,1.0,22,0.4404,1
Parking B,-1.2806414,36.8128716,2026-08-10 22:00:00,22,0,0,0,50,100,1.0,26,0.5191,1
MAIN PACKING,-1.2803274,36.8127162,2026-08-10 22:00:00,22,0,0,0,50,100,1.0,29,0.5817,1
YMCA STAFF PARKING,-1.2805756,36.8129968,2026-08-10 22:00:00,22,0,0,0,50,100,1.0,18,0.3676,1
Unnamed Parking,-1.2896057,36.8150615,2026-08-11 06:00:00,6,1,0,0,50,100,1.0,22,0.4393,1
Unnamed Parking,-1.2909796,36.8282672,2026-08-11 06:00:00,6,1,0,0,50,100,1.0,22,0.4456,1
Unnamed Parking,-1.2856445,36.8132893,2026-08-11 06:00:00,6,1,0,0,50,100,1.0,21,0.4156,1
Unnamed Parking,-1.2597359,36.8182597,2026-08-11 06:00:00,6,1,0,0,50,100,1.0,20,0.3921,1
Unnamed Parking,-1.2641049,36.8117123,2026-08-11 06:00:00,6,1,0,0,50,100,1.0,22,0.4349,1
InterContinental Hotel Car Park,-1.2873717,36.8192911,2026-08-11 06:00:00,6,1,0,0,50,300,1.15,10,0.1974,1
Unnamed Parking,-1.25013,36.8202579,2026-08-11 06:00:00,6,1,0,0,50,100,1.16,23,0.4546,1
Olympic Bus Terminus,-1.3126351,36.7778212,2026-08-11 06:00:00,6,1,0,0,50,100,1.0,21,0.4101,1
Ayany Car Park,-1.3090339,36.7757579,2026-08-11 06:00:00,6,1,0,0,50,200,1.0,19,0.3822,1
Westgate Mall Car Park,-1.2566578,36.8035661,2026-08-11 06:00:00,6,1,0,0,50,50,1.0,28,0.5637,1
Student parking,-1.274479,36.805643,2026-08-11 06:00:00,6,1,0,0,50,100,1.0,17,0.346,1
Kenton Rear Parking,-1.2809847,36.7869545,2026-08-11 06:00:00,6,1,0,0,50,100,1.0,18,0.3678,1
Unnamed Parking,-1.2553877,36.8667692,2026-08-11 06:00:00,6,1,0,0,50,100,1.0,28,0.5593,1
Unnamed Parking,-1.259848,36.8644681,2026-08-11 06:00:00,6,1,0,0,50,100,1.19,17,0.3334,1
Travel House Parking,-1.2861727,36.8214386,2026-08-11 06:00:00,6,1,0,0,50,100,1.18,18,0.356,1
Lenana Parking Lot Area,-1.2900918,36.800209,2026-08-11 06:00:00,6,1,0,0,50,100,1.0,19,0.3882,1
Unnamed Parking,-1.2944773,36.8101427,2026-08-11 06:00:00,6,1,0,0,50,100,1.0,23,0.4673,1
Parking B,-1.2806414,36.8128716,2026-08-11 06:00:00,6,1,0,0,50,100,1.0,21,0.4166,1
MAIN PACKING,-1.2803274,36.8127162,2026-08-11 06:00:00,6,1,0,0,50,100,1.0,15,0.2966,1
YMCA STAFF PARKING,-1.2805756,36.8129968,2026-08-11 06:00:00,6,1,0,0,50,100,1.0,18,0.3574,1
Unnamed Parking,-1.2896057,36.8150615,2026-08-11 07:00:00,7,1,0,0,50,100,1.0,18,0.3514,1
Unnamed Parking,-1.2909796,36.8282672,2026-08-11 07:00:00,7,1,0,0,50,100,1.0,20,0.3938,1
Unnamed Parking,-1.2856445,36.8132893,2026-08-11 07:00:00,7,1,0,0,50,100,1.0,22,0.4341,1
Unnamed Parking,-1.2597359,36.8182597,2026-08-11 07:00:00,7,1,0,0,50,100,1.0,22,0.4335,1
Unnamed Parking,-1.2641049,36.8117123,2026-08-11 07:00:00,7,1,0,0,50,100,1.0,13,0.2579,1
InterContinental Hotel Car Park,-1.2873717,36.8192911,2026-08-11 07:00:00,7,1,0,0,50,300,1.15,24,0.4851,1
Unnamed Parking,-1.25013,36.8202579,2026-08-11 07:00:00,7,1,0,0,50,100,1.16,21,0.4202,1
Olympic Bus Terminus,-1.3126351,36.7778212,2026-08-11 07:00:00,7,1,0,0,50,100,1.0,26,0.5108,1
Ayany Car Park,-1.3090339,36.7757579,2026-08-11 07:00:00,7,1,0,0,50,200,1.0,22,0.4355,1
Westgate Mall Car Park,-1.2566578,36.8035661,2026-08-11 07:00:00,7,1,0,0,50,50,1.0,24,0.4881,1
Student parking,-1.274479,36.805643,2026-08-11 07:00:00,7,1,0,0,50,100,1.0,22,0.4373,1
Kenton Rear Parking,-1.2809847,36.7869545,2026-08-11 07:00:00,7,1,0,0,50,100,1.0,25,0.5077,1
Unnamed Parking,-1.2553877,36.8667692,2026-08-11 07:00:00,7,1,0,0,50,100,1.0,22,0.4418,1
Unnamed Parking,-1.259848,36.8644681,2026-08-11 07:00:00,7,1,0,0,50,100,1.19,20,0.3922,1
Travel House Parking,-1.2861727,36.8214386,2026-08-11 07:00:00,7,1,0,0,50,100,1.18,29,0.5818,1
Lenana Parking Lot Area,-1.2900918,36.800209,2026-08-11 07:00:00,7,1,0,0,50,100,1.0,24,0.4711,1
Unnamed Parking,-1.2944773,36.8101427,2026-08-11 07:00:00,7,1,0,0,50,100,1.0,22,0.4459,1
Parking B,-1.2806414,36.8128716,2026-08-11 07:00:00,7,1,0,0,50,100,1.0,15,0.2979,1
MAIN PACKING,-1.2803274,36.8127162,2026-08-11 07:00:00,7,1,0,0,50,100,1.0,15,0.2969,1
YMCA STAFF PARKING,-1.2805756,36.8129968,2026-08-11 07:00:00,7,1,0,0,50,100,1.0,21,0.4234,1
Unnamed Parking,-1.2896057,36.8150615,2026-08-11 08:00:00,8,1,0,0,50,100,1.0,43,0.8616,1
Unnamed Parking,-1.2909796,36.8282672,2026-08-11 08:00:00,8,1,0,0,50,100,1.0,40,0.8009,1
Unnamed Parking,-1.2856445,36.8132893,2026-08-11 08:00:00,8,1,0,0,50,100,1.0,43,0.8613,1
Unnamed Parking,-1.2597359,36.8182597,2026-08-11 08:00:00,8,1,0,0,50,100,1.0,49,0.9771,0
Unnamed Parking,-1.2641049,36.8117123,2026-08-11 08:00:00,8,1,0,0,50,100,1.0,45,0.9056,1
InterContinental Hotel Car Park,-1.2873717,36.8192911,2026-08-11 08:00:00,8,1,0,0,50,300,1.15,38,0.7587,1
Unnamed Parking,-1.25013,36.8202579,2026-08-11 08:00:00,8,1,0,0,50,100,1.16,42,0.8411,1
Olympic Bus Terminus,-1.3126351,36.7778212,2026-08-11 08:00:00,8,1,0,0,50,100,1.0,39,0.7856,1
Ayany Car Park,-1.3090339,36.7757579,2026-08-11 08:00:00,8,1,0,0,50,200,1.0,41,0.819,1
Westgate Mall Car Park,-1.2566578,36.8035661,2026-08-11 08:00:00,8,1,0,0,50,50,1.0,41,0.8169,1
Student parking,-1.274479,36.805643,2026-08-11 08:00:00,8,1,0,0,50,100,1.0,41,0.8118,1
Kenton Rear Parking,-1.2809847,36.7869545,2026-08-11 08:00:00,8,1,0,0,50,100,1.0,37,0.7496,1
Unnamed Parking,-1.2553877,36.8667692,2026-08-11 08:00:00,8,1,0,0,50,100,1.0,42,0.8398,1
Unnamed Parking,-1.259848,36.8644681,2026-08-11 08:00:00,8,1,0,0,50,100,1.19,40,0.8052,1
Travel House Parking,-1.2861727,36.8214386,2026-08-11 08:00:00,8,1,0,0,50,100,1.18,31,0.6156,1
Lenana Parking Lot Area,-1.2900918,36.800209,2026-08-11 08:00:00,8,1,0,0,50,100,1.0,50,1.0,0
Unnamed Parking,-1.2944773,36.8101427,2026-08-11 08:00:00,8,1,0,0,50,100,1.0,47,0.9371,1
Parking B,-1.2806414,36.8128716,2026-08-11 08:00:00,8,1,0,0,50,100,1.0,41,0.8199,1
MAIN PACKING,-1.2803274,36.8127162,2026-08-11 08:00:00,8,1,0,0,50,100,1.0,43,0.8515,1
YMCA STAFF PARKING,-1.2805756,36.8129968,2026-08-11 08:00:00,8,1,0,0,50,100,1.0,38,0.7563,1
Unnamed Parking,-1.2896057,36.8150615,2026-08-11 09:00:00,9,1,0,0,50,100,1.0,49,0.9857,0
Unnamed Parking,-1.2909796,36.8282672,2026-08-11 09:00:00,9,1,0,0,50,100,1.0,50,1.0,0
Unnamed Parking,-1.2856445,36.8132893,2026-08-11 09:00:00,9,1,0,0,50,100,1.0,43,0.8625,1
Unnamed Parking,-1.2597359,36.8182597,2026-08-11 09:00:00,9,1,0,0,50,100,1.0,47,0.9319,1
Unnamed Parking,-1.2641049,36.8117123,2026-08-11 09:00:00,9,1,0,0,50,100,1.0,43,0.864,1
InterContinental Hotel Car Park,-1.2873717,36.8192911,2026-08-11 09:00:00,9,1,0,0,50,300,1.15,37,0.7431,1
Unnamed Parking,-1.25013,36.8202579,2026-08-11 09:00:00,9,1,0,0,50,100,1.16,41,0.8171,1
Olympic Bus Terminus,-1.3126351,36.7778212,2026-08-11 09:00:00,9,1,0,0,50,100,1.0,43,0.8606,1
Ayany Car Park,-1.3090339,36.7757579,2026-08-11 09:00:00,9,1,0,0,50,200,1.0,41,0.8136,1
Westgate Mall Car Park,-1.2566578,36.8035661,2026-08-11 09:00:00,9,1,0,0,50,50,1.0,42,0.8325,1
Student parking,-1.274479,36.805643,2026-08-11 09:00:00,9,1,0,0,50,100,1.0,42,0.8427,1
Kenton Rear Parking,-1.2809847,36.7869545,2026-08-11 09:00:00,9,1,0,0,50,100,1.0,42,0.8435,1
Unnamed Parking,-1.2553877,36.8667692,2026-08-11 09:00:00,9,1,0,0,50,100,1.0,43,0.8542,1
Unnamed Parking,-1.259848,36.8644681,2026-08-11 09:00:00,9,1,0,0,50,100,1.19,38,0.7652,1
Travel House Parking,-1.2861727,36.8214386,2026-08-11 09:00:00,9,1,0,0,50,100,1.18,40,0.7926,1
Lenana Parking Lot Area,-1.2900918,36.800209,2026-08-11 09:00:00,9,1,0,0,50,100,1.0,37,0.7472,1
Unnamed Parking,-1.2944773,36.8101427,2026-08-11 09:00:00,9,1,0,0,50,100,1.0,46,0.9282,1
Parking B,-1.2806414,36.8128716,2026-08-11 09:00:00,9,1,0,0,50,100,1.0,34,0.6815,1
MAIN PACKING,-1.2803274,36.8127162,2026-08-11 09:00:00,9,1,0,0,50,100,1.0,47,0.9423,1
YMCA STAFF PARKING,-1.2805756,36.8129968,2026-08-11 09:00:00,9,1,0,0,50,100,1.0,48,0.9609,0
Unnamed Parking,-1.2896057,36.8150615,2026-08-11 10:00:00,10,1,0,0,50,100,1.0,41,0.8258,1
Unnamed Parking,-1.2909796,36.8282672,2026-08-11 10:00:00,10,1,0,0,50,100,1.0,32,0.6417,1
Unnamed Parking,-1.2856445,36.8132893,2026-08-11 10:00:00,10,1,0,0,50,100,1.0,41,0.8211,1
Unnamed Parking,-1.2597359,36.8182597,2026-08-11 10:00:00,10,1,0,0,50,100,1.0,42,0.8449,1
Unnamed Parking,-1.2641049,36.8117123,2026-08-11 10:00:00,10,1,0,0,50,100,1.0,38,0.7692,1
InterContinental Hotel Car Park,-1.2873717,36.8192911,2026-08-11 10:00:00,10,1,0,0,50,300,1.15,40,0.8088,1
Unnamed Parking,-1.25013,36.8202579,2026-08-11 10:00:00,10,1,0,0,50,100,1.16,49,0.9724,0
Olympic Bus Terminus,-1.3126351,36.7778212,2026-08-11 10:00:00,10,1,0,0,50,100,1.0,45,0.9032,1
Ayany Car Park,-1.3090339,36.7757579,2026-08-11 10:00:00,10,1,0,0,50,200,1.0,39,0.776,1
Westgate Mall Car Park,-1.2566578,36.8035661,2026-08-11 10:00:00,10,1,0,0,50,50,1.0,36,0.7222,1
Student parking,-1.274479,36.805643,2026-08-11 10:00:00,10,1,0,0,50,100,1.0,41,0.8238,1
Kenton Rear Parking,-1.2809847,36.7869545,2026-08-11 10:00:00,10,1,0,0,50,100,1.0,42,0.8329,1
Unnamed Parking,-1.2553877,36.8667692,2026-08-11 10:00:00,10,1,0,0,50,100,1.0,44,0.8897,1
Unnamed Parking,-1.259848,36.8644681,2026-08-11 10:00:00,10,1,0,0,50,100,1.19,40,0.8072,1
Travel House Parking,-1.2861727,36.8214386,2026-08-11 10:00:00,10,1,0,0,50,100,1.18,45,0.8909,1
Lenana Parking Lot Area,-1.2900918,36.800209,2026-08-11 10:00:00,10,1,0,0,50,100,1.0,50,1.0,0
Unnamed Parking,-1.2944773,36.8101427,2026-08-11 10:00:00,10,1,0,0,50,100,1.0,46,0.9152,1
Parking B,-1.2806414,36.8128716,2026-08-11 10:00:00,10,1,0,0,50,100,1.0,42,0.8462,1
MAIN PACKING,-1.2803274,36.8127162,2026-08-11 10:00:00,10,1,0,0,50,100,1.0,42,0.8353,1
YMCA STAFF PARKING,-1.2805756,36.8129968,2026-08-11 10:00:00,10,1,0,0,50,100,1.0,41,0.8215,1
Unnamed Parking,-1.2896057,36.8150615,2026-08-11 11:00:00,11,1,0,0,50,100,1.0,47,0.9445,1
Unnamed Parking,-1.2909796,36.8282672,2026-08-11 11:00:00,11,1,0,0,50,100,1.0,40,0.7998,1
Unnamed Parking,-1.2856445,36.8132893,2026-08-11 11:00:00,11,1,0,0,50,100,1.0,43,0.8536,1
Unnamed Parking,-1.2597359,36.8182597,2026-08-11 11:00:00,11,1,0,0,50,100,1.0,43,0.8541,1
Unnamed Parking,-1.2641049,36.8117123,2026-08-11 11:00:00,11,1,0,0,50,100,1.0,40,0.8099,1
InterContinental Hotel Car Park,-1.2873717,36.8192911,2026-08-11 11:00:00,11,1,0,0,50,300,1.15,37,0.7402,1
Unnamed Parking,-1.25013,36.8202579,2026-08-11 11:00:00,11,1,0,0,50,100,1.16,44,0.8758,1
Olympic Bus Terminus,-1.3126351,36.7778212,2026-08-11 11:00:00,11,1,0,0,50,100,1.0,42,0.8451,1
Ayany Car Park,-1.3090339,36.7757579,2026-08-11 11:00:00,11,1,0,0,50,200,1.0,45,0.89,1
Westgate Mall Car Park,-1.2566578,36.8035661,2026-08-11 11:00:00,11,1,0,0,50,50,1.0,40,0.8073,1
Student parking,-1.274479,36.805643,2026-08-11 11:00:00,11,1,0,0,50,100,1.0,47,0.9477,1
Kenton Rear Parking,-1.2809847,36.7869545,2026-08-11 11:00:00,11,1,0,0,50,100,1.0,39,0.7799,1
Unnamed Parking,-1.2553877,36.8667692,2026-08-11 11:00:00,11,1,0,0,50,100,1.0,49,0.987,0
Unnamed Parking,-1.259848,36.8644681,2026-08-11 11:00:00,11,1,0,0,50,100,1.19,36,0.7102,1
Travel House Parking,-1.2861727,36.8214386,2026-08-11 11:00:00,11,1,0,0,50,100,1.18,44,0.8848,1
Lenana Parking Lot Area,-1.2900918,36.800209,2026-08-11 11:00:00,11,1,0,0,50,100,1.0,44,0.888,1
Unnamed Parking,-1.2944773,36.8101427,2026-08-11 11:00:00,11,1,0,0,50,100,1.0,39,0.7864,1
Parking B,-1.2806414,36.8128716,2026-08-11 11:00:00,11,1,0,0,50,100,1.0,44,0.884,1
MAIN PACKING,-1.2803274,36.8127162,2026-08-11 11:00:00,11,1,0,0,50,100,1.0,48,0.9524,0
YMCA STAFF PARKING,-1.2805756,36.8129968,2026-08-11 11:00:00,11,1,0,0,50,100,1.0,34,0.6727,1
Unnamed Parking,-1.2896057,36.8150615,2026-08-11 12:00:00,12,1,0,0,50,100,1.0,37,0.7402,1
Unnamed Parking,-1.2909796,36.8282672,2026-08-11 12:00:00,12,1,0,0,50,100,1.0,25,0.5005,1
Unnamed Parking,-1.2856445,36.8132893,2026-08-11 12:00:00,12,1,0,0,50,100,1.0,31,0.6227,1
Unnamed Parking,-1.2597359,36.8182597,2026-08-11 12:00:00,12,1,0,0,50,100,1.0,42,0.8303,1
Unnamed Parking,-1.2641049,36.8117123,2026-08-11 12:00:00,12,1,0,0,50,100,1.0,33,0.6535,1
InterContinental Hotel Car Park,-1.2873717,36.8192911,2026-08-11 12:00:00,12,1,0,0,50,300,1.15,30,0.6061,1
Unnamed Parking,-1.25013,36.8202579,2026-08-11 12:00:00,12,1,0,0,50,100,1.16,34,0.6842,1
Olympic Bus Terminus,-1.3126351,36.7778212,2026-08-11 12:00:00,12,1,0,0,50,100,1.0,43,0.8654,1
Ayany Car Park,-1.3090339,36.7757579,2026-08-11 12:00:00,12,1,0,0,50,200,1.0,28,0.5535,1
Westgate Mall Car Park,-1.2566578,36.8035661,2026-08-11 12:00:00,12,1,0,0,50,50,1.0,31,0.6159,1
Student parking,-1.274479,36.805643,2026-08-11 12:00:00,12,1,0,0,50,100,1.0,41,0.8198,1
Kenton Rear Parking,-1.2809847,36.7869545,2026-08-11 12:00:00,12,1,0,0,50,100,1.0,42,0.8486,1
Unnamed Parking,-1.2553877,36.8667692,2026-08-11 12:00:00,12,1,0,0,50,100,1.0,35,0.6917,1
Unnamed Parking,-1.259848,36.8644681,2026-08-11 12:00:00,12,1,0,0,50,100,1.19,30,0.6009,1
Travel House Parking,-1.2861727,36.8214386,2026-08-11 12:00:00,12,1,0,0,50,100,1.18,43,0.8677,1
Lenana Parking Lot Area,-1.2900918,36.800209,2026-08-11 12:00:00,12,1,0,0,50,100,1.0,41,0.8276,1
Unnamed Parking,-1.2944773,36.8101427,2026-08-11 12:00:00,12,1,0,0,50,100,1.0,38,0.7543,1
Parking B,-1.2806414,36.8128716,2026-08-11 12:00:00,12,1,0,0,50,100,1.0,32,0.635,1
MAIN PACKING,-1.2803274,36.8127162,2026-08-11 12:00:00,12,1,0,0,50,100,1.0,35,0.6961,1
YMCA STAFF PARKING,-1.2805756,36.8129968,2026-08-11 12:00:00,12,1,0,0,50,100,1.0,34,0.6872,1
Unnamed Parking,-1.2896057,36.8150615,2026-08-11 13:00:00,13,1,0,0,50,100,1.0,44,0.8765,1
Unnamed Parking,-1.2909796,36.8282672,2026-08-11 13:00:00,13,1,0,0,50,100,1.0,48,0.9661,0
Unnamed Parking,-1.2856445,36.8132893,2026-08-11 13:00:00,13,1,0,0,50,100,1.0,46,0.9204,1
Unnamed Parking,-1.2597359,36.8182597,2026-08-11 13:00:00,13,1,0,0,50,100,1.0,38,0.7638,1
Unnamed Parking,-1.2641049,36.8117123,2026-08-11 13:00:00,13,1,0,0,50,100,1.0,48,0.9601,0
InterContinental Hotel Car Park,-1.2873717,36.8192911,2026-08-11 13:00:00,13,1,0,0,50,300,1.15,44,0.8751,1
Unnamed Parking,-1.25013,36.8202579,2026-08-11 13:00:00,13,1,0,0,50,100,1.16,45,0.905,1
Olympic Bus Terminus,-1.3126351,36.7778212,2026-08-11 13:00:00,13,1,0,0,50,100,1.0,48,0.9673,0
Ayany Car Park,-1.3090339,36.7757579,2026-08-11 13:00:00,13,1,0,0,50,200,1.0,38,0.7611,1
Westgate Mall Car Park,-1.2566578,36.8035661,2026-08-11 13:00:00,13,1,0,0,50,50,1.0,42,0.8471,1
Student parking,-1.274479,36.805643,2026-08-11 13:00:00,13,1,0,0,50,100,1.0,40,0.8075,1
Kenton Rear Parking,-1.2809847,36.7869545,2026-08-11 13:00:00,13,1,0,0,50,100,1.0,36,0.7246,1
Unnamed Parking,-1.2553877,36.8667692,2026-08-11 13:00:00,13,1,0,0,50,100,1.0,44,0.8777,1
Unnamed Parking,-1.259848,36.8644681,2026-08-11 13:00:00,13,1,0,0,50,100,1.19,50,1.0,0
Travel House Parking,-1.2861727,36.8214386,2026-08-11 13:00:00,13,1,0,0,50,100,1.18,35,0.7028,1
Lenana Parking Lot Area,-1.2900918,36.800209,2026-08-11 13:00:00,13,1,0,0,50,100,1.0,42,0.8474,1
Unnamed Parking,-1.2944773,36.8101427,2026-08-11 13:00:00,13,1,0,0,50,100,1.0,45,0.9012,1
Parking B,-1.2806414,36.8128716,2026-08-11 13:00:00,13,1,0,0,50,100,1.0,43,0.8598,1
MAIN PACKING,-1.2803274,36.8127162,2026-08-11 13:00:00,13,1,0,0,50,100,1.0,42,0.8409,1
YMCA STAFF PARKING,-1.2805756,36.8129968,2026-08-11 13:00:00,13,1,0,0,50,100,1.0,37,0.7461,1
Unnamed Parking,-1.2896057,36.8150615,2026-08-11 14:00:00,14,1,0,0,50,100,1.0,43,0.8686,1
Unnamed Parking,-1.2909796,36.8282672,2026-08-11 14:00:00,14,1,0,0,50,100,1.0,39,0.7895,1
Unnamed Parking,-1.2856445,36.8132893,2026-08-11 14:00:00,14,1,0,0,50,100,1.0,34,0.6748,1
Unnamed Parking,-1.2597359,36.8182597,2026-08-11 14:00:00,14,1,0,0,50,100,1.0,47,0.9456,1
Unnamed Parking,-1.2641049,36.8117123,2026-08-11 14:00:00,14,1,0,0,50,100,1.0,46,0.9267,1
InterContinental Hotel Car Park,-1.2873717,36.8192911,2026-08-11 14:00:00,14,1,0,0,50,300,1.15,43,0.8541,1
Unnamed Parking,-1.25013,36.8202579,2026-08-11 14:00:00,14,1,0,0,50,100,1.16,43,0.8683,1
Olympic Bus Terminus,-1.3126351,36.7778212,2026-08-11 14:00:00,14,1,0,0,50,100,1.0,47,0.9359,1
Ayany Car Park,-1.3090339,36.7757579,2026-08-11 14:00:00,14,1,0,0,50,200,1.0,43,0.8679,1
Westgate Mall Car Park,-1.2566578,36.8035661,2026-08-11 14:00:00,14,1,0,0,50,50,1.0,46,0.9223,1
Student parking,-1.274479,36.805643,2026-08-11 14:00:00,14,1,0,0,50,100,1.0,41,0.8262,1
Kenton Rear Parking,-1.2809847,36.7869545,2026-08-11 14:00:00,14,1,0,0,50,100,1.0,48,0.955,0
Unnamed Parking,-1.2553877,36.8667692,2026-08-11 14:00:00,14,1,0,0,50,100,1.0,44,0.8757,1
Unnamed Parking,-1.259848,36.8644681,2026-08-11 14:00:00,14,1,0,0,50,100,1.19,43,0.8655,1
Travel House Parking,-1.2861727,36.8214386,2026-08-11 14:00:00,14,1,0,0,50,100,1.18,37,0.7484,1
Lenana Parking Lot Area,-1.2900918,36.800209,2026-08-11 14:00:00,14,1,0,0,50,100,1.0,44,0.873,1
Unnamed Parking,-1.2944773,36.8101427,2026-08-11 14:00:00,14,1,0,0,50,100,1.0,39,0.7834,1
Parking B,-1.2806414,36.8128716,2026-08-11 14:00:00,14,1,0,0,50,100,1.0,40,0.7989,1
MAIN PACKING,-1.2803274,36.8127162,2026-08-11 14:00:00,14,1,0,0,50,100,1.0,39,0.7848,1
YMCA STAFF PARKING,-1.2805756,36.8129968,2026-08-11 14:00:00,14,1,0,0,50,100,1.0,38,0.7647,1
Unnamed Parking,-1.2896057,36.8150615,2026-08-11 15:00:00,15,1,0,0,50,100,1.0,50,1.0,0
Unnamed Parking,-1.2909796,36.8282672,2026-08-11 15:00:00,15,1,0,0,50,100,1.0,48,0.9565,0
Unnamed Parking,-1.2856445,36.8132893,2026-08-11 15:00:00,15,1,0,0,50,100,1.0,50,1.0,0
Unnamed Parking,-1.2597359,36.8182597,2026-08-11 15:00:00,15,1,0,0,50,100,1.0,38,0.7522,1
Unnamed Parking,-1.2641049,36.8117123,2026-08-11 15:00:00,15,1,0,0,50,100,1.0,43,0.8557,1
InterContinental Hotel Car Park,-1.2873717,36.8192911,2026-08-11 15:00:00,15,1,0,0,50,300,1.15,37,0.7465,1
Unnamed Parking,-1.25013,36.8202579,2026-08-11 15:00:00,15,1,0,0,50,100,1.16,40,0.7943,1
Olympic Bus Terminus,-1.3126351,36.7778212,2026-08-11 15:00:00,15,1,0,0,50,100,1.0,39,0.7765,1
Ayany Car Park,-1.3090339,36.7757579,2026-08-11 15:00:00,15,1,0,0,50,200,1.0,47,0.9492,1
Westgate Mall Car Park,-1.2566578,36.8035661,2026-08-11 15:00:00,15,1,0,0,50,50,1.0,41,0.8183,1
Student parking,-1.274479,36.805643,2026-08-11 15:00:00,15,1,0,0,50,100,1.0,47,0.9355,1
Kenton Rear Parking,-1.2809847,36.7869545,2026-08-11 15:00:00,15,1,0,0,50,100,1.0,45,0.8983,1
Unnamed Parking,-1.2553877,36.8667692,2026-08-11 15:00:00,15,1,0,0,50,100,1.0,50,1.0,0
Unnamed Parking,-1.259848,36.8644681,2026-08-11 15:00:00,15,1,0,0,50,100,1.19,37,0.7316,1
Travel House Parking,-1.2861727,36.8214386,2026-08-11 15:00:00,15,1,0,0,50,100,1.18,48,0.9507,0
Lenana Parking Lot Area,-1.2900918,36.800209,2026-08-11 15:00:00,15,1,0,0,50,100,1.0,47,0.9417,1
Unnamed Parking,-1.2944773,36.8101427,2026-08-11 15:00:00,15,1,0,0,50,100,1.0,39,0.7721,1
Parking B,-1.2806414,36.8128716,2026-08-11 15:00:00,15,1,0,0,50,100,1.0,47,0.9306,1
MAIN PACKING,-1.2803274,36.8127162,2026-08-11 15:00:00,15,1,0,0,50,100,1.0,44,0.8769,1
YMCA STAFF PARKING,-1.2805756,36.8129968,2026-08-11 15:00:00,15,1,0,0,50,100,1.0,42,0.8318,1
Unnamed Parking,-1.2896057,36.8150615,2026-08-11 16:00:00,16,1,0,0,50,100,1.0,39,0.7841,1
Unnamed Parking,-1.2909796,36.8282672,2026-08-11 16:00:00,16,1,0,0,50,100,1.0,40,0.7925,1
Unnamed Parking,-1.2856445,36.8132893,2026-08-11 16:00:00,16,1,0,0,50,100,1.0,50,1.0,0
Unnamed Parking,-1.2597359,36.8182597,2026-08-11 16:00:00,16,1,0,0,50,100,1.0,43,0.8501,1
Unnamed Parking,-1.2641049,36.8117123,2026-08-11 16:00:00,16,1,0,0,50,100,1.0,46,0.9126,1
InterContinental Hotel Car Park,-1.2873717,36.8192911,2026-08-11 16:00:00,16,1,0,0,50,300,1.15,39,0.7867,1
Unnamed Parking,-1.25013,36.8202579,2026-08-11 16:00:00,16,1,0,0,50,100,1.16,39,0.7876,1
Olympic Bus Terminus,-1.3126351,36.7778212,2026-08-11 16:00:00,16,1,0,0,50,100,1.0,47,0.9366,1
Ayany Car Park,-1.3090339,36.7757579,2026-08-11 16:00:00,16,1,0,0,50,200,1.0,37,0.742,1
Westgate Mall Car Park,-1.2566578,36.8035661,2026-08-11 16:00:00,16,1,0,0,50,50,1.0,41,0.8168,1
Student parking,-1.274479,36.805643,2026-08-11 16:00:00,16,1,0,0,50,100,1.0,43,0.8527,1
Kenton Rear Parking,-1.2809847,36.7869545,2026-08-11 16:00:00,16,1,0,0,50,100,1.0,43,0.8589,1
Unnamed Parking,-1.2553877,36.8667692,2026-08-11 16:00:00,16,1,0,0,50,100,1.0,42,0.8357,1
Unnamed Parking,-1.259848,36.8644681,2026-08-11 16:00:00,16,1,0,0,50,100,1.19,44,0.8817,1
Travel House Parking,-1.2861727,36.8214386,2026-08-11 16:00:00,16,1,0,0,50,100,1.18,45,0.9054,1
Lenana Parking Lot Area,-1.2900918,36.800209,2026-08-11 16:00:00,16,1,0,0,50,100,1.0,45,0.9088,1
Unnamed Parking,-1.2944773,36.8101427,2026-08-11 16:00:00,16,1,0,0,50,100,1.0,39,0.7711,1
Parking B,-1.2806414,36.8128716,2026-08-11 16:00:00,16,1,0,0,50,100,1.0,41,0.8273,1
MAIN PACKING,-1.2803274,36.8127162,2026-08-11 16:00:00,16,1,0,0,50,100,1.0,47,0.9456,1
YMCA STAFF PARKING,-1.2805756,36.8129968,2026-08-11 16:00:00,16,1,0,0,50,100,1.0,46,0.9216,1
Unnamed Parking,-1.2896057,36.8150615,2026-08-11 17:00:00,17,1,0,0,50,100,1.0,30,0.5902,1
Unnamed Parking,-1.2909796,36.8282672,2026-08-11 17:00:00,17,1,0,0,50,100,1.0,36,0.7281,1
Unnamed Parking,-1.2856445,36.8132893,2026-08-11 17:00:00,17,1,0,0,50,100,1.0,27,0.5417,1
Unnamed Parking,-1.2597359,36.8182597,2026-08-11 17:00:00,17,1,0,0,50,100,1.0,35,0.7038,1
Unnamed Parking,-1.2641049,36.8117123,2026-08-11 17:00:00,17,1,0,0,50,100,1.0,43,0.8518,1
InterContinental Hotel Car Park,-1.2873717,36.8192911,2026-08-11 17:00:00,17,1,0,0,50,300,1.15,31,0.6242,1
Unnamed Parking,-1.25013,36.8202579,2026-08-11 17:00:00,17,1,0,0,50,100,1.16,32,0.6333,1
Olympic Bus Terminus,-1.3126351,36.7778212,2026-08-11 17:00:00,17,1,0,0,50,100,1.0,38,0.7611,1
Ayany Car Park,-1.3090339,36.7757579,2026-08-11 17:00:00,17,1,0,0,50,200,1.0,29,0.5766,1
Westgate Mall Car Park,-1.2566578,36.8035661,2026-08-11 17:00:00,17,1,0,0,50,50,1.0,32,0.6494,1
Student parking,-1.274479,36.805643,2026-08-11 17:00:00,17,1,0,0,50,100,1.0,37,0.7477,1
Kenton Rear Parking,-1.2809847,36.7869545,2026-08-11 17:00:00,17,1,0,0,50,100,1.0,32,0.6493,1
Unnamed Parking,-1.2553877,36.8667692,2026-08-11 17:00:00,17,1,0,0,50,100,1.0,34,0.6811,1
Unnamed Parking,-1.259848,36.8644681,2026-08-11 17:00:00,17,1,0,0,50,100,1.19,38,0.7595,1
Travel House Parking,-1.2861727,36.8214386,2026-08-11 17:00:00,17,1,0,0,50,100,1.18,37,0.7337,1
Lenana Parking Lot Area,-1.2900918,36.800209,2026-08-11 17:00:00,17,1,0,0,50,100,1.0,36,0.7213,1
Unnamed Parking,-1.2944773,36.8101427,2026-08-11 17:00:00,17,1,0,0,50,100,1.0,34,0.6729,1
Parking B,-1.2806414,36.8128716,2026-08-11 17:00:00,17,1,0,0,50,100,1.0,36,0.7296,1
MAIN PACKING,-1.2803274,36.8127162,2026-08-11 17:00:00,17,1,0,0,50,100,1.0,35,0.6901,1
YMCA STAFF PARKING,-1.2805756,36.8129968,2026-08-11 17:00:00,17,1,0,0,50,100,1.0,37,0.7366,1
Unnamed Parking,-1.2896057,36.8150615,2026-08-11 18:00:00,18,1,0,0,50,100,1.0,33,0.6602,1
Unnamed Parking,-1.2909796,36.8282672,2026-08-11 18:00:00,18,1,0,0,50,100,1.0,34,0.6854,1
Unnamed Parking,-1.2856445,36.8132893,2026-08-11 18:00:00,18,1,0,0,50,100,1.0,31,0.6208,1
Unnamed Parking,-1.2597359,36.8182597,2026-08-11 18:00:00,18,1,0,0,50,100,1.0,35,0.6972,1
Unnamed Parking,-1.2641049,36.8117123,2026-08-11 18:00:00,18,1,0,0,50,100,1.0,32,0.6351,1
InterContinental Hotel Car Park,-1.2873717,36.8192911,2026-08-11 18:00:00,18,1,0,0,50,300,1.15,31,0.6109,1
Unnamed Parking,-1.25013,36.8202579,2026-08-11 18:00:00,18,1,0,0,50,100,1.16,36,0.7207,1
Olympic Bus Terminus,-1.3126351,36.7778212,2026-08-11 18:00:00,18,1,0,0,50,100,1.0,36,0.717,1
Ayany Car Park,-1.3090339,36.7757579,2026-08-11 18:00:00,18,1,0,0,50,200,1.0,38,0.7626,1
Westgate Mall Car Park,-1.2566578,36.8035661,2026-08-11 18:00:00,18,1,0,0,50,50,1.0,33,0.6655,1
Student parking,-1.274479,36.805643,2026-08-11 18:00:00,18,1,0,0,50,100,1.0,37,0.7326,1
Kenton Rear Parking,-1.2809847,36.7869545,2026-08-11 18:00:00,18,1,0,0,50,100,1.0,37,0.7441,1
Unnamed Parking,-1.2553877,36.8667692,2026-08-11 18:00:00,18,1,0,0,50,100,1.0,37,0.7356,1
Unnamed Parking,-1.259848,36.8644681,2026-08-11 18:00:00,18,1,0,0,50,100,1.19,32,0.6339,1
Travel House Parking,-1.2861727,36.8214386,2026-08-11 18:00:00,18,1,0,0,50,100,1.18,36,0.7119,1
Lenana Parking Lot Area,-1.2900918,36.800209,2026-08-11 18:00:00,18,1,0,0,50,100,1.0,36,0.7291,1
Unnamed Parking,-1.2944773,36.8101427,2026-08-11 18:00:00,18,1,0,0,50,100,1.0,35,0.7006,1
Parking B,-1.2806414,36.8128716,2026-08-11 18:00:00,18,1,0,0,50,100,1.0,27,0.5331,1
MAIN PACKING,-1.2803274,36.8127162,2026-08-11 18:00:00,18,1,0,0,50,100,1.0,36,0.7128,1
YMCA STAFF PARKING,-1.2805756,36.8129968,2026-08-11 18:00:00,18,1,0,0,50,100,1.0,44,0.877,1
Unnamed Parking,-1.2896057,36.8150615,2026-08-11 19:00:00,19,1,0,0,50,100,1.0,19,0.3712,1
Unnamed Parking,-1.2909796,36.8282672,2026-08-11 19:00:00,19,1,0,0,50,100,1.0,17,0.3418,1
Unnamed Parking,-1.2856445,36.8132893,2026-08-11 19:00:00,19,1,0,0,50,100,1.0,21,0.4299,1
Unnamed Parking,-1.2597359,36.8182597,2026-08-11 19:00:00,19,1,0,0,50,100,1.0,21,0.425,1
Unnamed Parking,-1.2641049,36.8117123,2026-08-11 19:00:00,19,1,0,0,50,100,1.0,25,0.4954,1
InterContinental Hotel Car Park,-1.2873717,36.8192911,2026-08-11 19:00:00,19,1,0,0,50,300,1.15,15,0.2994,1
Unnamed Parking,-1.25013,36.8202579,2026-08-11 19:00:00,19,1,0,0,50,100,1.16,23,0.4585,1
Olympic Bus Terminus,-1.3126351,36.7778212,2026-08-11 19:00:00,19,1,0,0,50,100,1.0,22,0.4472,1
Ayany Car Park,-1.3090339,36.7757579,2026-08-11 19:00:00,19,1,0,0,50,200,1.0,19,0.3886,1
Westgate Mall Car Park,-1.2566578,36.8035661,2026-08-11 19:00:00,19,1,0,0,50,50,1.0,21,0.4271,1
Student parking,-1.274479,36.805643,2026-08-11 19:00:00,19,1,0,0,50,100,1.0,24,0.4824,1
Kenton Rear Parking,-1.2809847,36.7869545,2026-08-11 19:00:00,19,1,0,0,50,100,1.0,23,0.4698,1
Unnamed Parking,-1.2553877,36.8667692,2026-08-11 19:00:00,19,1,0,0,50,100,1.0,15,0.3086,1
Unnamed Parking,-1.259848,36.8644681,2026-08-11 19:00:00,19,1,0,0,50,100,1.19,23,0.4656,1
Travel House Parking,-1.2861727,36.8214386,2026-08-11 19:00:00,19,1,0,0,50,100,1.18,20,0.3948,1
Lenana Parking Lot Area,-1.2900918,36.800209,2026-08-11 19:00:00,19,1,0,0,50,100,1.0,20,0.4058,1
Unnamed Parking,-1.2944773,36.8101427,2026-08-11 19:00:00,19,1,0,0,50,100,1.0,20,0.4059,1
Parking B,-1.2806414,36.8128716,2026-08-11 19:00:00,19,1,0,0,50,100,1.0,19,0.388,1
MAIN PACKING,-1.2803274,36.8127162,2026-08-11 19:00:00,19,1,0,0,50,100,1.0,25,0.4953,1
YMCA STAFF PARKING,-1.2805756,36.8129968,2026-08-11 19:00:00,19,1,0,0,50,100,1.0,20,0.3933,1
Unnamed Parking,-1.2896057,36.8150615,2026-08-11 20:00:00,20,1,0,0,50,100,1.0,16,0.3104,1
Unnamed Parking,-1.2909796,36.8282672,2026-08-11 20:00:00,20,1,0,0,50,100,1.0,18,0.3685,1
Unnamed Parking,-1.2856445,36.8132893,2026-08-11 20:00:00,20,1,0,0,50,100,1.0,21,0.4143,1
Unnamed Parking,-1.2597359,36.8182597,2026-08-11 20:00:00,20,1,0,0,50,100,1.0,25,0.4983,1
Unnamed Parking,-1.2641049,36.8117123,2026-08-11 20:00:00,20,1,0,0,50,100,1.0,22,0.4482,1
InterContinental Hotel Car Park,-1.2873717,36.8192911,2026-08-11 20:00:00,20,1,0,0,50,300,1.15,17,0.332,1
Unnamed Parking,-1.25013,36.8202579,2026-08-11 20:00:00,20,1,0,0,50,100,1.16,30,0.5988,1
Olympic Bus Terminus,-1.3126351,36.7778212,2026-08-11 20:00:00,20,1,0,0,50,100,1.0,21,0.4212,1
Ayany Car Park,-1.3090339,36.7757579,2026-08-11 20:00:00,20,1,0,0,50,200,1.0,25,0.502,1
Westgate Mall Car Park,-1.2566578,36.8035661,2026-08-11 20:00:00,20,1,0,0,50,50,1.0,19,0.3879,1
Student parking,-1.274479,36.805643,2026-08-11 20:00:00,20,1,0,0,50,100,1.0,22,0.4427,1
Kenton Rear Parking,-1.2809847,36.7869545,2026-08-11 20:00:00,20,1,0,0,50,100,1.0,23,0.4672,1
Unnamed Parking,-1.2553877,36.8667692,2026-08-11 20:00:00,20,1,0,0,50,100,1.0,25,0.4975,1
Unnamed Parking,-1.259848,36.8644681,2026-08-11 20:00:00,20,1,0,0,50,100,1.19,24,0.4846,1
Travel House Parking,-1.2861727,36.8214386,2026-08-11 20:00:00,20,1,0,0,50,100,1.18,23,0.4698,1
Lenana Parking Lot Area,-1.2900918,36.800209,2026-08-11 20:00:00,20,1,0,0,50,100,1.0,19,0.3748,1
Unnamed Parking,-1.2944773,36.8101427,2026-08-11 20:00:00,20,1,0,0,50,100,1.0,18,0.3543,1
Parking B,-1.2806414,36.8128716,2026-08-11 20:00:00,20,1,0,0,50,100,1.0,21,0.4266,1
MAIN PACKING,-1.2803274,36.8127162,2026-08-11 20:00:00,20,1,0,0,50,100,1.0,24,0.4747,1
YMCA STAFF PARKING,-1.2805756,36.8129968,2026-08-11 20:00:00,20,1,0,0,50,100,1.0,19,0.3822,1
Unnamed Parking,-1.2896057,36.8150615,2026-08-11 21:00:00,21,1,0,0,50,100,1.0,24,0.4852,1
Unnamed Parking,-1.2909796,36.8282672,2026-08-11 21:00:00,21,1,0,0,50,100,1.0,26,0.5162,1
Unnamed Parking,-1.2856445,36.8132893,2026-08-11 21:00:00,21,1,0,0,50,100,1.0,16,0.3267,1
Unnamed Parking,-1.2597359,36.8182597,2026-08-11 21:00:00,21,1,0,0,50,100,1.0,17,0.333,1
Unnamed Parking,-1.2641049,36.8117123,2026-08-11 21:00:00,21,1,0,0,50,100,1.0,19,0.3888,1
InterContinental Hotel Car Park,-1.2873717,36.8192911,2026-08-11 21:00:00,21,1,0,0,50,300,1.15,21,0.4246,1
Unnamed Parking,-1.25013,36.8202579,2026-08-11 21:00:00,21,1,0,0,50,100,1.16,18,0.358,1
Olympic Bus Terminus,-1.3126351,36.7778212,2026-08-11 21:00:00,21,1,0,0,50,100,1.0,25,0.5082,1
Ayany Car Park,-1.3090339,36.7757579,2026-08-11 21:00:00,21,1,0,0,50,200,1.0,22,0.4339,1
Westgate Mall Car Park,-1.2566578,36.8035661,2026-08-11 21:00:00,21,1,0,0,50,50,1.0,20,0.4032,1
Student parking,-1.274479,36.805643,2026-08-11 21:00:00,21,1,0,0,50,100,1.0,14,0.2851,1
Kenton Rear Parking,-1.2809847,36.7869545,2026-08-11 21:00:00,21,1,0,0,50,100,1.0,15,0.2947,1
Unnamed Parking,-1.2553877,36.8667692,2026-08-11 21:00:00,21,1,0,0,50,100,1.0,21,0.4225,1
Unnamed Parking,-1.259848,36.8644681,2026-08-11 21:00:00,21,1,0,0,50,100,1.19,11,0.2294,1
Travel House Parking,-1.2861727,36.8214386,2026-08-11 21:00:00,21,1,0,0,50,100,1.18,24,0.481,1
Lenana Parking Lot Area,-1.2900918,36.800209,2026-08-11 21:00:00,21,1,0,0,50,100,1.0,19,0.3873,1
Unnamed Parking,-1.2944773,36.8101427,2026-08-11 21:00:00,21,1,0,0,50,100,1.0,33,0.6594,1
Parking B,-1.2806414,36.8128716,2026-08-11 21:00:00,21,1,0,0,50,100,1.0,29,0.5846,1
MAIN PACKING,-1.2803274,36.8127162,2026-08-11 21:00:00,21,1,0,0,50,100,1.0,19,0.3855,1
YMCA STAFF PARKING,-1.2805756,36.8129968,2026-08-11 21:00:00,21,1,0,0,50,100,1.0,20,0.3915,1
Unnamed Parking,-1.2896057,36.8150615,2026-08-11 22:00:00,22,1,0,0,50,100,1.0,24,0.4796,1
Unnamed Parking,-1.2909796,36.8282672,2026-08-11 22:00:00,22,1,0,0,50,100,1.0,27,0.5363,1
Unnamed Parking,-1.2856445,36.8132893,2026-08-11 22:00:00,22,1,0,0,50,100,1.0,13,0.269,1
Unnamed Parking,-1.2597359,36.8182597,2026-08-11 22:00:00,22,1,0,0,50,100,1.0,13,0.2571,1
Unnamed Parking,-1.2641049,36.8117123,2026-08-11 22:00:00,22,1,0,0,50,100,1.0,18,0.3502,1
InterContinental Hotel Car Park,-1.2873717,36.8192911,2026-08-11 22:00:00,22,1,0,0,50,300,1.15,22,0.4466,1
Unnamed Parking,-1.25013,36.8202579,2026-08-11 22:00:00,22,1,0,0,50,100,1.16,22,0.4397,1
Olympic Bus Terminus,-1.3126351,36.7778212,2026-08-11 22:00:00,22,1,0,0,50,100,1.0,24,0.4856,1
Ayany Car Park,-1.3090339,36.7757579,2026-08-11 22:00:00,22,1,0,0,50,200,1.0,15,0.304,1
Westgate Mall Car Park,-1.2566578,36.8035661,2026-08-11 22:00:00,22,1,0,0,50,50,1.0,11,0.2147,1
Student parking,-1.274479,36.805643,2026-08-11 22:00:00,22,1,0,0,50,100,1.0,23,0.4686,1
Kenton Rear Parking,-1.2809847,36.7869545,2026-08-11 22:00:00,22,1,0,0,50,100,1.0,17,0.3337,1
Unnamed Parking,-1.2553877,36.8667692,2026-08-11 22:00:00,22,1,0,0,50,100,1.0,12,0.2385,1
Unnamed Parking,-1.259848,36.8644681,2026-08-11 22:00:00,22,1,0,0,50,100,1.19,21,0.4116,1
Travel House Parking,-1.2861727,36.8214386,2026-08-11 22:00:00,22,1,0,0,50,100,1.18,23,0.4635,1
Lenana Parking Lot Area,-1.2900918,36.800209,2026-08-11 22:00:00,22,1,0,0,50,100,1.0,20,0.3902,1
Unnamed Parking,-1.2944773,36.8101427,2026-08-11 22:00:00,22,1,0,0,50,100,1.0,18,0.3634,1
Parking B,-1.2806414,36.8128716,2026-08-11 22:00:00,22,1,0,0,50,100,1.0,19,0.3873,1
MAIN PACKING,-1.2803274,36.8127162,2026-08-11 22:00:00,22,1,0,0,50,100,1.0,19,0.3704,1
YMCA STAFF PARKING,-1.2805756,36.8129968,2026-08-11 22:00:00,22,1,0,0,50,100,1.0,15,0.2922,1
Unnamed Parking,-1.2896057,36.8150615,2026-08-12 06:00:00,6,2,0,0,50,100,1.0,17,0.3428,1
Unnamed Parking,-1.2909796,36.8282672,2026-08-12 06:00:00,6,2,0,0,50,100,1.0,22,0.4417,1
Unnamed Parking,-1.2856445,36.8132893,2026-08-12 06:00:00,6,2,0,0,50,100,1.0,21,0.4257,1
Unnamed Parking,-1.2597359,36.8182597,2026-08-12 06:00:00,6,2,0,0,50,100,1.0,21,0.4134,1
Unnamed Parking,-1.2641049,36.8117123,2026-08-12 06:00:00,6,2,0,0,50,100,1.0,16,0.3204,1
InterContinental Hotel Car Park,-1.2873717,36.8192911,2026-08-12 06:00:00,6,2,0,0,50,300,1.15,19,0.3855,1
Unnamed Parking,-1.25013,36.8202579,2026-08-12 06:00:00,6,2,0,0,50,100,1.16,11,0.2258,1
Olympic Bus Terminus,-1.3126351,36.7778212,2026-08-12 06:00:00,6,2,0,0,50,100,1.0,21,0.4143,1
Ayany Car Park,-1.3090339,36.7757579,2026-08-12 06:00:00,6,2,0,0,50,200,1.0,26,0.5143,1
Westgate Mall Car Park,-1.2566578,36.8035661,2026-08-12 06:00:00,6,2,0,0,50,50,1.0,14,0.2821,1
Student parking,-1.274479,36.805643,2026-08-12 06:00:00,6,2,0,0,50,100,1.0,18,0.3531,1
Kenton Rear Parking,-1.2809847,36.7869545,2026-08-12 06:00:00,6,2,0,0,50,100,1.0,21,0.4263,1
Unnamed Parking,-1.2553877,36.8667692,2026-08-12 06:00:00,6,2,0,0,50,100,1.0,25,0.5002,1
Unnamed Parking,-1.259848,36.8644681,2026-08-12 06:00:00,6,2,0,0,50,100,1.19,18,0.3641,1
Travel House Parking,-1.2861727,36.8214386,2026-08-12 06:00:00,6,2,0,0,50,100,1.18,17,0.3446,1
Lenana Parking Lot Area,-1.2900918,36.800209,2026-08-12 06:00:00,6,2,0,0,50,100,1.0,12,0.2425,1
Unnamed Parking,-1.2944773,36.8101427,2026-08-12 06:00:00,6,2,0,0,50,100,1.0,20,0.4083,1
Parking B,-1.2806414,36.8128716,2026-08-12 06:00:00,6,2,0,0,50,100,1.0,28,0.5634,1
MAIN PACKING,-1.2803274,36.8127162,2026-08-12 06:00:00,6,2,0,0,50,100,1.0,21,0.4222,1
YMCA STAFF PARKING,-1.2805756,36.8129968,2026-08-12 06:00:00,6,2,0,0,50,100,1.0,20,0.3982,1
Unnamed Parking,-1.2896057,36.8150615,2026-08-12 07:00:00,7,2,0,0,50,100,1.0,21,0.4258,1
Unnamed Parking,-1.2909796,36.8282672,2026-08-12 07:00:00,7,2,0,0,50,100,1.0,20,0.3991,1
Unnamed Parking,-1.2856445,36.8132893,2026-08-12 07:00:00,7,2,0,0,50,100,1.0,17,0.335,1
Unnamed Parking,-1.2597359,36.8182597,2026-08-12 07:00:00,7,2,0,0,50,100,1.0,23,0.4659,1
Unnamed Parking,-1.2641049,36.8117123,2026-08-12 07:00:00,7,2,0,0,50,100,1.0,21,0.4181,1
InterContinental Hotel Car Park,-1.2873717,36.8192911,2026-08-12 07:00:00,7,2,0,0,50,300,1.15,20,0.4014,1
Unnamed Parking,-1.25013,36.8202579,2026-08-12 07:00:00,7,2,0,0,50,100,1.16,16,0.322,1
Olympic Bus Terminus,-1.3126351,36.7778212,2026-08-12 07:00:00,7,2,0,0,50,100,1.0,25,0.5043,1
Ayany Car Park,-1.3090339,36.7757579,2026-08-12 07:00:00,7,2,0,0,50,200,1.0,23,0.4532,1
Westgate Mall Car Park,-1.2566578,36.8035661,2026-08-12 07:00:00,7,2,0,0,50,50,1.0,18,0.3558,1
Student parking,-1.274479,36.805643,2026-08-12 07:00:00,7,2,0,0,50,100,1.0,24,0.4801,1
Kenton Rear Parking,-1.2809847,36.7869545,2026-08-12 07:00:00,7,2,0,0,50,100,1.0,18,0.3602,1
Unnamed Parking,-1.2553877,36.8667692,2026-08-12 07:00:00,7,2,0,0,50,100,1.0,17,0.3374,1
Unnamed Parking,-1.259848,36.8644681,2026-08-12 07:00:00,7,2,0,0,50,100,1.19,17,0.3392,1
Travel House Parking,-1.2861727,36.8214386,2026-08-12 07:00:00,7,2,0,0,50,100,1.18,13,0.2583,1
Lenana Parking Lot Area,-1.2900918,36.800209,2026-08-12 07:00:00,7,2,0,0,50,100,1.0,22,0.4377,1
Unnamed Parking,-1.2944773,36.8101427,2026-08-12 07:00:00,7,2,0,0,50,100,1.0,13,0.2535,1
Parking B,-1.2806414,36.8128716,2026-08-12 07:00:00,7,2,0,0,50,100,1.0,15,0.3017,1
MAIN PACKING,-1.2803274,36.8127162,2026-08-12 07:00:00,7,2,0,0,50,100,1.0,12,0.234,1
YMCA STAFF PARKING,-1.2805756,36.8129968,2026-08-12 07:00:00,7,2,0,0,50,100,1.0,20,0.3931,1
Unnamed Parking,-1.2896057,36.8150615,2026-08-12 08:00:00,8,2,0,0,50,100,1.0,42,0.838,1
Unnamed Parking,-1.2909796,36.8282672,2026-08-12 08:00:00,8,2,0,0,50,100,1.0,41,0.8239,1
Unnamed Parking,-1.2856445,36.8132893,2026-08-12 08:00:00,8,2,0,0,50,100,1.0,38,0.7666,1
Unnamed Parking,-1.2597359,36.8182597,2026-08-12 08:00:00,8,2,0,0,50,100,1.0,38,0.7562,1
Unnamed Parking,-1.2641049,36.8117123,2026-08-12 08:00:00,8,2,0,0,50,100,1.0,44,0.8871,1
InterContinental Hotel Car Park,-1.2873717,36.8192911,2026-08-12 08:00:00,8,2,0,0,50,300,1.15,40,0.806,1
Unnamed Parking,-1.25013,36.8202579,2026-08-12 08:00:00,8,2,0,0,50,100,1.16,44,0.8753,1
Olympic Bus Terminus,-1.3126351,36.7778212,2026-08-12 08:00:00,8,2,0,0,50,100,1.0,39,0.7792,1
Ayany Car Park,-1.3090339,36.7757579,2026-08-12 08:00:00,8,2,0,0,50,200,1.0,43,0.8645,1
Westgate Mall Car Park,-1.2566578,36.8035661,2026-08-12 08:00:00,8,2,0,0,50,50,1.0,48,0.9543,0
Student parking,-1.274479,36.805643,2026-08-12 08:00:00,8,2,0,0,50,100,1.0,45,0.8969,1
Kenton Rear Parking,-1.2809847,36.7869545,2026-08-12 08:00:00,8,2,0,0,50,100,1.0,41,0.817,1
Unnamed Parking,-1.2553877,36.8667692,2026-08-12 08:00:00,8,2,0,0,50,100,1.0,44,0.8706,1
Unnamed Parking,-1.259848,36.8644681,2026-08-12 08:00:00,8,2,0,0,50,100,1.19,42,0.8307,1
Travel House Parking,-1.2861727,36.8214386,2026-08-12 08:00:00,8,2,0,0,50,100,1.18,43,0.8506,1
Lenana Parking Lot Area,-1.2900918,36.800209,2026-08-12 08:00:00,8,2,0,0,50,100,1.0,41,0.824,1
Unnamed Parking,-1.2944773,36.8101427,2026-08-12 08:00:00,8,2,0,0,50,100,1.0,42,0.8369,1
Parking B,-1.2806414,36.8128716,2026-08-12 08:00:00,8,2,0,0,50,100,1.0,43,0.867,1
MAIN PACKING,-1.2803274,36.8127162,2026-08-12 08:00:00,8,2,0,0,50,100,1.0,39,0.7705,1
YMCA STAFF PARKING,-1.2805756,36.8129968,2026-08-12 08:00:00,8,2,0,0,50,100,1.0,38,0.7687,1
Unnamed Parking,-1.2896057,36.8150615,2026-08-12 09:00:00,9,2,0,0,50,100,1.0,37,0.7389,1
Unnamed Parking,-1.2909796,36.8282672,2026-08-12 09:00:00,9,2,0,0,50,100,1.0,36,0.722,1
Unnamed Parking,-1.2856445,36.8132893,2026-08-12 09:00:00,9,2,0,0,50,100,1.0,38,0.7526,1
Unnamed Parking,-1.2597359,36.8182597,2026-08-12 09:00:00,9,2,0,0,50,100,1.0,43,0.8628,1
Unnamed Parking,-1.2641049,36.8117123,2026-08-12 09:00:00,9,2,0,0,50,100,1.0,39,0.7786,1
InterContinental Hotel Car Park,-1.2873717,36.8192911,2026-08-12 09:00:00,9,2,0,0,50,300,1.15,45,0.8911,1
Unnamed Parking,-1.25013,36.8202579,2026-08-12 09:00:00,9,2,0,0,50,100,1.16,43,0.8528,1
Olympic Bus Terminus,-1.3126351,36.7778212,2026-08-12 09:00:00,9,2,0,0,50,100,1.0,35,0.6925,1
Ayany Car Park,-1.3090339,36.7757579,2026-08-12 09:00:00,9,2,0,0,50,200,1.0,45,0.9024,1
Westgate Mall Car Park,-1.2566578,36.8035661,2026-08-12 09:00:00,9,2,0,0,50,50,1.0,46,0.9149,1
Student parking,-1.274479,36.805643,2026-08-12 09:00:00,9,2,0,0,50,100,1.0,39,0.7705,1
Kenton Rear Parking,-1.2809847,36.7869545,2026-08-12 09:00:00,9,2,0,0,50,100,1.0,44,0.8836,1
Unnamed Parking,-1.2553877,36.8667692,2026-08-12 09:00:00,9,2,0,0,50,100,1.0,39,0.7815,1
Unnamed Parking,-1.259848,36.8644681,2026-08-12 09:00:00,9,2,0,0,50,100,1.19,43,0.8578,1
Travel House Parking,-1.2861727,36.8214386,2026-08-12 09:00:00,9,2,0,0,50,100,1.18,37,0.7488,1
Lenana Parking Lot Area,-1.2900918,36.800209,2026-08-12 09:00:00,9,2,0,0,50,100,1.0,35,0.7066,1
Unnamed Parking,-1.2944773,36.8101427,2026-08-12 09:00:00,9,2,0,0,50,100,1.0,41,0.8194,1
Parking B,-1.2806414,36.8128716,2026-08-12 09:00:00,9,2,0,0,50,100,1.0,42,0.8401,1
MAIN PACKING,-1.2803274,36.8127162,2026-08-12 09:00:00,9,2,0,0,50,100,1.0,41,0.8182,1
YMCA STAFF PARKING,-1.2805756,36.8129968,2026-08-12 09:00:00,9,2,0,0,50,100,1.0,38,0.7553,1
Unnamed Parking,-1.2896057,36.8150615,2026-08-12 10:00:00,10,2,0,0,50,100,1.0,41,0.818,1
Unnamed Parking,-1.2909796,36.8282672,2026-08-12 10:00:00,10,2,0,0,50,100,1.0,44,0.8715,1
Unnamed Parking,-1.2856445,36.8132893,2026-08-12 10:00:00,10,2,0,0,50,100,1.0,42,0.8464,1
Unnamed Parking,-1.2597359,36.8182597,2026-08-12 10:00:00,10,2,0,0,50,100,1.0,43,0.8646,1
Unnamed Parking,-1.2641049,36.8117123,2026-08-12 10:00:00,10,2,0,0,50,100,1.0,40,0.7964,1
InterContinental Hotel Car Park,-1.2873717,36.8192911,2026-08-12 10:00:00,10,2,0,0,50,300,1.15,47,0.9437,1
Unnamed Parking,-1.25013,36.8202579,2026-08-12 10:00:00,10,2,0,0,50,100,1.16,38,0.7559,1
Olympic Bus Terminus,-1.3126351,36.7778212,2026-08-12 10:00:00,10,2,0,0,50,100,1.0,44,0.889,1
Ayany Car Park,-1.3090339,36.7757579,2026-08-12 10:00:00,10,2,0,0,50,200,1.0,47,0.9446,1
Westgate Mall Car Park,-1.2566578,36.8035661,2026-08-12 10:00:00,10,2,0,0,50,50,1.0,44,0.8885,1
Student parking,-1.274479,36.805643,2026-08-12 10:00:00,10,2,0,0,50,100,1.0,42,0.8338,1
Kenton Rear Parking,-1.2809847,36.7869545,2026-08-12 10:00:00,10,2,0,0,50,100,1.0,40,0.8077,1
Unnamed Parking,-1.2553877,36.8667692,2026-08-12 10:00:00,10,2,0,0,50,100,1.0,47,0.9329,1
Unnamed Parking,-1.259848,36.8644681,2026-08-12 10:00:00,10,2,0,0,50,100,1.19,37,0.7362,1
Travel House Parking,-1.2861727,36.8214386,2026-08-12 10:00:00,10,2,0,0,50,100,1.18,39,0.7724,1
Lenana Parking Lot Area,-1.2900918,36.800209,2026-08-12 10:00:00,10,2,0,0,50,100,1.0,41,0.8182,1
Unnamed Parking,-1.2944773,36.8101427,2026-08-12 10:00:00,10,2,0,0,50,100,1.0,47,0.949,1
Parking B,-1.2806414,36.8128716,2026-08-12 10:00:00,10,2,0,0,50,100,1.0,44,0.8804,1
MAIN PACKING,-1.2803274,36.8127162,2026-08-12 10:00:00,10,2,0,0,50,100,1.0,39,0.7726,1
YMCA STAFF PARKING,-1.2805756,36.8129968,2026-08-12 10:00:00,10,2,0,0,50,100,1.0,41,0.8252,1
Unnamed Parking,-1.2896057,36.8150615,2026-08-12 11:00:00,11,2,0,0,50,100,1.0,40,0.8009,1
Unnamed Parking,-1.2909796,36.8282672,2026-08-12 11:00:00,11,2,0,0,50,100,1.0,40,0.7932,1
Unnamed Parking,-1.2856445,36.8132893,2026-08-12 11:00:00,11,2,0,0,50,100,1.0,46,0.9283,1
Unnamed Parking,-1.2597359,36.8182597,2026-08-12 11:00:00,11,2,0,0,50,100,1.0,37,0.7403,1
Unnamed Parking,-1.2641049,36.8117123,2026-08-12 11:00:00,11,2,0,0,50,100,1.0,49,0.9787,0
InterContinental Hotel Car Park,-1.2873717,36.8192911,2026-08-12 11:00:00,11,2,0,0,50,300,1.15,46,0.9163,1
Unnamed Parking,-1.25013,36.8202579,2026-08-12 11:00:00,11,2,0,0,50,100,1.16,47,0.9373,1
Olympic Bus Terminus,-1.3126351,36.7778212,2026-08-12 11:00:00,11,2,0,0,50,100,1.0,41,0.813,1
Ayany Car Park,-1.3090339,36.7757579,2026-08-12 11:00:00,11,2,0,0,50,200,1.0,42,0.838,1
Westgate Mall Car Park,-1.2566578,36.8035661,2026-08-12 11:00:00,11,2,0,0,50,50,1.0,37,0.7353,1
Student parking,-1.274479,36.805643,2026-08-12 11:00:00,11,2,0,0,50,100,1.0,40,0.808,1
Kenton Rear Parking,-1.2809847,36.7869545,2026-08-12 11:00:00,11,2,0,0,50,100,1.0,44,0.8895,1
Unnamed Parking,-1.2553877,36.8667692,2026-08-12 11:00:00,11,2,0,0,50,100,1.0,48,0.9537,0
Unnamed Parking,-1.259848,36.8644681,2026-08-12 11:00:00,11,2,0,0,50,100,1.19,38,0.7614,1
Travel House Parking,-1.2861727,36.8214386,2026-08-12 11:00:00,11,2,0,0,50,100,1.18,41,0.8208,1
Lenana Parking Lot Area,-1.2900918,36.800209,2026-08-12 11:00:00,11,2,0,0,50,100,1.0,42,0.8379,1
Unnamed Parking,-1.2944773,36.8101427,2026-08-12 11:00:00,11,2,0,0,50,100,1.0,37,0.7383,1
Parking B,-1.2806414,36.8128716,2026-08-12 11:00:00,11,2,0,0,50,100,1.0,45,0.8973,1
MAIN PACKING,-1.2803274,36.8127162,2026-08-12 11:00:00,11,2,0,0,50,100,1.0,40,0.7921,1
YMCA STAFF PARKING,-1.2805756,36.8129968,2026-08-12 11:00:00,11,2,0,0,50,100,1.0,42,0.8344,1
Unnamed Parking,-1.2896057,36.8150615,2026-08-12 12:00:00,12,2,0,0,50,100,1.0,33,0.6638,1
Unnamed Parking,-1.2909796,36.8282672,2026-08-12 12:00:00,12,2,0,0,50,100,1.0,32,0.6369,1
Unnamed Parking,-1.2856445,36.8132893,2026-08-12 12:00:00,12,2,0,0,50,100,1.0,35,0.6994,1
Unnamed Parking,-1.2597359,36.8182597,2026-08-12 12:00:00,12,2,0,0,50,100,1.0,34,0.6828,1
Unnamed Parking,-1.2641049,36.8117123,2026-08-12 12:00:00,12,2,0,0,50,100,1.0,34,0.6703,1
InterContinental Hotel Car Park,-1.2873717,36.8192911,2026-08-12 12:00:00,12,2,0,0,50,300,1.15,32,0.6417,1
Unnamed Parking,-1.25013,36.8202579,2026-08-12 12:00:00,12,2,0,0,50,100,1.16,36,0.7256,1
Olympic Bus Terminus,-1.3126351,36.7778212,2026-08-12 12:00:00,12,2,0,0,50,100,1.0,42,0.8323,1
Ayany Car Park,-1.3090339,36.7757579,2026-08-12 12:00:00,12,2,0,0,50,200,1.0,36,0.7112,1
Westgate Mall Car Park,-1.2566578,36.8035661,2026-08-12 12:00:00,12,2,0,0,50,50,1.0,39,0.7797,1
Student parking,-1.274479,36.805643,2026-08-12 12:00:00,12,2,0,0,50,100,1.0,29,0.5888,1
Kenton Rear Parking,-1.2809847,36.7869545,2026-08-12 12:00:00,12,2,0,0,50,100,1.0,36,0.7126,1
Unnamed Parking,-1.2553877,36.8667692,2026-08-12 12:00:00,12,2,0,0,50,100,1.0,31,0.6122,1
Unnamed Parking,-1.259848,36.8644681,2026-08-12 12:00:00,12,2,0,0,50,100,1.19,29,0.5818,1
Travel House Parking,-1.2861727,36.8214386,2026-08-12 12:00:00,12,2,0,0,50,100,1.18,32,0.6409,1
Lenana Parking Lot Area,-1.2900918,36.800209,2026-08-12 12:00:00,12,2,0,0,50,100,1.0,40,0.7954,1
Unnamed Parking,-1.2944773,36.8101427,2026-08-12 12:00:00,12,2,0,0,50,100,1.0,39,0.776,1
Parking B,-1.2806414,36.8128716,2026-08-12 12:00:00,12,2,0,0,50,100,1.0,36,0.7194,1
MAIN PACKING,-1.2803274,36.8127162,2026-08-12 12:00:00,12,2,0,0,50,100,1.0,29,0.5774,1
YMCA STAFF PARKING,-1.2805756,36.8129968,2026-08-12 12:00:00,12,2,0,0,50,100,1.0,34,0.6843,1
Unnamed Parking,-1.2896057,36.8150615,2026-08-12 13:00:00,13,2,0,0,50,100,1.0,44,0.8741,1
Unnamed Parking,-1.2909796,36.8282672,2026-08-12 13:00:00,13,2,0,0,50,100,1.0,43,0.864,1
Unnamed Parking,-1.2856445,36.8132893,2026-08-12 13:00:00,13,2,0,0,50,100,1.0,35,0.7025,1
Unnamed Parking,-1.2597359,36.8182597,2026-08-12 13:00:00,13,2,0,0,50,100,1.0,39,0.7788,1
Unnamed Parking,-1.2641049,36.8117123,2026-08-12 13:00:00,13,2,0,0,50,100,1.0,42,0.8449,1
InterContinental Hotel Car Park,-1.2873717,36.8192911,2026-08-12 13:00:00,13,2,0,0,50,300,1.15,45,0.8929,1
Unnamed Parking,-1.25013,36.8202579,2026-08-12 13:00:00,13,2,0,0,50,100,1.16,34,0.6743,1
Olympic Bus Terminus,-1.3126351,36.7778212,2026-08-12 13:00:00,13,2,0,0,50,100,1.0,42,0.837,1
Ayany Car Park,-1.3090339,36.7757579,2026-08-12 13:00:00,13,2,0,0,50,200,1.0,43,0.8614,1
Westgate Mall Car Park,-1.2566578,36.8035661,2026-08-12 13:00:00,13,2,0,0,50,50,1.0,46,0.918,1
Student parking,-1.274479,36.805643,2026-08-12 13:00:00,13,2,0,0,50,100,1.0,45,0.9054,1
Kenton Rear Parking,-1.2809847,36.7869545,2026-08-12 13:00:00,13,2,0,0,50,100,1.0,45,0.8966,1
Unnamed Parking,-1.2553877,36.8667692,2026-08-12 13:00:00,13,2,0,0,50,100,1.0,39,0.786,1
Unnamed Parking,-1.259848,36.8644681,2026-08-12 13:00:00,13,2,0,0,50,100,1.19,35,0.6974,1
Travel House Parking,-1.2861727,36.8214386,2026-08-12 13:00:00,13,2,0,0,50,100,1.18,41,0.8186,1
Lenana Parking Lot Area,-1.2900918,36.800209,2026-08-12 13:00:00,13,2,0,0,50,100,1.0,47,0.9301,1
Unnamed Parking,-1.2944773,36.8101427,2026-08-12 13:00:00,13,2,0,0,50,100,1.0,48,0.9615,0
Parking B,-1.2806414,36.8128716,2026-08-12 13:00:00,13,2,0,0,50,100,1.0,45,0.9068,1
MAIN PACKING,-1.2803274,36.8127162,2026-08-12 13:00:00,13,2,0,0,50,100,1.0,44,0.8843,1
YMCA STAFF PARKING,-1.2805756,36.8129968,2026-08-12 13:00:00,13,2,0,0,50,100,1.0,44,0.8804,1
Unnamed Parking,-1.2896057,36.8150615,2026-08-12 14:00:00,14,2,0,0,50,100,1.0,40,0.8055,1
Unnamed Parking,-1.2909796,36.8282672,2026-08-12 14:00:00,14,2,0,0,50,100,1.0,42,0.8396,1
Unnamed Parking,-1.2856445,36.8132893,2026-08-12 14:00:00,14,2,0,0,50,100,1.0,49,0.9835,0
Unnamed Parking,-1.2597359,36.8182597,2026-08-12 14:00:00,14,2,0,0,50,100,1.0,39,0.7746,1
Unnamed Parking,-1.2641049,36.8117123,2026-08-12 14:00:00,14,2,0,0,50,100,1.0,49,0.9792,0
InterContinental Hotel Car Park,-1.2873717,36.8192911,2026-08-12 14:00:00,14,2,0,0,50,300,1.15,41,0.8242,1
Unnamed Parking,-1.25013,36.8202579,2026-08-12 14:00:00,14,2,0,0,50,100,1.16,48,0.956,0
Olympic Bus Terminus,-1.3126351,36.7778212,2026-08-12 14:00:00,14,2,0,0,50,100,1.0,37,0.7375,1
Ayany Car Park,-1.3090339,36.7757579,2026-08-12 14:00:00,14,2,0,0,50,200,1.0,45,0.8969,1
Westgate Mall Car Park,-1.2566578,36.8035661,2026-08-12 14:00:00,14,2,0,0,50,50,1.0,40,0.7911,1
Student parking,-1.274479,36.805643,2026-08-12 14:00:00,14,2,0,0,50,100,1.0,37,0.7368,1
Kenton Rear Parking,-1.2809847,36.7869545,2026-08-12 14:00:00,14,2,0,0,50,100,1.0,43,0.8675,1
Unnamed Parking,-1.2553877,36.8667692,2026-08-12 14:00:00,14,2,0,0,50,100,1.0,47,0.9308,1
Unnamed Parking,-1.259848,36.8644681,2026-08-12 14:00:00,14,2,0,0,50,100,1.19,39,0.7824,1
Travel House Parking,-1.2861727,36.8214386,2026-08-12 14:00:00,14,2,0,0,50,100,1.18,37,0.7301,1
Lenana Parking Lot Area,-1.2900918,36.800209,2026-08-12 14:00:00,14,2,0,0,50,100,1.0,42,0.8427,1
Unnamed Parking,-1.2944773,36.8101427,2026-08-12 14:00:00,14,2,0,0,50,100,1.0,42,0.843,1
Parking B,-1.2806414,36.8128716,2026-08-12 14:00:00,14,2,0,0,50,100,1.0,45,0.8939,1
MAIN PACKING,-1.2803274,36.8127162,2026-08-12 14:00:00,14,2,0,0,50,100,1.0,46,0.926,1
YMCA STAFF PARKING,-1.2805756,36.8129968,2026-08-12 14:00:00,14,2,0,0,50,100,1.0,42,0.8452,1
Unnamed Parking,-1.2896057,36.8150615,2026-08-12 15:00:00,15,2,0,0,50,100,1.0,50,0.9984,0
Unnamed Parking,-1.2909796,36.8282672,2026-08-12 15:00:00,15,2,0,0,50,100,1.0,43,0.8679,1
Unnamed Parking,-1.2856445,36.8132893,2026-08-12 15:00:00,15,2,0,0,50,100,1.0,41,0.8223,1
Unnamed Parking,-1.2597359,36.8182597,2026-08-12 15:00:00,15,2,0,0,50,100,1.0,36,0.7211,1
Unnamed Parking,-1.2641049,36.8117123,2026-08-12 15:00:00,15,2,0,0,50,100,1.0,41,0.829,1
InterContinental Hotel Car Park,-1.2873717,36.8192911,2026-08-12 15:00:00,15,2,0,0,50,300,1.15,41,0.8231,1
Unnamed Parking,-1.25013,36.8202579,2026-08-12 15:00:00,15,2,0,0,50,100,1.16,46,0.9268,1
Olympic Bus Terminus,-1.3126351,36.7778212,2026-08-12 15:00:00,15,2,0,0,50,100,1.0,44,0.887,1
Ayany Car Park,-1.3090339,36.7757579,2026-08-12 15:00:00,15,2,0,0,50,200,1.0,38,0.7557,1
Westgate Mall Car Park,-1.2566578,36.8035661,2026-08-12 15:00:00,15,2,0,0,50,50,1.0,43,0.8638,1
Student parking,-1.274479,36.805643,2026-08-12 15:00:00,15,2,0,0,50,100,1.0,45,0.9037,1
Kenton Rear Parking,-1.2809847,36.7869545,2026-08-12 15:00:00,15,2,0,0,50,100,1.0,49,0.9722,0
Unnamed Parking,-1.2553877,36.8667692,2026-08-12 15:00:00,15,2,0,0,50,100,1.0,46,0.921,1
Unnamed Parking,-1.259848,36.8644681,2026-08-12 15:00:00,15,2,0,0,50,100,1.19,46,0.9109,1
Travel House Parking,-1.2861727,36.8214386,2026-08-12 15:00:00,15,2,0,0,50,100,1.18,43,0.8548,1
Lenana Parking Lot Area,-1.2900918,36.800209,2026-08-12 15:00:00,15,2,0,0,50,100,1.0,44,0.8811,1
Unnamed Parking,-1.2944773,36.8101427,2026-08-12 15:00:00,15,2,0,0,50,100,1.0,47,0.95,1
Parking B,-1.2806414,36.8128716,2026-08-12 15:00:00,15,2,0,0,50,100,1.0,37,0.7434,1
MAIN PACKING,-1.2803274,36.8127162,2026-08-12 15:00:00,15,2,0,0,50,100,1.0,41,0.822,1
YMCA STAFF PARKING,-1.2805756,36.8129968,2026-08-12 15:00:00,15,2,0,0,50,100,1.0,39,0.7882,1
Unnamed Parking,-1.2896057,36.8150615,2026-08-12 16:00:00,16,2,0,0,50,100,1.0,44,0.8803,1
Unnamed Parking,-1.2909796,36.8282672,2026-08-12 16:00:00,16,2,0,0,50,100,1.0,47,0.9484,1
Unnamed Parking,-1.2856445,36.8132893,2026-08-12 16:00:00,16,2,0,0,50,100,1.0,40,0.8022,1
Unnamed Parking,-1.2597359,36.8182597,2026-08-12 16:00:00,16,2,0,0,50,100,1.0,33,0.6588,1
Unnamed Parking,-1.2641049,36.8117123,2026-08-12 16:00:00,16,2,0,0,50,100,1.0,41,0.817,1
InterContinental Hotel Car Park,-1.2873717,36.8192911,2026-08-12 16:00:00,16,2,0,0,50,300,1.15,46,0.9231,1
Unnamed Parking,-1.25013,36.8202579,2026-08-12 16:00:00,16,2,0,0,50,100,1.16,45,0.893,1
Olympic Bus Terminus,-1.3126351,36.7778212,2026-08-12 16:00:00,16,2,0,0,50,100,1.0,44,0.8843,1
Ayany Car Park,-1.3090339,36.7757579,2026-08-12 16:00:00,16,2,0,0,50,200,1.0,41,0.8276,1
Westgate Mall Car Park,-1.2566578,36.8035661,2026-08-12 16:00:00,16,2,0,0,50,50,1.0,37,0.7477,1
Student parking,-1.274479,36.805643,2026-08-12 16:00:00,16,2,0,0,50,100,1.0,45,0.8912,1
Kenton Rear Parking,-1.2809847,36.7869545,2026-08-12 16:00:00,16,2,0,0,50,100,1.0,39,0.7833,1
Unnamed Parking,-1.2553877,36.8667692,2026-08-12 16:00:00,16,2,0,0,50,100,1.0,50,1.0,0
Unnamed Parking,-1.259848,36.8644681,2026-08-12 16:00:00,16,2,0,0,50,100,1.19,45,0.8956,1
Travel House Parking,-1.2861727,36.8214386,2026-08-12 16:00:00,16,2,0,0,50,100,1.18,40,0.8035,1
Lenana Parking Lot Area,-1.2900918,36.800209,2026-08-12 16:00:00,16,2,0,0,50,100,1.0,40,0.8011,1
Unnamed Parking,-1.2944773,36.8101427,2026-08-12 16:00:00,16,2,0,0,50,100,1.0,42,0.8426,1
Parking B,-1.2806414,36.8128716,2026-08-12 16:00:00,16,2,0,0,50,100,1.0,42,0.8308,1
MAIN PACKING,-1.2803274,36.8127162,2026-08-12 16:00:00,16,2,0,0,50,100,1.0,47,0.9393,1
YMCA STAFF PARKING,-1.2805756,36.8129968,2026-08-12 16:00:00,16,2,0,0,50,100,1.0,43,0.8649,1
Unnamed Parking,-1.2896057,36.8150615,2026-08-12 17:00:00,17,2,0,0,50,100,1.0,32,0.6415,1
Unnamed Parking,-1.2909796,36.8282672,2026-08-12 17:00:00,17,2,0,0,50,100,1.0,43,0.8512,1
Unnamed Parking,-1.2856445,36.8132893,2026-08-12 17:00:00,17,2,0,0,50,100,1.0,35,0.7039,1
Unnamed Parking,-1.2597359,36.8182597,2026-08-12 17:00:00,17,2,0,0,50,100,1.0,38,0.7615,1
Unnamed Parking,-1.2641049,36.8117123,2026-08-12 17:00:00,17,2,0,0,50,100,1.0,33,0.6513,1
InterContinental Hotel Car Park,-1.2873717,36.8192911,2026-08-12 17:00:00,17,2,0,0,50,300,1.15,36,0.729,1
Unnamed Parking,-1.25013,36.8202579,2026-08-12 17:00:00,17,2,0,0,50,100,1.16,36,0.7249,1
Olympic Bus Terminus,-1.3126351,36.7778212,2026-08-12 17:00:00,17,2,0,0,50,100,1.0,27,0.5488,1
Ayany Car Park,-1.3090339,36.7757579,2026-08-12 17:00:00,17,2,0,0,50,200,1.0,43,0.8612,1
Westgate Mall Car Park,-1.2566578,36.8035661,2026-08-12 17:00:00,17,2,0,0,50,50,1.0,40,0.8033,1
Student parking,-1.274479,36.805643,2026-08-12 17:00:00,17,2,0,0,50,100,1.0,33,0.6682,1
Kenton Rear Parking,-1.2809847,36.7869545,2026-08-12 17:00:00,17,2,0,0,50,100,1.0,31,0.6118,1
Unnamed Parking,-1.2553877,36.8667692,2026-08-12 17:00:00,17,2,0,0,50,100,1.0,36,0.7278,1
Unnamed Parking,-1.259848,36.8644681,2026-08-12 17:00:00,17,2,0,0,50,100,1.19,35,0.7069,1
Travel House Parking,-1.2861727,36.8214386,2026-08-12 17:00:00,17,2,0,0,50,100,1.18,36,0.7285,1
Lenana Parking Lot Area,-1.2900918,36.800209,2026-08-12 17:00:00,17,2,0,0,50,100,1.0,36,0.7153,1
Unnamed Parking,-1.2944773,36.8101427,2026-08-12 17:00:00,17,2,0,0,50,100,1.0,37,0.7405,1
Parking B,-1.2806414,36.8128716,2026-08-12 17:00:00,17,2,0,0,50,100,1.0,41,0.8158,1
MAIN PACKING,-1.2803274,36.8127162,2026-08-12 17:00:00,17,2,0,0,50,100,1.0,37,0.7454,1
YMCA STAFF PARKING,-1.2805756,36.8129968,2026-08-12 17:00:00,17,2,0,0,50,100,1.0,31,0.616,1
Unnamed Parking,-1.2896057,36.8150615,2026-08-12 18:00:00,18,2,0,0,50,100,1.0,40,0.809,1
Unnamed Parking,-1.2909796,36.8282672,2026-08-12 18:00:00,18,2,0,0,50,100,1.0,42,0.8312,1
Unnamed Parking,-1.2856445,36.8132893,2026-08-12 18:00:00,18,2,0,0,50,100,1.0,48,0.9522,0
Unnamed Parking,-1.2597359,36.8182597,2026-08-12 18:00:00,18,2,0,0,50,100,1.0,31,0.6101,1
Unnamed Parking,-1.2641049,36.8117123,2026-08-12 18:00:00,18,2,0,0,50,100,1.0,36,0.7194,1
InterContinental Hotel Car Park,-1.2873717,36.8192911,2026-08-12 18:00:00,18,2,0,0,50,300,1.15,27,0.5334,1
Unnamed Parking,-1.25013,36.8202579,2026-08-12 18:00:00,18,2,0,0,50,100,1.16,37,0.7443,1
Olympic Bus Terminus,-1.3126351,36.7778212,2026-08-12 18:00:00,18,2,0,0,50,100,1.0,33,0.6561,1
Ayany Car Park,-1.3090339,36.7757579,2026-08-12 18:00:00,18,2,0,0,50,200,1.0,43,0.8539,1
Westgate Mall Car Park,-1.2566578,36.8035661,2026-08-12 18:00:00,18,2,0,0,50,50,1.0,32,0.638,1
Student parking,-1.274479,36.805643,2026-08-12 18:00:00,18,2,0,0,50,100,1.0,28,0.5649,1
Kenton Rear Parking,-1.2809847,36.7869545,2026-08-12 18:00:00,18,2,0,0,50,100,1.0,33,0.6623,1
Unnamed Parking,-1.2553877,36.8667692,2026-08-12 18:00:00,18,2,0,0,50,100,1.0,27,0.542,1
Unnamed Parking,-1.259848,36.8644681,2026-08-12 18:00:00,18,2,0,0,50,100,1.19,38,0.7601,1
Travel House Parking,-1.2861727,36.8214386,2026-08-12 18:00:00,18,2,0,0,50,100,1.18,27,0.5348,1
Lenana Parking Lot Area,-1.2900918,36.800209,2026-08-12 18:00:00,18,2,0,0,50,100,1.0,35,0.7023,1
Unnamed Parking,-1.2944773,36.8101427,2026-08-12 18:00:00,18,2,0,0,50,100,1.0,27,0.5338,1
Parking B,-1.2806414,36.8128716,2026-08-12 18:00:00,18,2,0,0,50,100,1.0,34,0.6744,1
MAIN PACKING,-1.2803274,36.8127162,2026-08-12 18:00:00,18,2,0,0,50,100,1.0,42,0.8315,1
YMCA STAFF PARKING,-1.2805756,36.8129968,2026-08-12 18:00:00,18,2,0,0,50,100,1.0,36,0.7289,1
Unnamed Parking,-1.2896057,36.8150615,2026-08-12 19:00:00,19,2,0,0,50,100,1.0,17,0.3309,1
Unnamed Parking,-1.2909796,36.8282672,2026-08-12 19:00:00,19,2,0,0,50,100,1.0,20,0.3975,1
Unnamed Parking,-1.2856445,36.8132893,2026-08-12 19:00:00,19,2,0,0,50,100,1.0,20,0.4014,1
Unnamed Parking,-1.2597359,36.8182597,2026-08-12 19:00:00,19,2,0,0,50,100,1.0,22,0.4378,1
Unnamed Parking,-1.2641049,36.8117123,2026-08-12 19:00:00,19,2,0,0,50,100,1.0,15,0.2907,1
InterContinental Hotel Car Park,-1.2873717,36.8192911,2026-08-12 19:00:00,19,2,0,0,50,300,1.15,22,0.4474,1
Unnamed Parking,-1.25013,36.8202579,2026-08-12 19:00:00,19,2,0,0,50,100,1.16,9,0.1836,1
Olympic Bus Terminus,-1.3126351,36.7778212,2026-08-12 19:00:00,19,2,0,0,50,100,1.0,17,0.3496,1
Ayany Car Park,-1.3090339,36.7757579,2026-08-12 19:00:00,19,2,0,0,50,200,1.0,18,0.3609,1
Westgate Mall Car Park,-1.2566578,36.8035661,2026-08-12 19:00:00,19,2,0,0,50,50,1.0,23,0.4507,1
Student parking,-1.274479,36.805643,2026-08-12 19:00:00,19,2,0,0,50,100,1.0,20,0.4018,1
Kenton Rear Parking,-1.2809847,36.7869545,2026-08-12 19:00:00,19,2,0,0,50,100,1.0,14,0.2876,1
Unnamed Parking,-1.2553877,36.8667692,2026-08-12 19:00:00,19,2,0,0,50,100,1.0,16,0.3212,1
Unnamed Parking,-1.259848,36.8644681,2026-08-12 19:00:00,19,2,0,0,50,100,1.19,21,0.4159,1
Travel House Parking,-1.2861727,36.8214386,2026-08-12 19:00:00,19,2,0,0,50,100,1.18,20,0.3937,1
Lenana Parking Lot Area,-1.2900918,36.800209,2026-08-12 19:00:00,19,2,0,0,50,100,1.0,18,0.3537,1
Unnamed Parking,-1.2944773,36.8101427,2026-08-12 19:00:00,19,2,0,0,50,100,1.0,18,0.3615,1
Parking B,-1.2806414,36.8128716,2026-08-12 19:00:00,19,2,0,0,50,100,1.0,23,0.4557,1
MAIN PACKING,-1.2803274,36.8127162,2026-08-12 19:00:00,19,2,0,0,50,100,1.0,18,0.3586,1
YMCA STAFF PARKING,-1.2805756,36.8129968,2026-08-12 19:00:00,19,2,0,0,50,100,1.0,20,0.393,1
Unnamed Parking,-1.2896057,36.8150615,2026-08-12 20:00:00,20,2,0,0,50,100,1.0,29,0.5736,1
Unnamed Parking,-1.2909796,36.8282672,2026-08-12 20:00:00,20,2,0,0,50,100,1.0,14,0.2861,1
Unnamed Parking,-1.2856445,36.8132893,2026-08-12 20:00:00,20,2,0,0,50,100,1.0,13,0.2519,1
Unnamed Parking,-1.2597359,36.8182597,2026-08-12 20:00:00,20,2,0,0,50,100,1.0,23,0.4627,1
Unnamed Parking,-1.2641049,36.8117123,2026-08-12 20:00:00,20,2,0,0,50,100,1.0,17,0.3457,1
InterContinental Hotel Car Park,-1.2873717,36.8192911,2026-08-12 20:00:00,20,2,0,0,50,300,1.15,19,0.3745,1
Unnamed Parking,-1.25013,36.8202579,2026-08-12 20:00:00,20,2,0,0,50,100,1.16,17,0.3375,1
Olympic Bus Terminus,-1.3126351,36.7778212,2026-08-12 20:00:00,20,2,0,0,50,100,1.0,19,0.3792,1
Ayany Car Park,-1.3090339,36.7757579,2026-08-12 20:00:00,20,2,0,0,50,200,1.0,26,0.5279,1
Westgate Mall Car Park,-1.2566578,36.8035661,2026-08-12 20:00:00,20,2,0,0,50,50,1.0,23,0.4642,1
Student parking,-1.274479,36.805643,2026-08-12 20:00:00,20,2,0,0,50,100,1.0,23,0.469,1
Kenton Rear Parking,-1.2809847,36.7869545,2026-08-12 20:00:00,20,2,0,0,50,100,1.0,14,0.2867,1
Unnamed Parking,-1.2553877,36.8667692,2026-08-12 20:00:00,20,2,0,0,50,100,1.0,15,0.3079,1
Unnamed Parking,-1.259848,36.8644681,2026-08-12 20:00:00,20,2,0,0,50,100,1.19,9,0.1729,1
Travel House Parking,-1.2861727,36.8214386,2026-08-12 20:00:00,20,2,0,0,50,100,1.18,17,0.3352,1
Lenana Parking Lot Area,-1.2900918,36.800209,2026-08-12 20:00:00,20,2,0,0,50,100,1.0,24,0.4765,1
Unnamed Parking,-1.2944773,36.8101427,2026-08-12 20:00:00,20,2,0,0,50,100,1.0,22,0.4414,1
Parking B,-1.2806414,36.8128716,2026-08-12 20:00:00,20,2,0,0,50,100,1.0,19,0.3823,1
MAIN PACKING,-1.2803274,36.8127162,2026-08-12 20:00:00,20,2,0,0,50,100,1.0,20,0.3982,1
YMCA STAFF PARKING,-1.2805756,36.8129968,2026-08-12 20:00:00,20,2,0,0,50,100,1.0,17,0.3449,1
Unnamed Parking,-1.2896057,36.8150615,2026-08-12 21:00:00,21,2,0,0,50,100,1.0,21,0.4164,1
Unnamed Parking,-1.2909796,36.8282672,2026-08-12 21:00:00,21,2,0,0,50,100,1.0,23,0.4613,1
Unnamed Parking,-1.2856445,36.8132893,2026-08-12 21:00:00,21,2,0,0,50,100,1.0,14,0.2707,1
Unnamed Parking,-1.2597359,36.8182597,2026-08-12 21:00:00,21,2,0,0,50,100,1.0,21,0.424,1
Unnamed Parking,-1.2641049,36.8117123,2026-08-12 21:00:00,21,2,0,0,50,100,1.0,24,0.4746,1
InterContinental Hotel Car Park,-1.2873717,36.8192911,2026-08-12 21:00:00,21,2,0,0,50,300,1.15,18,0.3668,1
Unnamed Parking,-1.25013,36.8202579,2026-08-12 21:00:00,21,2,0,0,50,100,1.16,23,0.4561,1
Olympic Bus Terminus,-1.3126351,36.7778212,2026-08-12 21:00:00,21,2,0,0,50,100,1.0,31,0.6252,1
Ayany Car Park,-1.3090339,36.7757579,2026-08-12 21:00:00,21,2,0,0,50,200,1.0,20,0.3917,1
Westgate Mall Car Park,-1.2566578,36.8035661,2026-08-12 21:00:00,21,2,0,0,50,50,1.0,22,0.4315,1
Student parking,-1.274479,36.805643,2026-08-12 21:00:00,21,2,0,0,50,100,1.0,17,0.341,1
Kenton Rear Parking,-1.2809847,36.7869545,2026-08-12 21:00:00,21,2,0,0,50,100,1.0,21,0.4145,1
Unnamed Parking,-1.2553877,36.8667692,2026-08-12 21:00:00,21,2,0,0,50,100,1.0,22,0.4368,1
Unnamed Parking,-1.259848,36.8644681,2026-08-12 21:00:00,21,2,0,0,50,100,1.19,21,0.4156,1
Travel House Parking,-1.2861727,36.8214386,2026-08-12 21:00:00,21,2,0,0,50,100,1.18,16,0.3184,1
Lenana Parking Lot Area,-1.2900918,36.800209,2026-08-12 21:00:00,21,2,0,0,50,100,1.0,21,0.4165,1
Unnamed Parking,-1.2944773,36.8101427,2026-08-12 21:00:00,21,2,0,0,50,100,1.0,26,0.517,1
Parking B,-1.2806414,36.8128716,2026-08-12 21:00:00,21,2,0,0,50,100,1.0,22,0.4359,1
MAIN PACKING,-1.2803274,36.8127162,2026-08-12 21:00:00,21,2,0,0,50,100,1.0,24,0.477,1
YMCA STAFF PARKING,-1.2805756,36.8129968,2026-08-12 21:00:00,21,2,0,0,50,100,1.0,19,0.381,1
Unnamed Parking,-1.2896057,36.8150615,2026-08-12 22:00:00,22,2,0,0,50,100,1.0,23,0.46,1
Unnamed Parking,-1.2909796,36.8282672,2026-08-12 22:00:00,22,2,0,0,50,100,1.0,21,0.4223,1
Unnamed Parking,-1.2856445,36.8132893,2026-08-12 22:00:00,22,2,0,0,50,100,1.0,16,0.3239,1
Unnamed Parking,-1.2597359,36.8182597,2026-08-12 22:00:00,22,2,0,0,50,100,1.0,21,0.4255,1
Unnamed Parking,-1.2641049,36.8117123,2026-08-12 22:00:00,22,2,0,0,50,100,1.0,16,0.3207,1
InterContinental Hotel Car Park,-1.2873717,36.8192911,2026-08-12 22:00:00,22,2,0,0,50,300,1.15,17,0.3494,1
Unnamed Parking,-1.25013,36.8202579,2026-08-12 22:00:00,22,2,0,0,50,100,1.16,21,0.4151,1
Olympic Bus Terminus,-1.3126351,36.7778212,2026-08-12 22:00:00,22,2,0,0,50,100,1.0,21,0.4238,1
Ayany Car Park,-1.3090339,36.7757579,2026-08-12 22:00:00,22,2,0,0,50,200,1.0,15,0.3049,1
Westgate Mall Car Park,-1.2566578,36.8035661,2026-08-12 22:00:00,22,2,0,0,50,50,1.0,24,0.4843,1
Student parking,-1.274479,36.805643,2026-08-12 22:00:00,22,2,0,0,50,100,1.0,22,0.4458,1
Kenton Rear Parking,-1.2809847,36.7869545,2026-08-12 22:00:00,22,2,0,0,50,100,1.0,17,0.3436,1
Unnamed Parking,-1.2553877,36.8667692,2026-08-12 22:00:00,22,2,0,0,50,100,1.0,14,0.277,1
Unnamed Parking,-1.259848,36.8644681,2026-08-12 22:00:00,22,2,0,0,50,100,1.19,19,0.3884,1
Travel House Parking,-1.2861727,36.8214386,2026-08-12 22:00:00,22,2,0,0,50,100,1.18,18,0.3643,1
Lenana Parking Lot Area,-1.2900918,36.800209,2026-08-12 22:00:00,22,2,0,0,50,100,1.0,20,0.4091,1
Unnamed Parking,-1.2944773,36.8101427,2026-08-12 22:00:00,22,2,0,0,50,100,1.0,19,0.371,1
Parking B,-1.2806414,36.8128716,2026-08-12 22:00:00,22,2,0,0,50,100,1.0,12,0.2394,1
MAIN PACKING,-1.2803274,36.8127162,2026-08-12 22:00:00,22,2,0,0,50,100,1.0,18,0.3689,1
YMCA STAFF PARKING,-1.2805756,36.8129968,2026-08-12 22:00:00,22,2,0,0,50,100,1.0,19,0.3756,1
Unnamed Parking,-1.2896057,36.8150615,2026-08-13 06:00:00,6,3,0,0,50,100,1.0,23,0.4507,1
Unnamed Parking,-1.2909796,36.8282672,2026-08-13 06:00:00,6,3,0,0,50,100,1.0,17,0.3441,1
Unnamed Parking,-1.2856445,36.8132893,2026-08-13 06:00:00,6,3,0,0,50,100,1.0,27,0.5343,1
Unnamed Parking,-1.2597359,36.8182597,2026-08-13 06:00:00,6,3,0,0,50,100,1.0,12,0.2471,1
Unnamed Parking,-1.2641049,36.8117123,2026-08-13 06:00:00,6,3,0,0,50,100,1.0,25,0.5049,1
InterContinental Hotel Car Park,-1.2873717,36.8192911,2026-08-13 06:00:00,6,3,0,0,50,300,1.15,19,0.3821,1
Unnamed Parking,-1.25013,36.8202579,2026-08-13 06:00:00,6,3,0,0,50,100,1.16,23,0.4688,1
Olympic Bus Terminus,-1.3126351,36.7778212,2026-08-13 06:00:00,6,3,0,0,50,100,1.0,20,0.4064,1
Ayany Car Park,-1.3090339,36.7757579,2026-08-13 06:00:00,6,3,0,0,50,200,1.0,25,0.4912,1
Westgate Mall Car Park,-1.2566578,36.8035661,2026-08-13 06:00:00,6,3,0,0,50,50,1.0,18,0.369,1
Student parking,-1.274479,36.805643,2026-08-13 06:00:00,6,3,0,0,50,100,1.0,16,0.3121,1
Kenton Rear Parking,-1.2809847,36.7869545,2026-08-13 06:00:00,6,3,0,0,50,100,1.0,26,0.5136,1
Unnamed Parking,-1.2553877,36.8667692,2026-08-13 06:00:00,6,3,0,0,50,100,1.0,20,0.3909,1
Unnamed Parking,-1.259848,36.8644681,2026-08-13 06:00:00,6,3,0,0,50,100,1.19,21,0.4177,1
Travel House Parking,-1.2861727,36.8214386,2026-08-13 06:00:00,6,3,0,0,50,100,1.18,25,0.4988,1
Lenana Parking Lot Area,-1.2900918,36.800209,2026-08-13 06:00:00,6,3,0,0,50,100,1.0,16,0.3174,1
Unnamed Parking,-1.2944773,36.8101427,2026-08-13 06:00:00,6,3,0,0,50,100,1.0,22,0.4476,1
Parking B,-1.2806414,36.8128716,2026-08-13 06:00:00,6,3,0,0,50,100,1.0,18,0.3528,1
MAIN PACKING,-1.2803274,36.8127162,2026-08-13 06:00:00,6,3,0,0,50,100,1.0,19,0.3894,1
YMCA STAFF PARKING,-1.2805756,36.8129968,2026-08-13 06:00:00,6,3,0,0,50,100,1.0,20,0.4058,1
Unnamed Parking,-1.2896057,36.8150615,2026-08-13 07:00:00,7,3,0,0,50,100,1.0,14,0.28,1
Unnamed Parking,-1.2909796,36.8282672,2026-08-13 07:00:00,7,3,0,0,50,100,1.0,17,0.3377,1
Unnamed Parking,-1.2856445,36.8132893,2026-08-13 07:00:00,7,3,0,0,50,100,1.0,25,0.5081,1
Unnamed Parking,-1.2597359,36.8182597,2026-08-13 07:00:00,7,3,0,0,50,100,1.0,24,0.4709,1
Unnamed Parking,-1.2641049,36.8117123,2026-08-13 07:00:00,7,3,0,0,50,100,1.0,20,0.395,1
InterContinental Hotel Car Park,-1.2873717,36.8192911,2026-08-13 07:00:00,7,3,0,0,50,300,1.15,21,0.4194,1
Unnamed Parking,-1.25013,36.8202579,2026-08-13 07:00:00,7,3,0,0,50,100,1.16,19,0.3765,1
Olympic Bus Terminus,-1.3126351,36.7778212,2026-08-13 07:00:00,7,3,0,0,50,100,1.0,25,0.5085,1
Ayany Car Park,-1.3090339,36.7757579,2026-08-13 07:00:00,7,3,0,0,50,200,1.0,19,0.384,1
Westgate Mall Car Park,-1.2566578,36.8035661,2026-08-13 07:00:00,7,3,0,0,50,50,1.0,21,0.4185,1
Student parking,-1.274479,36.805643,2026-08-13 07:00:00,7,3,0,0,50,100,1.0,25,0.4917,1
Kenton Rear Parking,-1.2809847,36.7869545,2026-08-13 07:00:00,7,3,0,0,50,100,1.0,17,0.3378,1
Unnamed Parking,-1.2553877,36.8667692,2026-08-13 07:00:00,7,3,0,0,50,100,1.0,26,0.5247,1
Unnamed Parking,-1.259848,36.8644681,2026-08-13 07:00:00,7,3,0,0,50,100,1.19,14,0.2776,1
Travel House Parking,-1.2861727,36.8214386,2026-08-13 07:00:00,7,3,0,0,50,100,1.18,27,0.5304,1
Lenana Parking Lot Area,-1.2900918,36.800209,2026-08-13 07:00:00,7,3,0,0,50,100,1.0,19,0.3702,1
Unnamed Parking,-1.2944773,36.8101427,2026-08-13 07:00:00,7,3,0,0,50,100,1.0,19,0.3806,1
Parking B,-1.2806414,36.8128716,2026-08-13 07:00:00,7,3,0,0,50,100,1.0,12,0.2488,1
MAIN PACKING,-1.2803274,36.8127162,2026-08-13 07:00:00,7,3,0,0,50,100,1.0,18,0.3636,1
YMCA STAFF PARKING,-1.2805756,36.8129968,2026-08-13 07:00:00,7,3,0,0,50,100,1.0,16,0.3168,1
Unnamed Parking,-1.2896057,36.8150615,2026-08-13 08:00:00,8,3,0,0,50,100,1.0,40,0.8014,1
Unnamed Parking,-1.2909796,36.8282672,2026-08-13 08:00:00,8,3,0,0,50,100,1.0,42,0.839,1
Unnamed Parking,-1.2856445,36.8132893,2026-08-13 08:00:00,8,3,0,0,50,100,1.0,46,0.9266,1
Unnamed Parking,-1.2597359,36.8182597,2026-08-13 08:00:00,8,3,0,0,50,100,1.0,43,0.8666,1
Unnamed Parking,-1.2641049,36.8117123,2026-08-13 08:00:00,8,3,0,0,50,100,1.0,44,0.8746,1
InterContinental Hotel Car Park,-1.2873717,36.8192911,2026-08-13 08:00:00,8,3,0,0,50,300,1.15,38,0.7624,1
Unnamed Parking,-1.25013,36.8202579,2026-08-13 08:00:00,8,3,0,0,50,100,1.16,39,0.7795,1
Olympic Bus Terminus,-1.3126351,36.7778212,2026-08-13 08:00:00,8,3,0,0,50,100,1.0,50,0.9939,0
Ayany Car Park,-1.3090339,36.7757579,2026-08-13 08:00:00,8,3,0,0,50,200,1.0,40,0.7912,1
Westgate Mall Car Park,-1.2566578,36.8035661,2026-08-13 08:00:00,8,3,0,0,50,50,1.0,49,0.9825,0
Student parking,-1.274479,36.805643,2026-08-13 08:00:00,8,3,0,0,50,100,1.0,42,0.8306,1
Kenton Rear Parking,-1.2809847,36.7869545,2026-08-13 08:00:00,8,3,0,0,50,100,1.0,43,0.8502,1
Unnamed Parking,-1.2553877,36.8667692,2026-08-13 08:00:00,8,3,0,0,50,100,1.0,47,0.9356,1
Unnamed Parking,-1.259848,36.8644681,2026-08-13 08:00:00,8,3,0,0,50,100,1.19,48,0.9518,0
Travel House Parking,-1.2861727,36.8214386,2026-08-13 08:00:00,8,3,0,0,50,100,1.18,42,0.8411,1
Lenana Parking Lot Area,-1.2900918,36.800209,2026-08-13 08:00:00,8,3,0,0,50,100,1.0,41,0.8189,1
Unnamed Parking,-1.2944773,36.8101427,2026-08-13 08:00:00,8,3,0,0,50,100,1.0,42,0.8455,1
Parking B,-1.2806414,36.8128716,2026-08-13 08:00:00,8,3,0,0,50,100,1.0,44,0.877,1
MAIN PACKING,-1.2803274,36.8127162,2026-08-13 08:00:00,8,3,0,0,50,100,1.0,46,0.9213,1
YMCA STAFF PARKING,-1.2805756,36.8129968,2026-08-13 08:00:00,8,3,0,0,50,100,1.0,43,0.8503,1
Unnamed Parking,-1.2896057,36.8150615,2026-08-13 09:00:00,9,3,0,0,50,100,1.0,45,0.8995,1
Unnamed Parking,-1.2909796,36.8282672,2026-08-13 09:00:00,9,3,0,0,50,100,1.0,49,0.9811,0
Unnamed Parking,-1.2856445,36.8132893,2026-08-13 09:00:00,9,3,0,0,50,100,1.0,44,0.8805,1
Unnamed Parking,-1.2597359,36.8182597,2026-08-13 09:00:00,9,3,0,0,50,100,1.0,44,0.8749,1
Unnamed Parking,-1.2641049,36.8117123,2026-08-13 09:00:00,9,3,0,0,50,100,1.0,36,0.7285,1
InterContinental Hotel Car Park,-1.2873717,36.8192911,2026-08-13 09:00:00,9,3,0,0,50,300,1.15,32,0.6395,1
Unnamed Parking,-1.25013,36.8202579,2026-08-13 09:00:00,9,3,0,0,50,100,1.16,44,0.8811,1
Olympic Bus Terminus,-1.3126351,36.7778212,2026-08-13 09:00:00,9,3,0,0,50,100,1.0,42,0.8424,1
Ayany Car Park,-1.3090339,36.7757579,2026-08-13 09:00:00,9,3,0,0,50,200,1.0,40,0.8088,1
Westgate Mall Car Park,-1.2566578,36.8035661,2026-08-13 09:00:00,9,3,0,0,50,50,1.0,43,0.8695,1
Student parking,-1.274479,36.805643,2026-08-13 09:00:00,9,3,0,0,50,100,1.0,42,0.8452,1
Kenton Rear Parking,-1.2809847,36.7869545,2026-08-13 09:00:00,9,3,0,0,50,100,1.0,47,0.9402,1
Unnamed Parking,-1.2553877,36.8667692,2026-08-13 09:00:00,9,3,0,0,50,100,1.0,43,0.8569,1
Unnamed Parking,-1.259848,36.8644681,2026-08-13 09:00:00,9,3,0,0,50,100,1.19,40,0.7902,1
Travel House Parking,-1.2861727,36.8214386,2026-08-13 09:00:00,9,3,0,0,50,100,1.18,46,0.9292,1
Lenana Parking Lot Area,-1.2900918,36.800209,2026-08-13 09:00:00,9,3,0,0,50,100,1.0,42,0.8326,1
Unnamed Parking,-1.2944773,36.8101427,2026-08-13 09:00:00,9,3,0,0,50,100,1.0,45,0.8921,1
Parking B,-1.2806414,36.8128716,2026-08-13 09:00:00,9,3,0,0,50,100,1.0,41,0.8118,1
MAIN PACKING,-1.2803274,36.8127162,2026-08-13 09:00:00,9,3,0,0,50,100,1.0,40,0.798,1
YMCA STAFF PARKING,-1.2805756,36.8129968,2026-08-13 09:00:00,9,3,0,0,50,100,1.0,43,0.8567,1
Unnamed Parking,-1.2896057,36.8150615,2026-08-13 10:00:00,10,3,0,0,50,100,1.0,43,0.851,1
Unnamed Parking,-1.2909796,36.8282672,2026-08-13 10:00:00,10,3,0,0,50,100,1.0,44,0.8884,1
Unnamed Parking,-1.2856445,36.8132893,2026-08-13 10:00:00,10,3,0,0,50,100,1.0,41,0.8285,1
Unnamed Parking,-1.2597359,36.8182597,2026-08-13 10:00:00,10,3,0,0,50,100,1.0,35,0.7031,1
Unnamed Parking,-1.2641049,36.8117123,2026-08-13 10:00:00,10,3,0,0,50,100,1.0,41,0.8154,1
InterContinental Hotel Car Park,-1.2873717,36.8192911,2026-08-13 10:00:00,10,3,0,0,50,300,1.15,46,0.9135,1
Unnamed Parking,-1.25013,36.8202579,2026-08-13 10:00:00,10,3,0,0,50,100,1.16,41,0.8262,1
Olympic Bus Terminus,-1.3126351,36.7778212,2026-08-13 10:00:00,10,3,0,0,50,100,1.0,42,0.8303,1
Ayany Car Park,-1.3090339,36.7757579,2026-08-13 10:00:00,10,3,0,0,50,200,1.0,46,0.9289,1
Westgate Mall Car Park,-1.2566578,36.8035661,2026-08-13 10:00:00,10,3,0,0,50,50,1.0,40,0.793,1
Student parking,-1.274479,36.805643,2026-08-13 10:00:00,10,3,0,0,50,100,1.0,36,0.7266,1
Kenton Rear Parking,-1.2809847,36.7869545,2026-08-13 10:00:00,10,3,0,0,50,100,1.0,42,0.8371,1
Unnamed Parking,-1.2553877,36.8667692,2026-08-13 10:00:00,10,3,0,0,50,100,1.0,41,0.8113,1
Unnamed Parking,-1.259848,36.8644681,2026-08-13 10:00:00,10,3,0,0,50,100,1.19,39,0.7727,1
Travel House Parking,-1.2861727,36.8214386,2026-08-13 10:00:00,10,3,0,0,50,100,1.18,42,0.836,1
Lenana Parking Lot Area,-1.2900918,36.800209,2026-08-13 10:00:00,10,3,0,0,50,100,1.0,44,0.8893,1
Unnamed Parking,-1.2944773,36.8101427,2026-08-13 10:00:00,10,3,0,0,50,100,1.0,42,0.8493,1
Parking B,-1.2806414,36.8128716,2026-08-13 10:00:00,10,3,0,0,50,100,1.0,44,0.8746,1
MAIN PACKING,-1.2803274,36.8127162,2026-08-13 10:00:00,10,3,0,0,50,100,1.0,50,0.9951,0
YMCA STAFF PARKING,-1.2805756,36.8129968,2026-08-13 10:00:00,10,3,0,0,50,100,1.0,41,0.8226,1
Unnamed Parking,-1.2896057,36.8150615,2026-08-13 11:00:00,11,3,0,0,50,100,1.0,44,0.8723,1
Unnamed Parking,-1.2909796,36.8282672,2026-08-13 11:00:00,11,3,0,0,50,100,1.0,40,0.8093,1
Unnamed Parking,-1.2856445,36.8132893,2026-08-13 11:00:00,11,3,0,0,50,100,1.0,39,0.7823,1
Unnamed Parking,-1.2597359,36.8182597,2026-08-13 11:00:00,11,3,0,0,50,100,1.0,40,0.8032,1
Unnamed Parking,-1.2641049,36.8117123,2026-08-13 11:00:00,11,3,0,0,50,100,1.0,41,0.8117,1
InterContinental Hotel Car Park,-1.2873717,36.8192911,2026-08-13 11:00:00,11,3,0,0,50,300,1.15,44,0.8788,1
Unnamed Parking,-1.25013,36.8202579,2026-08-13 11:00:00,11,3,0,0,50,100,1.16,50,1.0,0
Olympic Bus Terminus,-1.3126351,36.7778212,2026-08-13 11:00:00,11,3,0,0,50,100,1.0,40,0.7927,1
Ayany Car Park,-1.3090339,36.7757579,2026-08-13 11:00:00,11,3,0,0,50,200,1.0,41,0.8167,1
Westgate Mall Car Park,-1.2566578,36.8035661,2026-08-13 11:00:00,11,3,0,0,50,50,1.0,42,0.845,1
Student parking,-1.274479,36.805643,2026-08-13 11:00:00,11,3,0,0,50,100,1.0,44,0.8817,1
Kenton Rear Parking,-1.2809847,36.7869545,2026-08-13 11:00:00,11,3,0,0,50,100,1.0,44,0.8711,1
Unnamed Parking,-1.2553877,36.8667692,2026-08-13 11:00:00,11,3,0,0,50,100,1.0,48,0.9527,0
Unnamed Parking,-1.259848,36.8644681,2026-08-13 11:00:00,11,3,0,0,50,100,1.19,33,0.6559,1
Travel House Parking,-1.2861727,36.8214386,2026-08-13 11:00:00,11,3,0,0,50,100,1.18,33,0.659,1
Lenana Parking Lot Area,-1.2900918,36.800209,2026-08-13 11:00:00,11,3,0,0,50,100,1.0,41,0.8103,1
Unnamed Parking,-1.2944773,36.8101427,2026-08-13 11:00:00,11,3,0,0,50,100,1.0,47,0.9378,1
Parking B,-1.2806414,36.8128716,2026-08-13 11:00:00,11,3,0,0,50,100,1.0,36,0.7247,1
MAIN PACKING,-1.2803274,36.8127162,2026-08-13 11:00:00,11,3,0,0,50,100,1.0,30,0.6094,1
YMCA STAFF PARKING,-1.2805756,36.8129968,2026-08-13 11:00:00,11,3,0,0,50,100,1.0,45,0.8957,1
Unnamed Parking,-1.2896057,36.8150615,2026-08-13 12:00:00,12,3,0,0,50,100,1.0,36,0.7195,1
Unnamed Parking,-1.2909796,36.8282672,2026-08-13 12:00:00,12,3,0,0,50,100,1.0,31,0.6128,1
Unnamed Parking,-1.2856445,36.8132893,2026-08-13 12:00:00,12,3,0,0,50,100,1.0,31,0.6212,1
Unnamed Parking,-1.2597359,36.8182597,2026-08-13 12:00:00,12,3,0,0,50,100,1.0,31,0.6224,1
Unnamed Parking,-1.2641049,36.8117123,2026-08-13 12:00:00,12,3,0,0,50,100,1.0,35,0.7088,1
InterContinental Hotel Car Park,-1.2873717,36.8192911,2026-08-13 12:00:00,12,3,0,0,50,300,1.15,32,0.6499,1
Unnamed Parking,-1.25013,36.8202579,2026-08-13 12:00:00,12,3,0,0,50,100,1.16,37,0.7395,1
Olympic Bus Terminus,-1.3126351,36.7778212,2026-08-13 12:00:00,12,3,0,0,50,100,1.0,24,0.4716,1
Ayany Car Park,-1.3090339,36.7757579,2026-08-13 12:00:00,12,3,0,0,50,200,1.0,32,0.6315,1
Westgate Mall Car Park,-1.2566578,36.8035661,2026-08-13 12:00:00,12,3,0,0,50,50,1.0,30,0.6099,1
Student parking,-1.274479,36.805643,2026-08-13 12:00:00,12,3,0,0,50,100,1.0,34,0.6795,1
Kenton Rear Parking,-1.2809847,36.7869545,2026-08-13 12:00:00,12,3,0,0,50,100,1.0,33,0.657,1
Unnamed Parking,-1.2553877,36.8667692,2026-08-13 12:00:00,12,3,0,0,50,100,1.0,38,0.7638,1
Unnamed Parking,-1.259848,36.8644681,2026-08-13 12:00:00,12,3,0,0,50,100,1.19,28,0.5513,1
Travel House Parking,-1.2861727,36.8214386,2026-08-13 12:00:00,12,3,0,0,50,100,1.18,35,0.7036,1
Lenana Parking Lot Area,-1.2900918,36.800209,2026-08-13 12:00:00,12,3,0,0,50,100,1.0,37,0.7447,1
Unnamed Parking,-1.2944773,36.8101427,2026-08-13 12:00:00,12,3,0,0,50,100,1.0,42,0.8485,1
Parking B,-1.2806414,36.8128716,2026-08-13 12:00:00,12,3,0,0,50,100,1.0,33,0.6615,1
MAIN PACKING,-1.2803274,36.8127162,2026-08-13 12:00:00,12,3,0,0,50,100,1.0,36,0.726,1
YMCA STAFF PARKING,-1.2805756,36.8129968,2026-08-13 12:00:00,12,3,0,0,50,100,1.0,28,0.5557,1
Unnamed Parking,-1.2896057,36.8150615,2026-08-13 13:00:00,13,3,0,0,50,100,1.0,33,0.6586,1
Unnamed Parking,-1.2909796,36.8282672,2026-08-13 13:00:00,13,3,0,0,50,100,1.0,46,0.9176,1
Unnamed Parking,-1.2856445,36.8132893,2026-08-13 13:00:00,13,3,0,0,50,100,1.0,42,0.8496,1
Unnamed Parking,-1.2597359,36.8182597,2026-08-13 13:00:00,13,3,0,0,50,100,1.0,47,0.9443,1
Unnamed Parking,-1.2641049,36.8117123,2026-08-13 13:00:00,13,3,0,0,50,100,1.0,37,0.7401,1
InterContinental Hotel Car Park,-1.2873717,36.8192911,2026-08-13 13:00:00,13,3,0,0,50,300,1.15,45,0.8916,1
Unnamed Parking,-1.25013,36.8202579,2026-08-13 13:00:00,13,3,0,0,50,100,1.16,50,0.9995,0
Olympic Bus Terminus,-1.3126351,36.7778212,2026-08-13 13:00:00,13,3,0,0,50,100,1.0,44,0.8836,1
Ayany Car Park,-1.3090339,36.7757579,2026-08-13 13:00:00,13,3,0,0,50,200,1.0,44,0.8721,1
Westgate Mall Car Park,-1.2566578,36.8035661,2026-08-13 13:00:00,13,3,0,0,50,50,1.0,43,0.8507,1
Student parking,-1.274479,36.805643,2026-08-13 13:00:00,13,3,0,0,50,100,1.0,36,0.7243,1
Kenton Rear Parking,-1.2809847,36.7869545,2026-08-13 13:00:00,13,3,0,0,50,100,1.0,48,0.9584,0
Unnamed Parking,-1.2553877,36.8667692,2026-08-13 13:00:00,13,3,0,0,50,100,1.0,40,0.8011,1
Unnamed Parking,-1.259848,36.8644681,2026-08-13 13:00:00,13,3,0,0,50,100,1.19,45,0.8904,1
Travel House Parking,-1.2861727,36.8214386,2026-08-13 13:00:00,13,3,0,0,50,100,1.18,36,0.725,1
Lenana Parking Lot Area,-1.2900918,36.800209,2026-08-13 13:00:00,13,3,0,0,50,100,1.0,38,0.7556,1
Unnamed Parking,-1.2944773,36.8101427,2026-08-13 13:00:00,13,3,0,0,50,100,1.0,48,0.9648,0
Parking B,-1.2806414,36.8128716,2026-08-13 13:00:00,13,3,0,0,50,100,1.0,41,0.8222,1
MAIN PACKING,-1.2803274,36.8127162,2026-08-13 13:00:00,13,3,0,0,50,100,1.0,48,0.9663,0
YMCA STAFF PARKING,-1.2805756,36.8129968,2026-08-13 13:00:00,13,3,0,0,50,100,1.0,42,0.8437,1
Unnamed Parking,-1.2896057,36.8150615,2026-08-13 14:00:00,14,3,0,0,50,100,1.0,35,0.7026,1
Unnamed Parking,-1.2909796,36.8282672,2026-08-13 14:00:00,14,3,0,0,50,100,1.0,46,0.9214,1
Unnamed Parking,-1.2856445,36.8132893,2026-08-13 14:00:00,14,3,0,0,50,100,1.0,40,0.8028,1
Unnamed Parking,-1.2597359,36.8182597,2026-08-13 14:00:00,14,3,0,0,50,100,1.0,45,0.9059,1
Unnamed Parking,-1.2641049,36.8117123,2026-08-13 14:00:00,14,3,0,0,50,100,1.0,43,0.852,1
InterContinental Hotel Car Park,-1.2873717,36.8192911,2026-08-13 14:00:00,14,3,0,0,50,300,1.15,36,0.7266,1
Unnamed Parking,-1.25013,36.8202579,2026-08-13 14:00:00,14,3,0,0,50,100,1.16,43,0.8631,1
Olympic Bus Terminus,-1.3126351,36.7778212,2026-08-13 14:00:00,14,3,0,0,50,100,1.0,50,1.0,0
Ayany Car Park,-1.3090339,36.7757579,2026-08-13 14:00:00,14,3,0,0,50,200,1.0,44,0.8894,1
Westgate Mall Car Park,-1.2566578,36.8035661,2026-08-13 14:00:00,14,3,0,0,50,50,1.0,42,0.8454,1
Student parking,-1.274479,36.805643,2026-08-13 14:00:00,14,3,0,0,50,100,1.0,47,0.936,1
Kenton Rear Parking,-1.2809847,36.7869545,2026-08-13 14:00:00,14,3,0,0,50,100,1.0,43,0.8669,1
Unnamed Parking,-1.2553877,36.8667692,2026-08-13 14:00:00,14,3,0,0,50,100,1.0,43,0.8668,1
Unnamed Parking,-1.259848,36.8644681,2026-08-13 14:00:00,14,3,0,0,50,100,1.19,38,0.7627,1
Travel House Parking,-1.2861727,36.8214386,2026-08-13 14:00:00,14,3,0,0,50,100,1.18,43,0.8687,1
Lenana Parking Lot Area,-1.2900918,36.800209,2026-08-13 14:00:00,14,3,0,0,50,100,1.0,47,0.9328,1
Unnamed Parking,-1.2944773,36.8101427,2026-08-13 14:00:00,14,3,0,0,50,100,1.0,39,0.7831,1
Parking B,-1.2806414,36.8128716,2026-08-13 14:00:00,14,3,0,0,50,100,1.0,48,0.964,0
MAIN PACKING,-1.2803274,36.8127162,2026-08-13 14:00:00,14,3,0,0,50,100,1.0,42,0.8427,1
YMCA STAFF PARKING,-1.2805756,36.8129968,2026-08-13 14:00:00,14,3,0,0,50,100,1.0,39,0.779,1
Unnamed Parking,-1.2896057,36.8150615,2026-08-13 15:00:00,15,3,0,0,50,100,1.0,46,0.9298,1
Unnamed Parking,-1.2909796,36.8282672,2026-08-13 15:00:00,15,3,0,0,50,100,1.0,41,0.8271,1
Unnamed Parking,-1.2856445,36.8132893,2026-08-13 15:00:00,15,3,0,0,50,100,1.0,46,0.9108,1
Unnamed Parking,-1.2597359,36.8182597,2026-08-13 15:00:00,15,3,0,0,50,100,1.0,41,0.8267,1
Unnamed Parking,-1.2641049,36.8117123,2026-08-13 15:00:00,15,3,0,0,50,100,1.0,42,0.8452,1
InterContinental Hotel Car Park,-1.2873717,36.8192911,2026-08-13 15:00:00,15,3,0,0,50,300,1.15,44,0.8895,1
Unnamed Parking,-1.25013,36.8202579,2026-08-13 15:00:00,15,3,0,0,50,100,1.16,44,0.8733,1
Olympic Bus Terminus,-1.3126351,36.7778212,2026-08-13 15:00:00,15,3,0,0,50,100,1.0,35,0.6904,1
Ayany Car Park,-1.3090339,36.7757579,2026-08-13 15:00:00,15,3,0,0,50,200,1.0,38,0.7603,1
Westgate Mall Car Park,-1.2566578,36.8035661,2026-08-13 15:00:00,15,3,0,0,50,50,1.0,46,0.9244,1
Student parking,-1.274479,36.805643,2026-08-13 15:00:00,15,3,0,0,50,100,1.0,42,0.8394,1
Kenton Rear Parking,-1.2809847,36.7869545,2026-08-13 15:00:00,15,3,0,0,50,100,1.0,40,0.8081,1
Unnamed Parking,-1.2553877,36.8667692,2026-08-13 15:00:00,15,3,0,0,50,100,1.0,37,0.7413,1
Unnamed Parking,-1.259848,36.8644681,2026-08-13 15:00:00,15,3,0,0,50,100,1.19,38,0.7636,1
Travel House Parking,-1.2861727,36.8214386,2026-08-13 15:00:00,15,3,0,0,50,100,1.18,34,0.6883,1
Lenana Parking Lot Area,-1.2900918,36.800209,2026-08-13 15:00:00,15,3,0,0,50,100,1.0,42,0.8419,1
Unnamed Parking,-1.2944773,36.8101427,2026-08-13 15:00:00,15,3,0,0,50,100,1.0,40,0.8021,1
Parking B,-1.2806414,36.8128716,2026-08-13 15:00:00,15,3,0,0,50,100,1.0,39,0.7727,1
MAIN PACKING,-1.2803274,36.8127162,2026-08-13 15:00:00,15,3,0,0,50,100,1.0,42,0.8446,1
YMCA STAFF PARKING,-1.2805756,36.8129968,2026-08-13 15:00:00,15,3,0,0,50,100,1.0,44,0.8791,1
Unnamed Parking,-1.2896057,36.8150615,2026-08-13 16:00:00,16,3,0,0,50,100,1.0,50,1.0,0
Unnamed Parking,-1.2909796,36.8282672,2026-08-13 16:00:00,16,3,0,0,50,100,1.0,36,0.729,1
Unnamed Parking,-1.2856445,36.8132893,2026-08-13 16:00:00,16,3,0,0,50,100,1.0,47,0.9428,1
Unnamed Parking,-1.2597359,36.8182597,2026-08-13 16:00:00,16,3,0,0,50,100,1.0,46,0.9278,1
Unnamed Parking,-1.2641049,36.8117123,2026-08-13 16:00:00,16,3,0,0,50,100,1.0,39,0.7877,1
InterContinental Hotel Car Park,-1.2873717,36.8192911,2026-08-13 16:00:00,16,3,0,0,50,300,1.15,43,0.8663,1
Unnamed Parking,-1.25013,36.8202579,2026-08-13 16:00:00,16,3,0,0,50,100,1.16,41,0.8134,1
Olympic Bus Terminus,-1.3126351,36.7778212,2026-08-13 16:00:00,16,3,0,0,50,100,1.0,43,0.8649,1
Ayany Car Park,-1.3090339,36.7757579,2026-08-13 16:00:00,16,3,0,0,50,200,1.0,49,0.9707,0
Westgate Mall Car Park,-1.2566578,36.8035661,2026-08-13 16:00:00,16,3,0,0,50,50,1.0,45,0.8984,1
Student parking,-1.274479,36.805643,2026-08-13 16:00:00,16,3,0,0,50,100,1.0,45,0.8907,1
Kenton Rear Parking,-1.2809847,36.7869545,2026-08-13 16:00:00,16,3,0,0,50,100,1.0,41,0.8156,1
Unnamed Parking,-1.2553877,36.8667692,2026-08-13 16:00:00,16,3,0,0,50,100,1.0,37,0.7313,1
Unnamed Parking,-1.259848,36.8644681,2026-08-13 16:00:00,16,3,0,0,50,100,1.19,42,0.8333,1
Travel House Parking,-1.2861727,36.8214386,2026-08-13 16:00:00,16,3,0,0,50,100,1.18,47,0.9465,1
Lenana Parking Lot Area,-1.2900918,36.800209,2026-08-13 16:00:00,16,3,0,0,50,100,1.0,36,0.7278,1
Unnamed Parking,-1.2944773,36.8101427,2026-08-13 16:00:00,16,3,0,0,50,100,1.0,38,0.7656,1
Parking B,-1.2806414,36.8128716,2026-08-13 16:00:00,16,3,0,0,50,100,1.0,43,0.8601,1
MAIN PACKING,-1.2803274,36.8127162,2026-08-13 16:00:00,16,3,0,0,50,100,1.0,39,0.7712,1
YMCA STAFF PARKING,-1.2805756,36.8129968,2026-08-13 16:00:00,16,3,0,0,50,100,1.0,39,0.7866,1
Unnamed Parking,-1.2896057,36.8150615,2026-08-13 17:00:00,17,3,0,0,50,100,1.0,33,0.6661,1
Unnamed Parking,-1.2909796,36.8282672,2026-08-13 17:00:00,17,3,0,0,50,100,1.0,30,0.5908,1
Unnamed Parking,-1.2856445,36.8132893,2026-08-13 17:00:00,17,3,0,0,50,100,1.0,31,0.6221,1
Unnamed Parking,-1.2597359,36.8182597,2026-08-13 17:00:00,17,3,0,0,50,100,1.0,38,0.7563,1
Unnamed Parking,-1.2641049,36.8117123,2026-08-13 17:00:00,17,3,0,0,50,100,1.0,30,0.5954,1
InterContinental Hotel Car Park,-1.2873717,36.8192911,2026-08-13 17:00:00,17,3,0,0,50,300,1.15,29,0.5722,1
Unnamed Parking,-1.25013,36.8202579,2026-08-13 17:00:00,17,3,0,0,50,100,1.16,32,0.6496,1
Olympic Bus Terminus,-1.3126351,36.7778212,2026-08-13 17:00:00,17,3,0,0,50,100,1.0,38,0.7586,1
Ayany Car Park,-1.3090339,36.7757579,2026-08-13 17:00:00,17,3,0,0,50,200,1.0,34,0.6842,1
Westgate Mall Car Park,-1.2566578,36.8035661,2026-08-13 17:00:00,17,3,0,0,50,50,1.0,33,0.6628,1
Student parking,-1.274479,36.805643,2026-08-13 17:00:00,17,3,0,0,50,100,1.0,35,0.7035,1
Kenton Rear Parking,-1.2809847,36.7869545,2026-08-13 17:00:00,17,3,0,0,50,100,1.0,28,0.5603,1
Unnamed Parking,-1.2553877,36.8667692,2026-08-13 17:00:00,17,3,0,0,50,100,1.0,37,0.7396,1
Unnamed Parking,-1.259848,36.8644681,2026-08-13 17:00:00,17,3,0,0,50,100,1.19,37,0.7307,1
Travel House Parking,-1.2861727,36.8214386,2026-08-13 17:00:00,17,3,0,0,50,100,1.18,33,0.6673,1
Lenana Parking Lot Area,-1.2900918,36.800209,2026-08-13 17:00:00,17,3,0,0,50,100,1.0,39,0.7805,1
Unnamed Parking,-1.2944773,36.8101427,2026-08-13 17:00:00,17,3,0,0,50,100,1.0,30,0.6098,1
Parking B,-1.2806414,36.8128716,2026-08-13 17:00:00,17,3,0,0,50,100,1.0,40,0.7902,1
MAIN PACKING,-1.2803274,36.8127162,2026-08-13 17:00:00,17,3,0,0,50,100,1.0,36,0.7124,1
YMCA STAFF PARKING,-1.2805756,36.8129968,2026-08-13 17:00:00,17,3,0,0,50,100,1.0,34,0.6731,1
Unnamed Parking,-1.2896057,36.8150615,2026-08-13 18:00:00,18,3,0,0,50,100,1.0,35,0.6984,1
Unnamed Parking,-1.2909796,36.8282672,2026-08-13 18:00:00,18,3,0,0,50,100,1.0,35,0.6914,1
Unnamed Parking,-1.2856445,36.8132893,2026-08-13 18:00:00,18,3,0,0,50,100,1.0,40,0.7976,1
Unnamed Parking,-1.2597359,36.8182597,2026-08-13 18:00:00,18,3,0,0,50,100,1.0,31,0.6139,1
Unnamed Parking,-1.2641049,36.8117123,2026-08-13 18:00:00,18,3,0,0,50,100,1.0,32,0.639,1
InterContinental Hotel Car Park,-1.2873717,36.8192911,2026-08-13 18:00:00,18,3,0,0,50,300,1.15,39,0.7829,1
Unnamed Parking,-1.25013,36.8202579,2026-08-13 18:00:00,18,3,0,0,50,100,1.16,33,0.6524,1
Olympic Bus Terminus,-1.3126351,36.7778212,2026-08-13 18:00:00,18,3,0,0,50,100,1.0,39,0.772,1
Ayany Car Park,-1.3090339,36.7757579,2026-08-13 18:00:00,18,3,0,0,50,200,1.0,42,0.836,1
Westgate Mall Car Park,-1.2566578,36.8035661,2026-08-13 18:00:00,18,3,0,0,50,50,1.0,33,0.6679,1
Student parking,-1.274479,36.805643,2026-08-13 18:00:00,18,3,0,0,50,100,1.0,38,0.7545,1
Kenton Rear Parking,-1.2809847,36.7869545,2026-08-13 18:00:00,18,3,0,0,50,100,1.0,30,0.6077,1
Unnamed Parking,-1.2553877,36.8667692,2026-08-13 18:00:00,18,3,0,0,50,100,1.0,38,0.7604,1
Unnamed Parking,-1.259848,36.8644681,2026-08-13 18:00:00,18,3,0,0,50,100,1.19,36,0.716,1
Travel House Parking,-1.2861727,36.8214386,2026-08-13 18:00:00,18,3,0,0,50,100,1.18,37,0.7378,1
Lenana Parking Lot Area,-1.2900918,36.800209,2026-08-13 18:00:00,18,3,0,0,50,100,1.0,32,0.6484,1
Unnamed Parking,-1.2944773,36.8101427,2026-08-13 18:00:00,18,3,0,0,50,100,1.0,28,0.5671,1
Parking B,-1.2806414,36.8128716,2026-08-13 18:00:00,18,3,0,0,50,100,1.0,37,0.7403,1
MAIN PACKING,-1.2803274,36.8127162,2026-08-13 18:00:00,18,3,0,0,50,100,1.0,27,0.5349,1
YMCA STAFF PARKING,-1.2805756,36.8129968,2026-08-13 18:00:00,18,3,0,0,50,100,1.0,34,0.6746,1
Unnamed Parking,-1.2896057,36.8150615,2026-08-13 19:00:00,19,3,0,0,50,100,1.0,24,0.4753,1
Unnamed Parking,-1.2909796,36.8282672,2026-08-13 19:00:00,19,3,0,0,50,100,1.0,21,0.4154,1
Unnamed Parking,-1.2856445,36.8132893,2026-08-13 19:00:00,19,3,0,0,50,100,1.0,28,0.5559,1
Unnamed Parking,-1.2597359,36.8182597,2026-08-13 19:00:00,19,3,0,0,50,100,1.0,24,0.482,1
Unnamed Parking,-1.2641049,36.8117123,2026-08-13 19:00:00,19,3,0,0,50,100,1.0,17,0.3477,1
InterContinental Hotel Car Park,-1.2873717,36.8192911,2026-08-13 19:00:00,19,3,0,0,50,300,1.15,20,0.4022,1
Unnamed Parking,-1.25013,36.8202579,2026-08-13 19:00:00,19,3,0,0,50,100,1.16,20,0.3962,1
Olympic Bus Terminus,-1.3126351,36.7778212,2026-08-13 19:00:00,19,3,0,0,50,100,1.0,14,0.2734,1
Ayany Car Park,-1.3090339,36.7757579,2026-08-13 19:00:00,19,3,0,0,50,200,1.0,16,0.3248,1
Westgate Mall Car Park,-1.2566578,36.8035661,2026-08-13 19:00:00,19,3,0,0,50,50,1.0,18,0.3551,1
Student parking,-1.274479,36.805643,2026-08-13 19:00:00,19,3,0,0,50,100,1.0,12,0.2371,1
Kenton Rear Parking,-1.2809847,36.7869545,2026-08-13 19:00:00,19,3,0,0,50,100,1.0,20,0.4038,1
Unnamed Parking,-1.2553877,36.8667692,2026-08-13 19:00:00,19,3,0,0,50,100,1.0,19,0.3801,1
Unnamed Parking,-1.259848,36.8644681,2026-08-13 19:00:00,19,3,0,0,50,100,1.19,13,0.2662,1
Travel House Parking,-1.2861727,36.8214386,2026-08-13 19:00:00,19,3,0,0,50,100,1.18,22,0.4323,1
Lenana Parking Lot Area,-1.2900918,36.800209,2026-08-13 19:00:00,19,3,0,0,50,100,1.0,23,0.4573,1
Unnamed Parking,-1.2944773,36.8101427,2026-08-13 19:00:00,19,3,0,0,50,100,1.0,21,0.4182,1
Parking B,-1.2806414,36.8128716,2026-08-13 19:00:00,19,3,0,0,50,100,1.0,19,0.3741,1
MAIN PACKING,-1.2803274,36.8127162,2026-08-13 19:00:00,19,3,0,0,50,100,1.0,22,0.4473,1
YMCA STAFF PARKING,-1.2805756,36.8129968,2026-08-13 19:00:00,19,3,0,0,50,100,1.0,23,0.4544,1
Unnamed Parking,-1.2896057,36.8150615,2026-08-13 20:00:00,20,3,0,0,50,100,1.0,21,0.4246,1
Unnamed Parking,-1.2909796,36.8282672,2026-08-13 20:00:00,20,3,0,0,50,100,1.0,17,0.334,1
Unnamed Parking,-1.2856445,36.8132893,2026-08-13 20:00:00,20,3,0,0,50,100,1.0,21,0.4221,1
Unnamed Parking,-1.2597359,36.8182597,2026-08-13 20:00:00,20,3,0,0,50,100,1.0,25,0.4956,1
Unnamed Parking,-1.2641049,36.8117123,2026-08-13 20:00:00,20,3,0,0,50,100,1.0,18,0.3523,1
InterContinental Hotel Car Park,-1.2873717,36.8192911,2026-08-13 20:00:00,20,3,0,0,50,300,1.15,28,0.5678,1
Unnamed Parking,-1.25013,36.8202579,2026-08-13 20:00:00,20,3,0,0,50,100,1.16,18,0.3579,1
Olympic Bus Terminus,-1.3126351,36.7778212,2026-08-13 20:00:00,20,3,0,0,50,100,1.0,20,0.4026,1
Ayany Car Park,-1.3090339,36.7757579,2026-08-13 20:00:00,20,3,0,0,50,200,1.0,17,0.3462,1
Westgate Mall Car Park,-1.2566578,36.8035661,2026-08-13 20:00:00,20,3,0,0,50,50,1.0,21,0.4179,1
Student parking,-1.274479,36.805643,2026-08-13 20:00:00,20,3,0,0,50,100,1.0,13,0.2606,1
Kenton Rear Parking,-1.2809847,36.7869545,2026-08-13 20:00:00,20,3,0,0,50,100,1.0,18,0.3563,1
Unnamed Parking,-1.2553877,36.8667692,2026-08-13 20:00:00,20,3,0,0,50,100,1.0,16,0.3126,1
Unnamed Parking,-1.259848,36.8644681,2026-08-13 20:00:00,20,3,0,0,50,100,1.19,21,0.4108,1
Travel House Parking,-1.2861727,36.8214386,2026-08-13 20:00:00,20,3,0,0,50,100,1.18,24,0.4796,1
Lenana Parking Lot Area,-1.2900918,36.800209,2026-08-13 20:00:00,20,3,0,0,50,100,1.0,23,0.4517,1
Unnamed Parking,-1.2944773,36.8101427,2026-08-13 20:00:00,20,3,0,0,50,100,1.0,11,0.2103,1
Parking B,-1.2806414,36.8128716,2026-08-13 20:00:00,20,3,0,0,50,100,1.0,28,0.5634,1
MAIN PACKING,-1.2803274,36.8127162,2026-08-13 20:00:00,20,3,0,0,50,100,1.0,21,0.4236,1
YMCA STAFF PARKING,-1.2805756,36.8129968,2026-08-13 20:00:00,20,3,0,0,50,100,1.0,17,0.3379,1
Unnamed Parking,-1.2896057,36.8150615,2026-08-13 21:00:00,21,3,0,0,50,100,1.0,21,0.4126,1
Unnamed Parking,-1.2909796,36.8282672,2026-08-13 21:00:00,21,3,0,0,50,100,1.0,21,0.4141,1
Unnamed Parking,-1.2856445,36.8132893,2026-08-13 21:00:00,21,3,0,0,50,100,1.0,17,0.3467,1
Unnamed Parking,-1.2597359,36.8182597,2026-08-13 21:00:00,21,3,0,0,50,100,1.0,21,0.4158,1
Unnamed Parking,-1.2641049,36.8117123,2026-08-13 21:00:00,21,3,0,0,50,100,1.0,18,0.3514,1
InterContinental Hotel Car Park,-1.2873717,36.8192911,2026-08-13 21:00:00,21,3,0,0,50,300,1.15,18,0.3677,1
Unnamed Parking,-1.25013,36.8202579,2026-08-13 21:00:00,21,3,0,0,50,100,1.16,17,0.3451,1
Olympic Bus Terminus,-1.3126351,36.7778212,2026-08-13 21:00:00,21,3,0,0,50,100,1.0,14,0.2854,1
Ayany Car Park,-1.3090339,36.7757579,2026-08-13 21:00:00,21,3,0,0,50,200,1.0,21,0.4117,1
Westgate Mall Car Park,-1.2566578,36.8035661,2026-08-13 21:00:00,21,3,0,0,50,50,1.0,22,0.4468,1
Student parking,-1.274479,36.805643,2026-08-13 21:00:00,21,3,0,0,50,100,1.0,22,0.4412,1
Kenton Rear Parking,-1.2809847,36.7869545,2026-08-13 21:00:00,21,3,0,0,50,100,1.0,23,0.4656,1
Unnamed Parking,-1.2553877,36.8667692,2026-08-13 21:00:00,21,3,0,0,50,100,1.0,21,0.4259,1
Unnamed Parking,-1.259848,36.8644681,2026-08-13 21:00:00,21,3,0,0,50,100,1.19,18,0.3574,1
Travel House Parking,-1.2861727,36.8214386,2026-08-13 21:00:00,21,3,0,0,50,100,1.18,23,0.4672,1
Lenana Parking Lot Area,-1.2900918,36.800209,2026-08-13 21:00:00,21,3,0,0,50,100,1.0,15,0.2914,1
Unnamed Parking,-1.2944773,36.8101427,2026-08-13 21:00:00,21,3,0,0,50,100,1.0,16,0.3279,1
Parking B,-1.2806414,36.8128716,2026-08-13 21:00:00,21,3,0,0,50,100,1.0,16,0.3229,1
MAIN PACKING,-1.2803274,36.8127162,2026-08-13 21:00:00,21,3,0,0,50,100,1.0,24,0.4864,1
YMCA STAFF PARKING,-1.2805756,36.8129968,2026-08-13 21:00:00,21,3,0,0,50,100,1.0,24,0.4754,1
Unnamed Parking,-1.2896057,36.8150615,2026-08-13 22:00:00,22,3,0,0,50,100,1.0,22,0.439,1
Unnamed Parking,-1.2909796,36.8282672,2026-08-13 22:00:00,22,3,0,0,50,100,1.0,24,0.4858,1
Unnamed Parking,-1.2856445,36.8132893,2026-08-13 22:00:00,22,3,0,0,50,100,1.0,16,0.3297,1
Unnamed Parking,-1.2597359,36.8182597,2026-08-13 22:00:00,22,3,0,0,50,100,1.0,21,0.4279,1
Unnamed Parking,-1.2641049,36.8117123,2026-08-13 22:00:00,22,3,0,0,50,100,1.0,19,0.39,1
InterContinental Hotel Car Park,-1.2873717,36.8192911,2026-08-13 22:00:00,22,3,0,0,50,300,1.15,23,0.4678,1
Unnamed Parking,-1.25013,36.8202579,2026-08-13 22:00:00,22,3,0,0,50,100,1.16,20,0.3908,1
Olympic Bus Terminus,-1.3126351,36.7778212,2026-08-13 22:00:00,22,3,0,0,50,100,1.0,18,0.3692,1
Ayany Car Park,-1.3090339,36.7757579,2026-08-13 22:00:00,22,3,0,0,50,200,1.0,22,0.4433,1
Westgate Mall Car Park,-1.2566578,36.8035661,2026-08-13 22:00:00,22,3,0,0,50,50,1.0,24,0.4701,1
Student parking,-1.274479,36.805643,2026-08-13 22:00:00,22,3,0,0,50,100,1.0,17,0.3465,1
Kenton Rear Parking,-1.2809847,36.7869545,2026-08-13 22:00:00,22,3,0,0,50,100,1.0,20,0.3951,1
Unnamed Parking,-1.2553877,36.8667692,2026-08-13 22:00:00,22,3,0,0,50,100,1.0,16,0.3153,1
Unnamed Parking,-1.259848,36.8644681,2026-08-13 22:00:00,22,3,0,0,50,100,1.19,10,0.2002,1
Travel House Parking,-1.2861727,36.8214386,2026-08-13 22:00:00,22,3,0,0,50,100,1.18,21,0.416,1
Lenana Parking Lot Area,-1.2900918,36.800209,2026-08-13 22:00:00,22,3,0,0,50,100,1.0,22,0.4487,1
Unnamed Parking,-1.2944773,36.8101427,2026-08-13 22:00:00,22,3,0,0,50,100,1.0,21,0.421,1
Parking B,-1.2806414,36.8128716,2026-08-13 22:00:00,22,3,0,0,50,100,1.0,12,0.244,1
MAIN PACKING,-1.2803274,36.8127162,2026-08-13 22:00:00,22,3,0,0,50,100,1.0,19,0.3719,1
YMCA STAFF PARKING,-1.2805756,36.8129968,2026-08-13 22:00:00,22,3,0,0,50,100,1.0,11,0.2225,1
Unnamed Parking,-1.2896057,36.8150615,2026-08-14 06:00:00,6,4,0,0,50,100,1.0,25,0.5096,1
Unnamed Parking,-1.2909796,36.8282672,2026-08-14 06:00:00,6,4,0,0,50,100,1.0,16,0.3131,1
Unnamed Parking,-1.2856445,36.8132893,2026-08-14 06:00:00,6,4,0,0,50,100,1.0,25,0.5004,1
Unnamed Parking,-1.2597359,36.8182597,2026-08-14 06:00:00,6,4,0,0,50,100,1.0,24,0.4757,1
Unnamed Parking,-1.2641049,36.8117123,2026-08-14 06:00:00,6,4,0,0,50,100,1.0,16,0.328,1
InterContinental Hotel Car Park,-1.2873717,36.8192911,2026-08-14 06:00:00,6,4,0,0,50,300,1.15,15,0.3094,1
Unnamed Parking,-1.25013,36.8202579,2026-08-14 06:00:00,6,4,0,0,50,100,1.16,21,0.428,1
Olympic Bus Terminus,-1.3126351,36.7778212,2026-08-14 06:00:00,6,4,0,0,50,100,1.0,17,0.3325,1
Ayany Car Park,-1.3090339,36.7757579,2026-08-14 06:00:00,6,4,0,0,50,200,1.0,20,0.4082,1
Westgate Mall Car Park,-1.2566578,36.8035661,2026-08-14 06:00:00,6,4,0,0,50,50,1.0,18,0.3614,1
Student parking,-1.274479,36.805643,2026-08-14 06:00:00,6,4,0,0,50,100,1.0,13,0.2575,1
Kenton Rear Parking,-1.2809847,36.7869545,2026-08-14 06:00:00,6,4,0,0,50,100,1.0,11,0.2216,1
Unnamed Parking,-1.2553877,36.8667692,2026-08-14 06:00:00,6,4,0,0,50,100,1.0,21,0.4181,1
Unnamed Parking,-1.259848,36.8644681,2026-08-14 06:00:00,6,4,0,0,50,100,1.19,18,0.3551,1
Travel House Parking,-1.2861727,36.8214386,2026-08-14 06:00:00,6,4,0,0,50,100,1.18,18,0.3558,1
Lenana Parking Lot Area,-1.2900918,36.800209,2026-08-14 06:00:00,6,4,0,0,50,100,1.0,23,0.4557,1
Unnamed Parking,-1.2944773,36.8101427,2026-08-14 06:00:00,6,4,0,0,50,100,1.0,25,0.4939,1
Parking B,-1.2806414,36.8128716,2026-08-14 06:00:00,6,4,0,0,50,100,1.0,19,0.3782,1
MAIN PACKING,-1.2803274,36.8127162,2026-08-14 06:00:00,6,4,0,0,50,100,1.0,19,0.3728,1
YMCA STAFF PARKING,-1.2805756,36.8129968,2026-08-14 06:00:00,6,4,0,0,50,100,1.0,22,0.44,1
Unnamed Parking,-1.2896057,36.8150615,2026-08-14 07:00:00,7,4,0,0,50,100,1.0,15,0.2914,1
Unnamed Parking,-1.2909796,36.8282672,2026-08-14 07:00:00,7,4,0,0,50,100,1.0,21,0.4179,1
Unnamed Parking,-1.2856445,36.8132893,2026-08-14 07:00:00,7,4,0,0,50,100,1.0,22,0.4442,1
Unnamed Parking,-1.2597359,36.8182597,2026-08-14 07:00:00,7,4,0,0,50,100,1.0,23,0.4544,1
Unnamed Parking,-1.2641049,36.8117123,2026-08-14 07:00:00,7,4,0,0,50,100,1.0,12,0.2451,1
InterContinental Hotel Car Park,-1.2873717,36.8192911,2026-08-14 07:00:00,7,4,0,0,50,300,1.15,17,0.3391,1
Unnamed Parking,-1.25013,36.8202579,2026-08-14 07:00:00,7,4,0,0,50,100,1.16,16,0.3297,1
Olympic Bus Terminus,-1.3126351,36.7778212,2026-08-14 07:00:00,7,4,0,0,50,100,1.0,20,0.408,1
Ayany Car Park,-1.3090339,36.7757579,2026-08-14 07:00:00,7,4,0,0,50,200,1.0,22,0.4385,1
Westgate Mall Car Park,-1.2566578,36.8035661,2026-08-14 07:00:00,7,4,0,0,50,50,1.0,26,0.5197,1
Student parking,-1.274479,36.805643,2026-08-14 07:00:00,7,4,0,0,50,100,1.0,18,0.3604,1
Kenton Rear Parking,-1.2809847,36.7869545,2026-08-14 07:00:00,7,4,0,0,50,100,1.0,18,0.3602,1
Unnamed Parking,-1.2553877,36.8667692,2026-08-14 07:00:00,7,4,0,0,50,100,1.0,25,0.492,1
Unnamed Parking,-1.259848,36.8644681,2026-08-14 07:00:00,7,4,0,0,50,100,1.19,21,0.4237,1
Travel House Parking,-1.2861727,36.8214386,2026-08-14 07:00:00,7,4,0,0,50,100,1.18,25,0.5014,1
Lenana Parking Lot Area,-1.2900918,36.800209,2026-08-14 07:00:00,7,4,0,0,50,100,1.0,21,0.4231,1
Unnamed Parking,-1.2944773,36.8101427,2026-08-14 07:00:00,7,4,0,0,50,100,1.0,15,0.3074,1
Parking B,-1.2806414,36.8128716,2026-08-14 07:00:00,7,4,0,0,50,100,1.0,15,0.2933,1
MAIN PACKING,-1.2803274,36.8127162,2026-08-14 07:00:00,7,4,0,0,50,100,1.0,14,0.2759,1
YMCA STAFF PARKING,-1.2805756,36.8129968,2026-08-14 07:00:00,7,4,0,0,50,100,1.0,23,0.453,1
Unnamed Parking,-1.2896057,36.8150615,2026-08-14 08:00:00,8,4,0,0,50,100,1.0,47,0.9451,1
Unnamed Parking,-1.2909796,36.8282672,2026-08-14 08:00:00,8,4,0,0,50,100,1.0,50,0.9979,0
Unnamed Parking,-1.2856445,36.8132893,2026-08-14 08:00:00,8,4,0,0,50,100,1.0,46,0.9174,1
Unnamed Parking,-1.2597359,36.8182597,2026-08-14 08:00:00,8,4,0,0,50,100,1.0,47,0.943,1
Unnamed Parking,-1.2641049,36.8117123,2026-08-14 08:00:00,8,4,0,0,50,100,1.0,40,0.8036,1
InterContinental Hotel Car Park,-1.2873717,36.8192911,2026-08-14 08:00:00,8,4,0,0,50,300,1.15,38,0.7575,1
Unnamed Parking,-1.25013,36.8202579,2026-08-14 08:00:00,8,4,0,0,50,100,1.16,46,0.918,1
Olympic Bus Terminus,-1.3126351,36.7778212,2026-08-14 08:00:00,8,4,0,0,50,100,1.0,44,0.8834,1
Ayany Car Park,-1.3090339,36.7757579,2026-08-14 08:00:00,8,4,0,0,50,200,1.0,43,0.8586,1
Westgate Mall Car Park,-1.2566578,36.8035661,2026-08-14 08:00:00,8,4,0,0,50,50,1.0,44,0.881,1
Student parking,-1.274479,36.805643,2026-08-14 08:00:00,8,4,0,0,50,100,1.0,44,0.8759,1
Kenton Rear Parking,-1.2809847,36.7869545,2026-08-14 08:00:00,8,4,0,0,50,100,1.0,48,0.9527,0
Unnamed Parking,-1.2553877,36.8667692,2026-08-14 08:00:00,8,4,0,0,50,100,1.0,48,0.9536,0
Unnamed Parking,-1.259848,36.8644681,2026-08-14 08:00:00,8,4,0,0,50,100,1.19,45,0.8935,1
Travel House Parking,-1.2861727,36.8214386,2026-08-14 08:00:00,8,4,0,0,50,100,1.18,46,0.9177,1
Lenana Parking Lot Area,-1.2900918,36.800209,2026-08-14 08:00:00,8,4,0,0,50,100,1.0,45,0.8911,1
Unnamed Parking,-1.2944773,36.8101427,2026-08-14 08:00:00,8,4,0,0,50,100,1.0,41,0.8131,1
Parking B,-1.2806414,36.8128716,2026-08-14 08:00:00,8,4,0,0,50,100,1.0,46,0.9105,1
MAIN PACKING,-1.2803274,36.8127162,2026-08-14 08:00:00,8,4,0,0,50,100,1.0,37,0.7384,1
YMCA STAFF PARKING,-1.2805756,36.8129968,2026-08-14 08:00:00,8,4,0,0,50,100,1.0,47,0.9343,1
Unnamed Parking,-1.2896057,36.8150615,2026-08-14 09:00:00,9,4,0,0,50,100,1.0,38,0.7544,1
Unnamed Parking,-1.2909796,36.8282672,2026-08-14 09:00:00,9,4,0,0,50,100,1.0,44,0.8729,1
Unnamed Parking,-1.2856445,36.8132893,2026-08-14 09:00:00,9,4,0,0,50,100,1.0,39,0.7824,1
Unnamed Parking,-1.2597359,36.8182597,2026-08-14 09:00:00,9,4,0,0,50,100,1.0,45,0.8943,1
Unnamed Parking,-1.2641049,36.8117123,2026-08-14 09:00:00,9,4,0,0,50,100,1.0,42,0.8473,1
InterContinental Hotel Car Park,-1.2873717,36.8192911,2026-08-14 09:00:00,9,4,0,0,50,300,1.15,36,0.7224,1
Unnamed Parking,-1.25013,36.8202579,2026-08-14 09:00:00,9,4,0,0,50,100,1.16,44,0.8837,1
Olympic Bus Terminus,-1.3126351,36.7778212,2026-08-14 09:00:00,9,4,0,0,50,100,1.0,40,0.8038,1
Ayany Car Park,-1.3090339,36.7757579,2026-08-14 09:00:00,9,4,0,0,50,200,1.0,46,0.9205,1
Westgate Mall Car Park,-1.2566578,36.8035661,2026-08-14 09:00:00,9,4,0,0,50,50,1.0,43,0.8501,1
Student parking,-1.274479,36.805643,2026-08-14 09:00:00,9,4,0,0,50,100,1.0,44,0.8816,1
Kenton Rear Parking,-1.2809847,36.7869545,2026-08-14 09:00:00,9,4,0,0,50,100,1.0,39,0.7734,1
Unnamed Parking,-1.2553877,36.8667692,2026-08-14 09:00:00,9,4,0,0,50,100,1.0,40,0.8029,1
Unnamed Parking,-1.259848,36.8644681,2026-08-14 09:00:00,9,4,0,0,50,100,1.19,41,0.8133,1
Travel House Parking,-1.2861727,36.8214386,2026-08-14 09:00:00,9,4,0,0,50,100,1.18,46,0.9185,1
Lenana Parking Lot Area,-1.2900918,36.800209,2026-08-14 09:00:00,9,4,0,0,50,100,1.0,49,0.9842,0
Unnamed Parking,-1.2944773,36.8101427,2026-08-14 09:00:00,9,4,0,0,50,100,1.0,39,0.7856,1
Parking B,-1.2806414,36.8128716,2026-08-14 09:00:00,9,4,0,0,50,100,1.0,47,0.9361,1
MAIN PACKING,-1.2803274,36.8127162,2026-08-14 09:00:00,9,4,0,0,50,100,1.0,34,0.6764,1
YMCA STAFF PARKING,-1.2805756,36.8129968,2026-08-14 09:00:00,9,4,0,0,50,100,1.0,38,0.7545,1
Unnamed Parking,-1.2896057,36.8150615,2026-08-14 10:00:00,10,4,0,0,50,100,1.0,39,0.7733,1
Unnamed Parking,-1.2909796,36.8282672,2026-08-14 10:00:00,10,4,0,0,50,100,1.0,37,0.7418,1
Unnamed Parking,-1.2856445,36.8132893,2026-08-14 10:00:00,10,4,0,0,50,100,1.0,36,0.7233,1
Unnamed Parking,-1.2597359,36.8182597,2026-08-14 10:00:00,10,4,0,0,50,100,1.0,44,0.883,1
Unnamed Parking,-1.2641049,36.8117123,2026-08-14 10:00:00,10,4,0,0,50,100,1.0,42,0.8329,1
InterContinental Hotel Car Park,-1.2873717,36.8192911,2026-08-14 10:00:00,10,4,0,0,50,300,1.15,44,0.8804,1
Unnamed Parking,-1.25013,36.8202579,2026-08-14 10:00:00,10,4,0,0,50,100,1.16,45,0.9052,1
Olympic Bus Terminus,-1.3126351,36.7778212,2026-08-14 10:00:00,10,4,0,0,50,100,1.0,44,0.8712,1
Ayany Car Park,-1.3090339,36.7757579,2026-08-14 10:00:00,10,4,0,0,50,200,1.0,45,0.9026,1
Westgate Mall Car Park,-1.2566578,36.8035661,2026-08-14 10:00:00,10,4,0,0,50,50,1.0,42,0.8444,1
Student parking,-1.274479,36.805643,2026-08-14 10:00:00,10,4,0,0,50,100,1.0,38,0.755,1
Kenton Rear Parking,-1.2809847,36.7869545,2026-08-14 10:00:00,10,4,0,0,50,100,1.0,47,0.9346,1
Unnamed Parking,-1.2553877,36.8667692,2026-08-14 10:00:00,10,4,0,0,50,100,1.0,40,0.8029,1
Unnamed Parking,-1.259848,36.8644681,2026-08-14 10:00:00,10,4,0,0,50,100,1.19,39,0.7752,1
Travel House Parking,-1.2861727,36.8214386,2026-08-14 10:00:00,10,4,0,0,50,100,1.18,42,0.8358,1
Lenana Parking Lot Area,-1.2900918,36.800209,2026-08-14 10:00:00,10,4,0,0,50,100,1.0,39,0.777,1
Unnamed Parking,-1.2944773,36.8101427,2026-08-14 10:00:00,10,4,0,0,50,100,1.0,41,0.8166,1
Parking B,-1.2806414,36.8128716,2026-08-14 10:00:00,10,4,0,0,50,100,1.0,44,0.8775,1
MAIN PACKING,-1.2803274,36.8127162,2026-08-14 10:00:00,10,4,0,0,50,100,1.0,44,0.8779,1
YMCA STAFF PARKING,-1.2805756,36.8129968,2026-08-14 10:00:00,10,4,0,0,50,100,1.0,39,0.7782,1
Unnamed Parking,-1.2896057,36.8150615,2026-08-14 11:00:00,11,4,0,0,50,100,1.0,41,0.811,1
Unnamed Parking,-1.2909796,36.8282672,2026-08-14 11:00:00,11,4,0,0,50,100,1.0,47,0.9359,1
Unnamed Parking,-1.2856445,36.8132893,2026-08-14 11:00:00,11,4,0,0,50,100,1.0,44,0.8897,1
Unnamed Parking,-1.2597359,36.8182597,2026-08-14 11:00:00,11,4,0,0,50,100,1.0,50,1.0,0
Unnamed Parking,-1.2641049,36.8117123,2026-08-14 11:00:00,11,4,0,0,50,100,1.0,47,0.9444,1
InterContinental Hotel Car Park,-1.2873717,36.8192911,2026-08-14 11:00:00,11,4,0,0,50,300,1.15,47,0.9415,1
Unnamed Parking,-1.25013,36.8202579,2026-08-14 11:00:00,11,4,0,0,50,100,1.16,37,0.739,1
Olympic Bus Terminus,-1.3126351,36.7778212,2026-08-14 11:00:00,11,4,0,0,50,100,1.0,46,0.9111,1
Ayany Car Park,-1.3090339,36.7757579,2026-08-14 11:00:00,11,4,0,0,50,200,1.0,42,0.8458,1
Westgate Mall Car Park,-1.2566578,36.8035661,2026-08-14 11:00:00,11,4,0,0,50,50,1.0,40,0.8059,1
Student parking,-1.274479,36.805643,2026-08-14 11:00:00,11,4,0,0,50,100,1.0,43,0.8634,1
Kenton Rear Parking,-1.2809847,36.7869545,2026-08-14 11:00:00,11,4,0,0,50,100,1.0,46,0.9256,1
Unnamed Parking,-1.2553877,36.8667692,2026-08-14 11:00:00,11,4,0,0,50,100,1.0,45,0.8901,1
Unnamed Parking,-1.259848,36.8644681,2026-08-14 11:00:00,11,4,0,0,50,100,1.19,39,0.7797,1
Travel House Parking,-1.2861727,36.8214386,2026-08-14 11:00:00,11,4,0,0,50,100,1.18,45,0.9094,1
Lenana Parking Lot Area,-1.2900918,36.800209,2026-08-14 11:00:00,11,4,0,0,50,100,1.0,40,0.799,1
Unnamed Parking,-1.2944773,36.8101427,2026-08-14 11:00:00,11,4,0,0,50,100,1.0,43,0.8673,1
Parking B,-1.2806414,36.8128716,2026-08-14 11:00:00,11,4,0,0,50,100,1.0,41,0.8257,1
MAIN PACKING,-1.2803274,36.8127162,2026-08-14 11:00:00,11,4,0,0,50,100,1.0,42,0.8325,1
YMCA STAFF PARKING,-1.2805756,36.8129968,2026-08-14 11:00:00,11,4,0,0,50,100,1.0,46,0.9113,1
Unnamed Parking,-1.2896057,36.8150615,2026-08-14 12:00:00,12,4,0,0,50,100,1.0,31,0.6168,1
Unnamed Parking,-1.2909796,36.8282672,2026-08-14 12:00:00,12,4,0,0,50,100,1.0,43,0.8556,1
Unnamed Parking,-1.2856445,36.8132893,2026-08-14 12:00:00,12,4,0,0,50,100,1.0,28,0.5543,1
Unnamed Parking,-1.2597359,36.8182597,2026-08-14 12:00:00,12,4,0,0,50,100,1.0,33,0.6522,1
Unnamed Parking,-1.2641049,36.8117123,2026-08-14 12:00:00,12,4,0,0,50,100,1.0,36,0.7296,1
InterContinental Hotel Car Park,-1.2873717,36.8192911,2026-08-14 12:00:00,12,4,0,0,50,300,1.15,37,0.7467,1
Unnamed Parking,-1.25013,36.8202579,2026-08-14 12:00:00,12,4,0,0,50,100,1.16,35,0.692,1
Olympic Bus Terminus,-1.3126351,36.7778212,2026-08-14 12:00:00,12,4,0,0,50,100,1.0,35,0.6954,1
Ayany Car Park,-1.3090339,36.7757579,2026-08-14 12:00:00,12,4,0,0,50,200,1.0,37,0.7328,1
Westgate Mall Car Park,-1.2566578,36.8035661,2026-08-14 12:00:00,12,4,0,0,50,50,1.0,34,0.6815,1
Student parking,-1.274479,36.805643,2026-08-14 12:00:00,12,4,0,0,50,100,1.0,41,0.8115,1
Kenton Rear Parking,-1.2809847,36.7869545,2026-08-14 12:00:00,12,4,0,0,50,100,1.0,38,0.7671,1
Unnamed Parking,-1.2553877,36.8667692,2026-08-14 12:00:00,12,4,0,0,50,100,1.0,38,0.7698,1
Unnamed Parking,-1.259848,36.8644681,2026-08-14 12:00:00,12,4,0,0,50,100,1.19,31,0.6227,1
Travel House Parking,-1.2861727,36.8214386,2026-08-14 12:00:00,12,4,0,0,50,100,1.18,35,0.6936,1
Lenana Parking Lot Area,-1.2900918,36.800209,2026-08-14 12:00:00,12,4,0,0,50,100,1.0,34,0.676,1
Unnamed Parking,-1.2944773,36.8101427,2026-08-14 12:00:00,12,4,0,0,50,100,1.0,31,0.6196,1
Parking B,-1.2806414,36.8128716,2026-08-14 12:00:00,12,4,0,0,50,100,1.0,36,0.7288,1
MAIN PACKING,-1.2803274,36.8127162,2026-08-14 12:00:00,12,4,0,0,50,100,1.0,33,0.657,1
YMCA STAFF PARKING,-1.2805756,36.8129968,2026-08-14 12:00:00,12,4,0,0,50,100,1.0,38,0.7524,1
Unnamed Parking,-1.2896057,36.8150615,2026-08-14 13:00:00,13,4,0,0,50,100,1.0,38,0.7644,1
Unnamed Parking,-1.2909796,36.8282672,2026-08-14 13:00:00,13,4,0,0,50,100,1.0,49,0.9875,0
Unnamed Parking,-1.2856445,36.8132893,2026-08-14 13:00:00,13,4,0,0,50,100,1.0,39,0.7783,1
Unnamed Parking,-1.2597359,36.8182597,2026-08-14 13:00:00,13,4,0,0,50,100,1.0,43,0.8675,1
Unnamed Parking,-1.2641049,36.8117123,2026-08-14 13:00:00,13,4,0,0,50,100,1.0,46,0.9133,1
InterContinental Hotel Car Park,-1.2873717,36.8192911,2026-08-14 13:00:00,13,4,0,0,50,300,1.15,40,0.8043,1
Unnamed Parking,-1.25013,36.8202579,2026-08-14 13:00:00,13,4,0,0,50,100,1.16,46,0.9182,1
Olympic Bus Terminus,-1.3126351,36.7778212,2026-08-14 13:00:00,13,4,0,0,50,100,1.0,38,0.7517,1
Ayany Car Park,-1.3090339,36.7757579,2026-08-14 13:00:00,13,4,0,0,50,200,1.0,48,0.9662,0
Westgate Mall Car Park,-1.2566578,36.8035661,2026-08-14 13:00:00,13,4,0,0,50,50,1.0,43,0.8511,1
Student parking,-1.274479,36.805643,2026-08-14 13:00:00,13,4,0,0,50,100,1.0,40,0.8023,1
Kenton Rear Parking,-1.2809847,36.7869545,2026-08-14 13:00:00,13,4,0,0,50,100,1.0,41,0.8261,1
Unnamed Parking,-1.2553877,36.8667692,2026-08-14 13:00:00,13,4,0,0,50,100,1.0,46,0.9147,1
Unnamed Parking,-1.259848,36.8644681,2026-08-14 13:00:00,13,4,0,0,50,100,1.19,40,0.8032,1
Travel House Parking,-1.2861727,36.8214386,2026-08-14 13:00:00,13,4,0,0,50,100,1.18,40,0.7901,1
Lenana Parking Lot Area,-1.2900918,36.800209,2026-08-14 13:00:00,13,4,0,0,50,100,1.0,42,0.8323,1
Unnamed Parking,-1.2944773,36.8101427,2026-08-14 13:00:00,13,4,0,0,50,100,1.0,38,0.7558,1
Parking B,-1.2806414,36.8128716,2026-08-14 13:00:00,13,4,0,0,50,100,1.0,50,0.9956,0
MAIN PACKING,-1.2803274,36.8127162,2026-08-14 13:00:00,13,4,0,0,50,100,1.0,40,0.8047,1
YMCA STAFF PARKING,-1.2805756,36.8129968,2026-08-14 13:00:00,13,4,0,0,50,100,1.0,46,0.9165,1
Unnamed Parking,-1.2896057,36.8150615,2026-08-14 14:00:00,14,4,0,0,50,100,1.0,43,0.8668,1
Unnamed Parking,-1.2909796,36.8282672,2026-08-14 14:00:00,14,4,0,0,50,100,1.0,39,0.7712,1
Unnamed Parking,-1.2856445,36.8132893,2026-08-14 14:00:00,14,4,0,0,50,100,1.0,42,0.8495,1
Unnamed Parking,-1.2597359,36.8182597,2026-08-14 14:00:00,14,4,0,0,50,100,1.0,46,0.9127,1
Unnamed Parking,-1.2641049,36.8117123,2026-08-14 14:00:00,14,4,0,0,50,100,1.0,42,0.8349,1
InterContinental Hotel Car Park,-1.2873717,36.8192911,2026-08-14 14:00:00,14,4,0,0,50,300,1.15,47,0.9454,1
Unnamed Parking,-1.25013,36.8202579,2026-08-14 14:00:00,14,4,0,0,50,100,1.16,47,0.9317,1
Olympic Bus Terminus,-1.3126351,36.7778212,2026-08-14 14:00:00,14,4,0,0,50,100,1.0,46,0.9235,1
Ayany Car Park,-1.3090339,36.7757579,2026-08-14 14:00:00,14,4,0,0,50,200,1.0,41,0.8132,1
Westgate Mall Car Park,-1.2566578,36.8035661,2026-08-14 14:00:00,14,4,0,0,50,50,1.0,38,0.7636,1
Student parking,-1.274479,36.805643,2026-08-14 14:00:00,14,4,0,0,50,100,1.0,40,0.8009,1
Kenton Rear Parking,-1.2809847,36.7869545,2026-08-14 14:00:00,14,4,0,0,50,100,1.0,43,0.8657,1
Unnamed Parking,-1.2553877,36.8667692,2026-08-14 14:00:00,14,4,0,0,50,100,1.0,45,0.8937,1
Unnamed Parking,-1.259848,36.8644681,2026-08-14 14:00:00,14,4,0,0,50,100,1.19,34,0.6763,1
Travel House Parking,-1.2861727,36.8214386,2026-08-14 14:00:00,14,4,0,0,50,100,1.18,42,0.8494,1
Lenana Parking Lot Area,-1.2900918,36.800209,2026-08-14 14:00:00,14,4,0,0,50,100,1.0,43,0.8626,1
Unnamed Parking,-1.2944773,36.8101427,2026-08-14 14:00:00,14,4,0,0,50,100,1.0,41,0.8278,1
Parking B,-1.2806414,36.8128716,2026-08-14 14:00:00,14,4,0,0,50,100,1.0,48,0.9533,0
MAIN PACKING,-1.2803274,36.8127162,2026-08-14 14:00:00,14,4,0,0,50,100,1.0,44,0.8837,1
YMCA STAFF PARKING,-1.2805756,36.8129968,2026-08-14 14:00:00,14,4,0,0,50,100,1.0,48,0.9548,0
Unnamed Parking,-1.2896057,36.8150615,2026-08-14 15:00:00,15,4,0,0,50,100,1.0,42,0.8327,1
Unnamed Parking,-1.2909796,36.8282672,2026-08-14 15:00:00,15,4,0,0,50,100,1.0,46,0.925,1
Unnamed Parking,-1.2856445,36.8132893,2026-08-14 15:00:00,15,4,0,0,50,100,1.0,49,0.9808,0
Unnamed Parking,-1.2597359,36.8182597,2026-08-14 15:00:00,15,4,0,0,50,100,1.0,48,0.9549,0
Unnamed Parking,-1.2641049,36.8117123,2026-08-14 15:00:00,15,4,0,0,50,100,1.0,38,0.7626,1
InterContinental Hotel Car Park,-1.2873717,36.8192911,2026-08-14 15:00:00,15,4,0,0,50,300,1.15,41,0.8297,1
Unnamed Parking,-1.25013,36.8202579,2026-08-14 15:00:00,15,4,0,0,50,100,1.16,41,0.8224,1
Olympic Bus Terminus,-1.3126351,36.7778212,2026-08-14 15:00:00,15,4,0,0,50,100,1.0,44,0.8891,1
Ayany Car Park,-1.3090339,36.7757579,2026-08-14 15:00:00,15,4,0,0,50,200,1.0,45,0.9049,1
Westgate Mall Car Park,-1.2566578,36.8035661,2026-08-14 15:00:00,15,4,0,0,50,50,1.0,39,0.7829,1
Student parking,-1.274479,36.805643,2026-08-14 15:00:00,15,4,0,0,50,100,1.0,43,0.8554,1
Kenton Rear Parking,-1.2809847,36.7869545,2026-08-14 15:00:00,15,4,0,0,50,100,1.0,34,0.6884,1
Unnamed Parking,-1.2553877,36.8667692,2026-08-14 15:00:00,15,4,0,0,50,100,1.0,48,0.9654,0
Unnamed Parking,-1.259848,36.8644681,2026-08-14 15:00:00,15,4,0,0,50,100,1.19,40,0.809,1
Travel House Parking,-1.2861727,36.8214386,2026-08-14 15:00:00,15,4,0,0,50,100,1.18,43,0.8545,1
Lenana Parking Lot Area,-1.2900918,36.800209,2026-08-14 15:00:00,15,4,0,0,50,100,1.0,41,0.8252,1
Unnamed Parking,-1.2944773,36.8101427,2026-08-14 15:00:00,15,4,0,0,50,100,1.0,47,0.9417,1
Parking B,-1.2806414,36.8128716,2026-08-14 15:00:00,15,4,0,0,50,100,1.0,31,0.623,1
MAIN PACKING,-1.2803274,36.8127162,2026-08-14 15:00:00,15,4,0,0,50,100,1.0,42,0.8487,1
YMCA STAFF PARKING,-1.2805756,36.8129968,2026-08-14 15:00:00,15,4,0,0,50,100,1.0,42,0.8415,1
Unnamed Parking,-1.2896057,36.8150615,2026-08-14 16:00:00,16,4,0,0,50,100,1.0,41,0.8137,1
Unnamed Parking,-1.2909796,36.8282672,2026-08-14 16:00:00,16,4,0,0,50,100,1.0,49,0.9881,0
Unnamed Parking,-1.2856445,36.8132893,2026-08-14 16:00:00,16,4,0,0,50,100,1.0,39,0.779,1
Unnamed Parking,-1.2597359,36.8182597,2026-08-14 16:00:00,16,4,0,0,50,100,1.0,46,0.9117,1
Unnamed Parking,-1.2641049,36.8117123,2026-08-14 16:00:00,16,4,0,0,50,100,1.0,44,0.8785,1
InterContinental Hotel Car Park,-1.2873717,36.8192911,2026-08-14 16:00:00,16,4,0,0,50,300,1.15,48,0.9509,0
Unnamed Parking,-1.25013,36.8202579,2026-08-14 16:00:00,16,4,0,0,50,100,1.16,40,0.7966,1
Olympic Bus Terminus,-1.3126351,36.7778212,2026-08-14 16:00:00,16,4,0,0,50,100,1.0,40,0.7914,1
Ayany Car Park,-1.3090339,36.7757579,2026-08-14 16:00:00,16,4,0,0,50,200,1.0,47,0.9377,1
Westgate Mall Car Park,-1.2566578,36.8035661,2026-08-14 16:00:00,16,4,0,0,50,50,1.0,44,0.884,1
Student parking,-1.274479,36.805643,2026-08-14 16:00:00,16,4,0,0,50,100,1.0,36,0.7264,1
Kenton Rear Parking,-1.2809847,36.7869545,2026-08-14 16:00:00,16,4,0,0,50,100,1.0,40,0.8069,1
Unnamed Parking,-1.2553877,36.8667692,2026-08-14 16:00:00,16,4,0,0,50,100,1.0,44,0.8809,1
Unnamed Parking,-1.259848,36.8644681,2026-08-14 16:00:00,16,4,0,0,50,100,1.19,46,0.917,1
Travel House Parking,-1.2861727,36.8214386,2026-08-14 16:00:00,16,4,0,0,50,100,1.18,40,0.7957,1
Lenana Parking Lot Area,-1.2900918,36.800209,2026-08-14 16:00:00,16,4,0,0,50,100,1.0,31,0.6169,1
Unnamed Parking,-1.2944773,36.8101427,2026-08-14 16:00:00,16,4,0,0,50,100,1.0,45,0.8919,1
Parking B,-1.2806414,36.8128716,2026-08-14 16:00:00,16,4,0,0,50,100,1.0,38,0.7524,1
MAIN PACKING,-1.2803274,36.8127162,2026-08-14 16:00:00,16,4,0,0,50,100,1.0,34,0.6886,1
YMCA STAFF PARKING,-1.2805756,36.8129968,2026-08-14 16:00:00,16,4,0,0,50,100,1.0,31,0.6234,1
Unnamed Parking,-1.2896057,36.8150615,2026-08-14 17:00:00,17,4,0,0,50,100,1.0,38,0.7651,1
Unnamed Parking,-1.2909796,36.8282672,2026-08-14 17:00:00,17,4,0,0,50,100,1.0,36,0.7103,1
Unnamed Parking,-1.2856445,36.8132893,2026-08-14 17:00:00,17,4,0,0,50,100,1.0,34,0.6819,1
Unnamed Parking,-1.2597359,36.8182597,2026-08-14 17:00:00,17,4,0,0,50,100,1.0,41,0.8111,1
Unnamed Parking,-1.2641049,36.8117123,2026-08-14 17:00:00,17,4,0,0,50,100,1.0,38,0.751,1
InterContinental Hotel Car Park,-1.2873717,36.8192911,2026-08-14 17:00:00,17,4,0,0,50,300,1.15,41,0.8293,1
Unnamed Parking,-1.25013,36.8202579,2026-08-14 17:00:00,17,4,0,0,50,100,1.16,29,0.5886,1
Olympic Bus Terminus,-1.3126351,36.7778212,2026-08-14 17:00:00,17,4,0,0,50,100,1.0,35,0.6972,1
Ayany Car Park,-1.3090339,36.7757579,2026-08-14 17:00:00,17,4,0,0,50,200,1.0,29,0.5707,1
Westgate Mall Car Park,-1.2566578,36.8035661,2026-08-14 17:00:00,17,4,0,0,50,50,1.0,34,0.6816,1
Student parking,-1.274479,36.805643,2026-08-14 17:00:00,17,4,0,0,50,100,1.0,34,0.6801,1
Kenton Rear Parking,-1.2809847,36.7869545,2026-08-14 17:00:00,17,4,0,0,50,100,1.0,38,0.7501,1
Unnamed Parking,-1.2553877,36.8667692,2026-08-14 17:00:00,17,4,0,0,50,100,1.0,35,0.7036,1
Unnamed Parking,-1.259848,36.8644681,2026-08-14 17:00:00,17,4,0,0,50,100,1.19,37,0.7499,1
Travel House Parking,-1.2861727,36.8214386,2026-08-14 17:00:00,17,4,0,0,50,100,1.18,38,0.7563,1
Lenana Parking Lot Area,-1.2900918,36.800209,2026-08-14 17:00:00,17,4,0,0,50,100,1.0,44,0.8724,1
Unnamed Parking,-1.2944773,36.8101427,2026-08-14 17:00:00,17,4,0,0,50,100,1.0,34,0.6748,1
Parking B,-1.2806414,36.8128716,2026-08-14 17:00:00,17,4,0,0,50,100,1.0,31,0.6247,1
MAIN PACKING,-1.2803274,36.8127162,2026-08-14 17:00:00,17,4,0,0,50,100,1.0,36,0.7197,1
YMCA STAFF PARKING,-1.2805756,36.8129968,2026-08-14 17:00:00,17,4,0,0,50,100,1.0,32,0.6358,1
Unnamed Parking,-1.2896057,36.8150615,2026-08-14 18:00:00,18,4,0,0,50,100,1.0,41,0.8186,1
Unnamed Parking,-1.2909796,36.8282672,2026-08-14 18:00:00,18,4,0,0,50,100,1.0,34,0.6773,1
Unnamed Parking,-1.2856445,36.8132893,2026-08-14 18:00:00,18,4,0,0,50,100,1.0,33,0.6548,1
Unnamed Parking,-1.2597359,36.8182597,2026-08-14 18:00:00,18,4,0,0,50,100,1.0,33,0.6623,1
Unnamed Parking,-1.2641049,36.8117123,2026-08-14 18:00:00,18,4,0,0,50,100,1.0,38,0.7575,1
InterContinental Hotel Car Park,-1.2873717,36.8192911,2026-08-14 18:00:00,18,4,0,0,50,300,1.15,34,0.6874,1
Unnamed Parking,-1.25013,36.8202579,2026-08-14 18:00:00,18,4,0,0,50,100,1.16,32,0.6487,1
Olympic Bus Terminus,-1.3126351,36.7778212,2026-08-14 18:00:00,18,4,0,0,50,100,1.0,42,0.8332,1
Ayany Car Park,-1.3090339,36.7757579,2026-08-14 18:00:00,18,4,0,0,50,200,1.0,32,0.6315,1
Westgate Mall Car Park,-1.2566578,36.8035661,2026-08-14 18:00:00,18,4,0,0,50,50,1.0,35,0.7028,1
Student parking,-1.274479,36.805643,2026-08-14 18:00:00,18,4,0,0,50,100,1.0,38,0.7522,1
Kenton Rear Parking,-1.2809847,36.7869545,2026-08-14 18:00:00,18,4,0,0,50,100,1.0,28,0.5695,1
Unnamed Parking,-1.2553877,36.8667692,2026-08-14 18:00:00,18,4,0,0,50,100,1.0,37,0.7384,1
Unnamed Parking,-1.259848,36.8644681,2026-08-14 18:00:00,18,4,0,0,50,100,1.19,31,0.6156,1
Travel House Parking,-1.2861727,36.8214386,2026-08-14 18:00:00,18,4,0,0,50,100,1.18,38,0.7658,1
Lenana Parking Lot Area,-1.2900918,36.800209,2026-08-14 18:00:00,18,4,0,0,50,100,1.0,31,0.623,1
Unnamed Parking,-1.2944773,36.8101427,2026-08-14 18:00:00,18,4,0,0,50,100,1.0,38,0.7554,1
Parking B,-1.2806414,36.8128716,2026-08-14 18:00:00,18,4,0,0,50,100,1.0,39,0.7885,1
MAIN PACKING,-1.2803274,36.8127162,2026-08-14 18:00:00,18,4,0,0,50,100,1.0,38,0.7689,1
YMCA STAFF PARKING,-1.2805756,36.8129968,2026-08-14 18:00:00,18,4,0,0,50,100,1.0,36,0.7201,1
Unnamed Parking,-1.2896057,36.8150615,2026-08-14 19:00:00,19,4,0,0,50,100,1.0,19,0.3815,1
Unnamed Parking,-1.2909796,36.8282672,2026-08-14 19:00:00,19,4,0,0,50,100,1.0,18,0.3539,1
Unnamed Parking,-1.2856445,36.8132893,2026-08-14 19:00:00,19,4,0,0,50,100,1.0,26,0.5177,1
Unnamed Parking,-1.2597359,36.8182597,2026-08-14 19:00:00,19,4,0,0,50,100,1.0,17,0.344,1
Unnamed Parking,-1.2641049,36.8117123,2026-08-14 19:00:00,19,4,0,0,50,100,1.0,16,0.317,1
InterContinental Hotel Car Park,-1.2873717,36.8192911,2026-08-14 19:00:00,19,4,0,0,50,300,1.15,23,0.4532,1
Unnamed Parking,-1.25013,36.8202579,2026-08-14 19:00:00,19,4,0,0,50,100,1.16,17,0.3363,1
Olympic Bus Terminus,-1.3126351,36.7778212,2026-08-14 19:00:00,19,4,0,0,50,100,1.0,16,0.324,1
Ayany Car Park,-1.3090339,36.7757579,2026-08-14 19:00:00,19,4,0,0,50,200,1.0,14,0.2845,1
Westgate Mall Car Park,-1.2566578,36.8035661,2026-08-14 19:00:00,19,4,0,0,50,50,1.0,18,0.3614,1
Student parking,-1.274479,36.805643,2026-08-14 19:00:00,19,4,0,0,50,100,1.0,20,0.3934,1
Kenton Rear Parking,-1.2809847,36.7869545,2026-08-14 19:00:00,19,4,0,0,50,100,1.0,21,0.4194,1
Unnamed Parking,-1.2553877,36.8667692,2026-08-14 19:00:00,19,4,0,0,50,100,1.0,24,0.4761,1
Unnamed Parking,-1.259848,36.8644681,2026-08-14 19:00:00,19,4,0,0,50,100,1.19,22,0.4422,1
Travel House Parking,-1.2861727,36.8214386,2026-08-14 19:00:00,19,4,0,0,50,100,1.18,19,0.3847,1
Lenana Parking Lot Area,-1.2900918,36.800209,2026-08-14 19:00:00,19,4,0,0,50,100,1.0,19,0.3841,1
Unnamed Parking,-1.2944773,36.8101427,2026-08-14 19:00:00,19,4,0,0,50,100,1.0,22,0.4408,1
Parking B,-1.2806414,36.8128716,2026-08-14 19:00:00,19,4,0,0,50,100,1.0,25,0.5018,1
MAIN PACKING,-1.2803274,36.8127162,2026-08-14 19:00:00,19,4,0,0,50,100,1.0,21,0.4101,1
YMCA STAFF PARKING,-1.2805756,36.8129968,2026-08-14 19:00:00,19,4,0,0,50,100,1.0,18,0.3625,1
Unnamed Parking,-1.2896057,36.8150615,2026-08-14 20:00:00,20,4,0,0,50,100,1.0,16,0.3206,1
Unnamed Parking,-1.2909796,36.8282672,2026-08-14 20:00:00,20,4,0,0,50,100,1.0,14,0.2844,1
Unnamed Parking,-1.2856445,36.8132893,2026-08-14 20:00:00,20,4,0,0,50,100,1.0,23,0.4533,1
Unnamed Parking,-1.2597359,36.8182597,2026-08-14 20:00:00,20,4,0,0,50,100,1.0,22,0.4462,1
Unnamed Parking,-1.2641049,36.8117123,2026-08-14 20:00:00,20,4,0,0,50,100,1.0,22,0.4462,1
InterContinental Hotel Car Park,-1.2873717,36.8192911,2026-08-14 20:00:00,20,4,0,0,50,300,1.15,19,0.3897,1
Unnamed Parking,-1.25013,36.8202579,2026-08-14 20:00:00,20,4,0,0,50,100,1.16,26,0.5126,1
Olympic Bus Terminus,-1.3126351,36.7778212,2026-08-14 20:00:00,20,4,0,0,50,100,1.0,18,0.3613,1
Ayany Car Park,-1.3090339,36.7757579,2026-08-14 20:00:00,20,4,0,0,50,200,1.0,24,0.4764,1
Westgate Mall Car Park,-1.2566578,36.8035661,2026-08-14 20:00:00,20,4,0,0,50,50,1.0,20,0.3969,1
Student parking,-1.274479,36.805643,2026-08-14 20:00:00,20,4,0,0,50,100,1.0,18,0.3513,1
Kenton Rear Parking,-1.2809847,36.7869545,2026-08-14 20:00:00,20,4,0,0,50,100,1.0,22,0.4474,1
Unnamed Parking,-1.2553877,36.8667692,2026-08-14 20:00:00,20,4,0,0,50,100,1.0,22,0.4328,1
Unnamed Parking,-1.259848,36.8644681,2026-08-14 20:00:00,20,4,0,0,50,100,1.19,21,0.4286,1
Travel House Parking,-1.2861727,36.8214386,2026-08-14 20:00:00,20,4,0,0,50,100,1.18,20,0.4065,1
Lenana Parking Lot Area,-1.2900918,36.800209,2026-08-14 20:00:00,20,4,0,0,50,100,1.0,20,0.397,1
Unnamed Parking,-1.2944773,36.8101427,2026-08-14 20:00:00,20,4,0,0,50,100,1.0,30,0.5911,1
Parking B,-1.2806414,36.8128716,2026-08-14 20:00:00,20,4,0,0,50,100,1.0,25,0.4947,1
MAIN PACKING,-1.2803274,36.8127162,2026-08-14 20:00:00,20,4,0,0,50,100,1.0,23,0.4578,1
YMCA STAFF PARKING,-1.2805756,36.8129968,2026-08-14 20:00:00,20,4,0,0,50,100,1.0,20,0.4089,1
Unnamed Parking,-1.2896057,36.8150615,2026-08-14 21:00:00,21,4,0,0,50,100,1.0,24,0.4806,1
Unnamed Parking,-1.2909796,36.8282672,2026-08-14 21:00:00,21,4,0,0,50,100,1.0,22,0.4414,1
Unnamed Parking,-1.2856445,36.8132893,2026-08-14 21:00:00,21,4,0,0,50,100,1.0,20,0.4021,1
Unnamed Parking,-1.2597359,36.8182597,2026-08-14 21:00:00,21,4,0,0,50,100,1.0,19,0.3757,1
Unnamed Parking,-1.2641049,36.8117123,2026-08-14 21:00:00,21,4,0,0,50,100,1.0,20,0.3935,1
InterContinental Hotel Car Park,-1.2873717,36.8192911,2026-08-14 21:00:00,21,4,0,0,50,300,1.15,7,0.1464,1
Unnamed Parking,-1.25013,36.8202579,2026-08-14 21:00:00,21,4,0,0,50,100,1.16,21,0.4168,1
Olympic Bus Terminus,-1.3126351,36.7778212,2026-08-14 21:00:00,21,4,0,0,50,100,1.0,18,0.3609,1
Ayany Car Park,-1.3090339,36.7757579,2026-08-14 21:00:00,21,4,0,0,50,200,1.0,26,0.5274,1
Westgate Mall Car Park,-1.2566578,36.8035661,2026-08-14 21:00:00,21,4,0,0,50,50,1.0,20,0.4015,1
Student parking,-1.274479,36.805643,2026-08-14 21:00:00,21,4,0,0,50,100,1.0,15,0.3049,1
Kenton Rear Parking,-1.2809847,36.7869545,2026-08-14 21:00:00,21,4,0,0,50,100,1.0,20,0.396,1
Unnamed Parking,-1.2553877,36.8667692,2026-08-14 21:00:00,21,4,0,0,50,100,1.0,16,0.3163,1
Unnamed Parking,-1.259848,36.8644681,2026-08-14 21:00:00,21,4,0,0,50,100,1.19,22,0.4379,1
Travel House Parking,-1.2861727,36.8214386,2026-08-14 21:00:00,21,4,0,0,50,100,1.18,21,0.4233,1
Lenana Parking Lot Area,-1.2900918,36.800209,2026-08-14 21:00:00,21,4,0,0,50,100,1.0,24,0.4766,1
Unnamed Parking,-1.2944773,36.8101427,2026-08-14 21:00:00,21,4,0,0,50,100,1.0,17,0.3367,1
Parking B,-1.2806414,36.8128716,2026-08-14 21:00:00,21,4,0,0,50,100,1.0,20,0.4027,1
MAIN PACKING,-1.2803274,36.8127162,2026-08-14 21:00:00,21,4,0,0,50,100,1.0,15,0.2908,1
YMCA STAFF PARKING,-1.2805756,36.8129968,2026-08-14 21:00:00,21,4,0,0,50,100,1.0,23,0.4561,1
Unnamed Parking,-1.2896057,36.8150615,2026-08-14 22:00:00,22,4,0,0,50,100,1.0,22,0.4415,1
Unnamed Parking,-1.2909796,36.8282672,2026-08-14 22:00:00,22,4,0,0,50,100,1.0,22,0.4397,1
Unnamed Parking,-1.2856445,36.8132893,2026-08-14 22:00:00,22,4,0,0,50,100,1.0,20,0.4001,1
Unnamed Parking,-1.2597359,36.8182597,2026-08-14 22:00:00,22,4,0,0,50,100,1.0,22,0.4332,1
Unnamed Parking,-1.2641049,36.8117123,2026-08-14 22:00:00,22,4,0,0,50,100,1.0,26,0.5283,1
InterContinental Hotel Car Park,-1.2873717,36.8192911,2026-08-14 22:00:00,22,4,0,0,50,300,1.15,19,0.3772,1
Unnamed Parking,-1.25013,36.8202579,2026-08-14 22:00:00,22,4,0,0,50,100,1.16,21,0.4111,1
Olympic Bus Terminus,-1.3126351,36.7778212,2026-08-14 22:00:00,22,4,0,0,50,100,1.0,16,0.3131,1
Ayany Car Park,-1.3090339,36.7757579,2026-08-14 22:00:00,22,4,0,0,50,200,1.0,17,0.3305,1
Westgate Mall Car Park,-1.2566578,36.8035661,2026-08-14 22:00:00,22,4,0,0,50,50,1.0,20,0.4078,1
Student parking,-1.274479,36.805643,2026-08-14 22:00:00,22,4,0,0,50,100,1.0,24,0.4883,1
Kenton Rear Parking,-1.2809847,36.7869545,2026-08-14 22:00:00,22,4,0,0,50,100,1.0,19,0.3795,1
Unnamed Parking,-1.2553877,36.8667692,2026-08-14 22:00:00,22,4,0,0,50,100,1.0,19,0.3811,1
Unnamed Parking,-1.259848,36.8644681,2026-08-14 22:00:00,22,4,0,0,50,100,1.19,18,0.3674,1
Travel House Parking,-1.2861727,36.8214386,2026-08-14 22:00:00,22,4,0,0,50,100,1.18,18,0.3572,1
Lenana Parking Lot Area,-1.2900918,36.800209,2026-08-14 22:00:00,22,4,0,0,50,100,1.0,21,0.4236,1
Unnamed Parking,-1.2944773,36.8101427,2026-08-14 22:00:00,22,4,0,0,50,100,1.0,14,0.2802,1
Parking B,-1.2806414,36.8128716,2026-08-14 22:00:00,22,4,0,0,50,100,1.0,25,0.5025,1
MAIN PACKING,-1.2803274,36.8127162,2026-08-14 22:00:00,22,4,0,0,50,100,1.0,17,0.3468,1
YMCA STAFF PARKING,-1.2805756,36.8129968,2026-08-14 22:00:00,22,4,0,0,50,100,1.0,23,0.4578,1
Unnamed Parking,-1.2896057,36.8150615,2026-08-15 06:00:00,6,5,1,0,50,100,1.0,7,0.1384,1
Unnamed Parking,-1.2909796,36.8282672,2026-08-15 06:00:00,6,5,1,0,50,100,1.0,15,0.2935,1
Unnamed Parking,-1.2856445,36.8132893,2026-08-15 06:00:00,6,5,1,0,50,100,1.0,15,0.2938,1
Unnamed Parking,-1.2597359,36.8182597,2026-08-15 06:00:00,6,5,1,0,50,100,1.0,14,0.2707,1
Unnamed Parking,-1.2641049,36.8117123,2026-08-15 06:00:00,6,5,1,0,50,100,1.0,8,0.1604,1
InterContinental Hotel Car Park,-1.2873717,36.8192911,2026-08-15 06:00:00,6,5,1,0,50,300,1.15,13,0.26,1
Unnamed Parking,-1.25013,36.8202579,2026-08-15 06:00:00,6,5,1,0,50,100,1.16,7,0.1454,1
Olympic Bus Terminus,-1.3126351,36.7778212,2026-08-15 06:00:00,6,5,1,0,50,100,1.0,11,0.2198,1
Ayany Car Park,-1.3090339,36.7757579,2026-08-15 06:00:00,6,5,1,0,50,200,1.0,16,0.3224,1
Westgate Mall Car Park,-1.2566578,36.8035661,2026-08-15 06:00:00,6,5,1,0,50,50,1.0,15,0.3037,1
Student parking,-1.274479,36.805643,2026-08-15 06:00:00,6,5,1,0,50,100,1.0,12,0.2412,1
Kenton Rear Parking,-1.2809847,36.7869545,2026-08-15 06:00:00,6,5,1,0,50,100,1.0,8,0.162,1
Unnamed Parking,-1.2553877,36.8667692,2026-08-15 06:00:00,6,5,1,0,50,100,1.0,15,0.2916,1
Unnamed Parking,-1.259848,36.8644681,2026-08-15 06:00:00,6,5,1,0,50,100,1.19,12,0.2416,1
Travel House Parking,-1.2861727,36.8214386,2026-08-15 06:00:00,6,5,1,0,50,100,1.18,5,0.1,1
Lenana Parking Lot Area,-1.2900918,36.800209,2026-08-15 06:00:00,6,5,1,0,50,100,1.0,15,0.3026,1
Unnamed Parking,-1.2944773,36.8101427,2026-08-15 06:00:00,6,5,1,0,50,100,1.0,12,0.2381,1
Parking B,-1.2806414,36.8128716,2026-08-15 06:00:00,6,5,1,0,50,100,1.0,17,0.3362,1
MAIN PACKING,-1.2803274,36.8127162,2026-08-15 06:00:00,6,5,1,0,50,100,1.0,8,0.1524,1
YMCA STAFF PARKING,-1.2805756,36.8129968,2026-08-15 06:00:00,6,5,1,0,50,100,1.0,5,0.1,1
Unnamed Parking,-1.2896057,36.8150615,2026-08-15 07:00:00,7,5,1,0,50,100,1.0,13,0.2623,1
Unnamed Parking,-1.2909796,36.8282672,2026-08-15 07:00:00,7,5,1,0,50,100,1.0,13,0.2633,1
Unnamed Parking,-1.2856445,36.8132893,2026-08-15 07:00:00,7,5,1,0,50,100,1.0,5,0.1047,1
Unnamed Parking,-1.2597359,36.8182597,2026-08-15 07:00:00,7,5,1,0,50,100,1.0,8,0.1617,1
Unnamed Parking,-1.2641049,36.8117123,2026-08-15 07:00:00,7,5,1,0,50,100,1.0,23,0.4604,1
InterContinental Hotel Car Park,-1.2873717,36.8192911,2026-08-15 07:00:00,7,5,1,0,50,300,1.15,11,0.2156,1
Unnamed Parking,-1.25013,36.8202579,2026-08-15 07:00:00,7,5,1,0,50,100,1.16,15,0.2985,1
Olympic Bus Terminus,-1.3126351,36.7778212,2026-08-15 07:00:00,7,5,1,0,50,100,1.0,9,0.1879,1
Ayany Car Park,-1.3090339,36.7757579,2026-08-15 07:00:00,7,5,1,0,50,200,1.0,5,0.1,1
Westgate Mall Car Park,-1.2566578,36.8035661,2026-08-15 07:00:00,7,5,1,0,50,50,1.0,11,0.2264,1
Student parking,-1.274479,36.805643,2026-08-15 07:00:00,7,5,1,0,50,100,1.0,11,0.2188,1
Kenton Rear Parking,-1.2809847,36.7869545,2026-08-15 07:00:00,7,5,1,0,50,100,1.0,10,0.208,1
Unnamed Parking,-1.2553877,36.8667692,2026-08-15 07:00:00,7,5,1,0,50,100,1.0,12,0.2308,1
Unnamed Parking,-1.259848,36.8644681,2026-08-15 07:00:00,7,5,1,0,50,100,1.19,13,0.2611,1
Travel House Parking,-1.2861727,36.8214386,2026-08-15 07:00:00,7,5,1,0,50,100,1.18,11,0.228,1
Lenana Parking Lot Area,-1.2900918,36.800209,2026-08-15 07:00:00,7,5,1,0,50,100,1.0,7,0.1389,1
Unnamed Parking,-1.2944773,36.8101427,2026-08-15 07:00:00,7,5,1,0,50,100,1.0,14,0.2789,1
Parking B,-1.2806414,36.8128716,2026-08-15 07:00:00,7,5,1,0,50,100,1.0,5,0.1,1
MAIN PACKING,-1.2803274,36.8127162,2026-08-15 07:00:00,7,5,1,0,50,100,1.0,5,0.1,1
YMCA STAFF PARKING,-1.2805756,36.8129968,2026-08-15 07:00:00,7,5,1,0,50,100,1.0,15,0.2991,1
Unnamed Parking,-1.2896057,36.8150615,2026-08-15 08:00:00,8,5,1,0,50,100,1.0,28,0.5506,1
Unnamed Parking,-1.2909796,36.8282672,2026-08-15 08:00:00,8,5,1,0,50,100,1.0,25,0.5054,1
Unnamed Parking,-1.2856445,36.8132893,2026-08-15 08:00:00,8,5,1,0,50,100,1.0,20,0.3984,1
Unnamed Parking,-1.2597359,36.8182597,2026-08-15 08:00:00,8,5,1,0,50,100,1.0,23,0.4534,1
Unnamed Parking,-1.2641049,36.8117123,2026-08-15 08:00:00,8,5,1,0,50,100,1.0,24,0.489,1
InterContinental Hotel Car Park,-1.2873717,36.8192911,2026-08-15 08:00:00,8,5,1,0,50,300,1.15,19,0.3823,1
Unnamed Parking,-1.25013,36.8202579,2026-08-15 08:00:00,8,5,1,0,50,100,1.16,23,0.4509,1
Olympic Bus Terminus,-1.3126351,36.7778212,2026-08-15 08:00:00,8,5,1,0,50,100,1.0,28,0.5622,1
Ayany Car Park,-1.3090339,36.7757579,2026-08-15 08:00:00,8,5,1,0,50,200,1.0,31,0.6242,1
Westgate Mall Car Park,-1.2566578,36.8035661,2026-08-15 08:00:00,8,5,1,0,50,50,1.0,24,0.4764,1
Student parking,-1.274479,36.805643,2026-08-15 08:00:00,8,5,1,0,50,100,1.0,29,0.5705,1
Kenton Rear Parking,-1.2809847,36.7869545,2026-08-15 08:00:00,8,5,1,0,50,100,1.0,18,0.3569,1
Unnamed Parking,-1.2553877,36.8667692,2026-08-15 08:00:00,8,5,1,0,50,100,1.0,28,0.5628,1
Unnamed Parking,-1.259848,36.8644681,2026-08-15 08:00:00,8,5,1,0,50,100,1.19,22,0.4457,1
Travel House Parking,-1.2861727,36.8214386,2026-08-15 08:00:00,8,5,1,0,50,100,1.18,27,0.5346,1
Lenana Parking Lot Area,-1.2900918,36.800209,2026-08-15 08:00:00,8,5,1,0,50,100,1.0,25,0.4902,1
Unnamed Parking,-1.2944773,36.8101427,2026-08-15 08:00:00,8,5,1,0,50,100,1.0,31,0.6156,1
Parking B,-1.2806414,36.8128716,2026-08-15 08:00:00,8,5,1,0,50,100,1.0,22,0.44,1
MAIN PACKING,-1.2803274,36.8127162,2026-08-15 08:00:00,8,5,1,0,50,100,1.0,28,0.5602,1
YMCA STAFF PARKING,-1.2805756,36.8129968,2026-08-15 08:00:00,8,5,1,0,50,100,1.0,24,0.4876,1
Unnamed Parking,-1.2896057,36.8150615,2026-08-15 09:00:00,9,5,1,0,50,100,1.0,25,0.4973,1
Unnamed Parking,-1.2909796,36.8282672,2026-08-15 09:00:00,9,5,1,0,50,100,1.0,25,0.4953,1
Unnamed Parking,-1.2856445,36.8132893,2026-08-15 09:00:00,9,5,1,0,50,100,1.0,22,0.4423,1
Unnamed Parking,-1.2597359,36.8182597,2026-08-15 09:00:00,9,5,1,0,50,100,1.0,25,0.5089,1
Unnamed Parking,-1.2641049,36.8117123,2026-08-15 09:00:00,9,5,1,0,50,100,1.0,25,0.505,1
InterContinental Hotel Car Park,-1.2873717,36.8192911,2026-08-15 09:00:00,9,5,1,0,50,300,1.15,26,0.5293,1
Unnamed Parking,-1.25013,36.8202579,2026-08-15 09:00:00,9,5,1,0,50,100,1.16,26,0.5168,1
Olympic Bus Terminus,-1.3126351,36.7778212,2026-08-15 09:00:00,9,5,1,0,50,100,1.0,29,0.5738,1
Ayany Car Park,-1.3090339,36.7757579,2026-08-15 09:00:00,9,5,1,0,50,200,1.0,29,0.5839,1
Westgate Mall Car Park,-1.2566578,36.8035661,2026-08-15 09:00:00,9,5,1,0,50,50,1.0,21,0.426,1
Student parking,-1.274479,36.805643,2026-08-15 09:00:00,9,5,1,0,50,100,1.0,29,0.5795,1
Kenton Rear Parking,-1.2809847,36.7869545,2026-08-15 09:00:00,9,5,1,0,50,100,1.0,21,0.4151,1
Unnamed Parking,-1.2553877,36.8667692,2026-08-15 09:00:00,9,5,1,0,50,100,1.0,28,0.557,1
Unnamed Parking,-1.259848,36.8644681,2026-08-15 09:00:00,9,5,1,0,50,100,1.19,28,0.5596,1
Travel House Parking,-1.2861727,36.8214386,2026-08-15 09:00:00,9,5,1,0,50,100,1.18,18,0.3571,1
Lenana Parking Lot Area,-1.2900918,36.800209,2026-08-15 09:00:00,9,5,1,0,50,100,1.0,26,0.5174,1
Unnamed Parking,-1.2944773,36.8101427,2026-08-15 09:00:00,9,5,1,0,50,100,1.0,24,0.4725,1
Parking B,-1.2806414,36.8128716,2026-08-15 09:00:00,9,5,1,0,50,100,1.0,22,0.4493,1
MAIN PACKING,-1.2803274,36.8127162,2026-08-15 09:00:00,9,5,1,0,50,100,1.0,31,0.6181,1
YMCA STAFF PARKING,-1.2805756,36.8129968,2026-08-15 09:00:00,9,5,1,0,50,100,1.0,23,0.4577,1
Unnamed Parking,-1.2896057,36.8150615,2026-08-15 10:00:00,10,5,1,0,50,100,1.0,22,0.4455,1
Unnamed Parking,-1.2909796,36.8282672,2026-08-15 10:00:00,10,5,1,0,50,100,1.0,26,0.5161,1
Unnamed Parking,-1.2856445,36.8132893,2026-08-15 10:00:00,10,5,1,0,50,100,1.0,28,0.5648,1
Unnamed Parking,-1.2597359,36.8182597,2026-08-15 10:00:00,10,5,1,0,50,100,1.0,25,0.4987,1
Unnamed Parking,-1.2641049,36.8117123,2026-08-15 10:00:00,10,5,1,0,50,100,1.0,30,0.6033,1
InterContinental Hotel Car Park,-1.2873717,36.8192911,2026-08-15 10:00:00,10,5,1,0,50,300,1.15,28,0.5525,1
Unnamed Parking,-1.25013,36.8202579,2026-08-15 10:00:00,10,5,1,0,50,100,1.16,17,0.3357,1
Olympic Bus Terminus,-1.3126351,36.7778212,2026-08-15 10:00:00,10,5,1,0,50,100,1.0,23,0.4676,1
Ayany Car Park,-1.3090339,36.7757579,2026-08-15 10:00:00,10,5,1,0,50,200,1.0,23,0.4651,1
Westgate Mall Car Park,-1.2566578,36.8035661,2026-08-15 10:00:00,10,5,1,0,50,50,1.0,27,0.5483,1
Student parking,-1.274479,36.805643,2026-08-15 10:00:00,10,5,1,0,50,100,1.0,15,0.3,1
Kenton Rear Parking,-1.2809847,36.7869545,2026-08-15 10:00:00,10,5,1,0,50,100,1.0,36,0.7139,1
Unnamed Parking,-1.2553877,36.8667692,2026-08-15 10:00:00,10,5,1,0,50,100,1.0,28,0.5525,1
Unnamed Parking,-1.259848,36.8644681,2026-08-15 10:00:00,10,5,1,0,50,100,1.19,26,0.5219,1
Travel House Parking,-1.2861727,36.8214386,2026-08-15 10:00:00,10,5,1,0,50,100,1.18,30,0.6045,1
Lenana Parking Lot Area,-1.2900918,36.800209,2026-08-15 10:00:00,10,5,1,0,50,100,1.0,35,0.6975,1
Unnamed Parking,-1.2944773,36.8101427,2026-08-15 10:00:00,10,5,1,0,50,100,1.0,29,0.5797,1
Parking B,-1.2806414,36.8128716,2026-08-15 10:00:00,10,5,1,0,50,100,1.0,29,0.5859,1
MAIN PACKING,-1.2803274,36.8127162,2026-08-15 10:00:00,10,5,1,0,50,100,1.0,26,0.5205,1
YMCA STAFF PARKING,-1.2805756,36.8129968,2026-08-15 10:00:00,10,5,1,0,50,100,1.0,25,0.4987,1
Unnamed Parking,-1.2896057,36.8150615,2026-08-15 11:00:00,11,5,1,0,50,100,1.0,24,0.4719,1
Unnamed Parking,-1.2909796,36.8282672,2026-08-15 11:00:00,11,5,1,0,50,100,1.0,22,0.4439,1
Unnamed Parking,-1.2856445,36.8132893,2026-08-15 11:00:00,11,5,1,0,50,100,1.0,23,0.455,1
Unnamed Parking,-1.2597359,36.8182597,2026-08-15 11:00:00,11,5,1,0,50,100,1.0,20,0.402,1
Unnamed Parking,-1.2641049,36.8117123,2026-08-15 11:00:00,11,5,1,0,50,100,1.0,25,0.5039,1
InterContinental Hotel Car Park,-1.2873717,36.8192911,2026-08-15 11:00:00,11,5,1,0,50,300,1.15,19,0.3752,1
Unnamed Parking,-1.25013,36.8202579,2026-08-15 11:00:00,11,5,1,0,50,100,1.16,26,0.5253,1
Olympic Bus Terminus,-1.3126351,36.7778212,2026-08-15 11:00:00,11,5,1,0,50,100,1.0,25,0.5071,1
Ayany Car Park,-1.3090339,36.7757579,2026-08-15 11:00:00,11,5,1,0,50,200,1.0,26,0.5218,1
Westgate Mall Car Park,-1.2566578,36.8035661,2026-08-15 11:00:00,11,5,1,0,50,50,1.0,23,0.4682,1
Student parking,-1.274479,36.805643,2026-08-15 11:00:00,11,5,1,0,50,100,1.0,38,0.7561,1
Kenton Rear Parking,-1.2809847,36.7869545,2026-08-15 11:00:00,11,5,1,0,50,100,1.0,31,0.6188,1
Unnamed Parking,-1.2553877,36.8667692,2026-08-15 11:00:00,11,5,1,0,50,100,1.0,21,0.4104,1
Unnamed Parking,-1.259848,36.8644681,2026-08-15 11:00:00,11,5,1,0,50,100,1.19,26,0.5286,1
Travel House Parking,-1.2861727,36.8214386,2026-08-15 11:00:00,11,5,1,0,50,100,1.18,23,0.4614,1
Lenana Parking Lot Area,-1.2900918,36.800209,2026-08-15 11:00:00,11,5,1,0,50,100,1.0,21,0.4288,1
Unnamed Parking,-1.2944773,36.8101427,2026-08-15 11:00:00,11,5,1,0,50,100,1.0,20,0.4028,1
Parking B,-1.2806414,36.8128716,2026-08-15 11:00:00,11,5,1,0,50,100,1.0,27,0.5446,1
MAIN PACKING,-1.2803274,36.8127162,2026-08-15 11:00:00,11,5,1,0,50,100,1.0,23,0.4555,1
YMCA STAFF PARKING,-1.2805756,36.8129968,2026-08-15 11:00:00,11,5,1,0,50,100,1.0,29,0.5874,1
Unnamed Parking,-1.2896057,36.8150615,2026-08-15 12:00:00,12,5,1,0,50,100,1.0,25,0.4995,1
Unnamed Parking,-1.2909796,36.8282672,2026-08-15 12:00:00,12,5,1,0,50,100,1.0,26,0.5299,1
Unnamed Parking,-1.2856445,36.8132893,2026-08-15 12:00:00,12,5,1,0,50,100,1.0,18,0.3518,1
Unnamed Parking,-1.2597359,36.8182597,2026-08-15 12:00:00,12,5,1,0,50,100,1.0,23,0.458,1
Unnamed Parking,-1.2641049,36.8117123,2026-08-15 12:00:00,12,5,1,0,50,100,1.0,24,0.4706,1
InterContinental Hotel Car Park,-1.2873717,36.8192911,2026-08-15 12:00:00,12,5,1,0,50,300,1.15,19,0.3821,1
Unnamed Parking,-1.25013,36.8202579,2026-08-15 12:00:00,12,5,1,0,50,100,1.16,18,0.3583,1
Olympic Bus Terminus,-1.3126351,36.7778212,2026-08-15 12:00:00,12,5,1,0,50,100,1.0,27,0.5488,1
Ayany Car Park,-1.3090339,36.7757579,2026-08-15 12:00:00,12,5,1,0,50,200,1.0,22,0.4382,1
Westgate Mall Car Park,-1.2566578,36.8035661,2026-08-15 12:00:00,12,5,1,0,50,50,1.0,24,0.4709,1
Student parking,-1.274479,36.805643,2026-08-15 12:00:00,12,5,1,0,50,100,1.0,18,0.3542,1
Kenton Rear Parking,-1.2809847,36.7869545,2026-08-15 12:00:00,12,5,1,0,50,100,1.0,16,0.3225,1
Unnamed Parking,-1.2553877,36.8667692,2026-08-15 12:00:00,12,5,1,0,50,100,1.0,19,0.3744,1
Unnamed Parking,-1.259848,36.8644681,2026-08-15 12:00:00,12,5,1,0,50,100,1.19,21,0.4101,1
Travel House Parking,-1.2861727,36.8214386,2026-08-15 12:00:00,12,5,1,0,50,100,1.18,17,0.3349,1
Lenana Parking Lot Area,-1.2900918,36.800209,2026-08-15 12:00:00,12,5,1,0,50,100,1.0,21,0.4192,1
Unnamed Parking,-1.2944773,36.8101427,2026-08-15 12:00:00,12,5,1,0,50,100,1.0,14,0.2849,1
Parking B,-1.2806414,36.8128716,2026-08-15 12:00:00,12,5,1,0,50,100,1.0,17,0.3304,1
MAIN PACKING,-1.2803274,36.8127162,2026-08-15 12:00:00,12,5,1,0,50,100,1.0,24,0.4737,1
YMCA STAFF PARKING,-1.2805756,36.8129968,2026-08-15 12:00:00,12,5,1,0,50,100,1.0,23,0.4683,1
Unnamed Parking,-1.2896057,36.8150615,2026-08-15 13:00:00,13,5,1,0,50,100,1.0,24,0.4786,1
Unnamed Parking,-1.2909796,36.8282672,2026-08-15 13:00:00,13,5,1,0,50,100,1.0,21,0.4286,1
Unnamed Parking,-1.2856445,36.8132893,2026-08-15 13:00:00,13,5,1,0,50,100,1.0,21,0.4278,1
Unnamed Parking,-1.2597359,36.8182597,2026-08-15 13:00:00,13,5,1,0,50,100,1.0,24,0.4801,1
Unnamed Parking,-1.2641049,36.8117123,2026-08-15 13:00:00,13,5,1,0,50,100,1.0,28,0.5616,1
InterContinental Hotel Car Park,-1.2873717,36.8192911,2026-08-15 13:00:00,13,5,1,0,50,300,1.15,29,0.5843,1
Unnamed Parking,-1.25013,36.8202579,2026-08-15 13:00:00,13,5,1,0,50,100,1.16,24,0.4703,1
Olympic Bus Terminus,-1.3126351,36.7778212,2026-08-15 13:00:00,13,5,1,0,50,100,1.0,21,0.4177,1
Ayany Car Park,-1.3090339,36.7757579,2026-08-15 13:00:00,13,5,1,0,50,200,1.0,27,0.5314,1
Westgate Mall Car Park,-1.2566578,36.8035661,2026-08-15 13:00:00,13,5,1,0,50,50,1.0,22,0.4441,1
Student parking,-1.274479,36.805643,2026-08-15 13:00:00,13,5,1,0,50,100,1.0,23,0.4685,1
Kenton Rear Parking,-1.2809847,36.7869545,2026-08-15 13:00:00,13,5,1,0,50,100,1.0,31,0.616,1
Unnamed Parking,-1.2553877,36.8667692,2026-08-15 13:00:00,13,5,1,0,50,100,1.0,29,0.5762,1
Unnamed Parking,-1.259848,36.8644681,2026-08-15 13:00:00,13,5,1,0,50,100,1.19,26,0.5226,1
Travel House Parking,-1.2861727,36.8214386,2026-08-15 13:00:00,13,5,1,0,50,100,1.18,20,0.4082,1
Lenana Parking Lot Area,-1.2900918,36.800209,2026-08-15 13:00:00,13,5,1,0,50,100,1.0,26,0.5269,1
Unnamed Parking,-1.2944773,36.8101427,2026-08-15 13:00:00,13,5,1,0,50,100,1.0,30,0.595,1
Parking B,-1.2806414,36.8128716,2026-08-15 13:00:00,13,5,1,0,50,100,1.0,24,0.4799,1
MAIN PACKING,-1.2803274,36.8127162,2026-08-15 13:00:00,13,5,1,0,50,100,1.0,31,0.6181,1
YMCA STAFF PARKING,-1.2805756,36.8129968,2026-08-15 13:00:00,13,5,1,0,50,100,1.0,31,0.6134,1
Unnamed Parking,-1.2896057,36.8150615,2026-08-15 14:00:00,14,5,1,0,50,100,1.0,32,0.6431,1
Unnamed Parking,-1.2909796,36.8282672,2026-08-15 14:00:00,14,5,1,0,50,100,1.0,27,0.5344,1
Unnamed Parking,-1.2856445,36.8132893,2026-08-15 14:00:00,14,5,1,0,50,100,1.0,28,0.557,1
Unnamed Parking,-1.2597359,36.8182597,2026-08-15 14:00:00,14,5,1,0,50,100,1.0,31,0.6231,1
Unnamed Parking,-1.2641049,36.8117123,2026-08-15 14:00:00,14,5,1,0,50,100,1.0,27,0.5458,1
InterContinental Hotel Car Park,-1.2873717,36.8192911,2026-08-15 14:00:00,14,5,1,0,50,300,1.15,23,0.4699,1
Unnamed Parking,-1.25013,36.8202579,2026-08-15 14:00:00,14,5,1,0,50,100,1.16,24,0.4741,1
Olympic Bus Terminus,-1.3126351,36.7778212,2026-08-15 14:00:00,14,5,1,0,50,100,1.0,26,0.5291,1
Ayany Car Park,-1.3090339,36.7757579,2026-08-15 14:00:00,14,5,1,0,50,200,1.0,20,0.4068,1
Westgate Mall Car Park,-1.2566578,36.8035661,2026-08-15 14:00:00,14,5,1,0,50,50,1.0,25,0.4985,1
Student parking,-1.274479,36.805643,2026-08-15 14:00:00,14,5,1,0,50,100,1.0,30,0.5977,1
Kenton Rear Parking,-1.2809847,36.7869545,2026-08-15 14:00:00,14,5,1,0,50,100,1.0,17,0.3347,1
Unnamed Parking,-1.2553877,36.8667692,2026-08-15 14:00:00,14,5,1,0,50,100,1.0,32,0.6328,1
Unnamed Parking,-1.259848,36.8644681,2026-08-15 14:00:00,14,5,1,0,50,100,1.19,30,0.5998,1
Travel House Parking,-1.2861727,36.8214386,2026-08-15 14:00:00,14,5,1,0,50,100,1.18,24,0.4732,1
Lenana Parking Lot Area,-1.2900918,36.800209,2026-08-15 14:00:00,14,5,1,0,50,100,1.0,28,0.5535,1
Unnamed Parking,-1.2944773,36.8101427,2026-08-15 14:00:00,14,5,1,0,50,100,1.0,26,0.5103,1
Parking B,-1.2806414,36.8128716,2026-08-15 14:00:00,14,5,1,0,50,100,1.0,30,0.6084,1
MAIN PACKING,-1.2803274,36.8127162,2026-08-15 14:00:00,14,5,1,0,50,100,1.0,29,0.5886,1
YMCA STAFF PARKING,-1.2805756,36.8129968,2026-08-15 14:00:00,14,5,1,0,50,100,1.0,20,0.398,1
Unnamed Parking,-1.2896057,36.8150615,2026-08-15 15:00:00,15,5,1,0,50,100,1.0,28,0.557,1
Unnamed Parking,-1.2909796,36.8282672,2026-08-15 15:00:00,15,5,1,0,50,100,1.0,25,0.4935,1
Unnamed Parking,-1.2856445,36.8132893,2026-08-15 15:00:00,15,5,1,0,50,100,1.0,26,0.5166,1
Unnamed Parking,-1.2597359,36.8182597,2026-08-15 15:00:00,15,5,1,0,50,100,1.0,23,0.4517,1
Unnamed Parking,-1.2641049,36.8117123,2026-08-15 15:00:00,15,5,1,0,50,100,1.0,32,0.6499,1
InterContinental Hotel Car Park,-1.2873717,36.8192911,2026-08-15 15:00:00,15,5,1,0,50,300,1.15,30,0.5932,1
Unnamed Parking,-1.25013,36.8202579,2026-08-15 15:00:00,15,5,1,0,50,100,1.16,23,0.4508,1
Olympic Bus Terminus,-1.3126351,36.7778212,2026-08-15 15:00:00,15,5,1,0,50,100,1.0,20,0.4032,1
Ayany Car Park,-1.3090339,36.7757579,2026-08-15 15:00:00,15,5,1,0,50,200,1.0,24,0.4791,1
Westgate Mall Car Park,-1.2566578,36.8035661,2026-08-15 15:00:00,15,5,1,0,50,50,1.0,27,0.5448,1
Student parking,-1.274479,36.805643,2026-08-15 15:00:00,15,5,1,0,50,100,1.0,26,0.5292,1
Kenton Rear Parking,-1.2809847,36.7869545,2026-08-15 15:00:00,15,5,1,0,50,100,1.0,31,0.6103,1
Unnamed Parking,-1.2553877,36.8667692,2026-08-15 15:00:00,15,5,1,0,50,100,1.0,29,0.5732,1
Unnamed Parking,-1.259848,36.8644681,2026-08-15 15:00:00,15,5,1,0,50,100,1.19,29,0.5876,1
Travel House Parking,-1.2861727,36.8214386,2026-08-15 15:00:00,15,5,1,0,50,100,1.18,27,0.5361,1
Lenana Parking Lot Area,-1.2900918,36.800209,2026-08-15 15:00:00,15,5,1,0,50,100,1.0,20,0.3989,1
Unnamed Parking,-1.2944773,36.8101427,2026-08-15 15:00:00,15,5,1,0,50,100,1.0,25,0.4943,1
Parking B,-1.2806414,36.8128716,2026-08-15 15:00:00,15,5,1,0,50,100,1.0,30,0.5948,1
MAIN PACKING,-1.2803274,36.8127162,2026-08-15 15:00:00,15,5,1,0,50,100,1.0,25,0.5059,1
YMCA STAFF PARKING,-1.2805756,36.8129968,2026-08-15 15:00:00,15,5,1,0,50,100,1.0,28,0.5502,1
Unnamed Parking,-1.2896057,36.8150615,2026-08-15 16:00:00,16,5,1,0,50,100,1.0,24,0.4845,1
Unnamed Parking,-1.2909796,36.8282672,2026-08-15 16:00:00,16,5,1,0,50,100,1.0,21,0.4276,1
Unnamed Parking,-1.2856445,36.8132893,2026-08-15 16:00:00,16,5,1,0,50,100,1.0,25,0.5001,1
Unnamed Parking,-1.2597359,36.8182597,2026-08-15 16:00:00,16,5,1,0,50,100,1.0,27,0.5347,1
Unnamed Parking,-1.2641049,36.8117123,2026-08-15 16:00:00,16,5,1,0,50,100,1.0,23,0.4575,1
InterContinental Hotel Car Park,-1.2873717,36.8192911,2026-08-15 16:00:00,16,5,1,0,50,300,1.15,25,0.4911,1
Unnamed Parking,-1.25013,36.8202579,2026-08-15 16:00:00,16,5,1,0,50,100,1.16,22,0.4348,1
Olympic Bus Terminus,-1.3126351,36.7778212,2026-08-15 16:00:00,16,5,1,0,50,100,1.0,30,0.5995,1
Ayany Car Park,-1.3090339,36.7757579,2026-08-15 16:00:00,16,5,1,0,50,200,1.0,24,0.4864,1
Westgate Mall Car Park,-1.2566578,36.8035661,2026-08-15 16:00:00,16,5,1,0,50,50,1.0,31,0.6262,1
Student parking,-1.274479,36.805643,2026-08-15 16:00:00,16,5,1,0,50,100,1.0,32,0.6323,1
Kenton Rear Parking,-1.2809847,36.7869545,2026-08-15 16:00:00,16,5,1,0,50,100,1.0,25,0.5035,1
Unnamed Parking,-1.2553877,36.8667692,2026-08-15 16:00:00,16,5,1,0,50,100,1.0,21,0.4293,1
Unnamed Parking,-1.259848,36.8644681,2026-08-15 16:00:00,16,5,1,0,50,100,1.19,17,0.3431,1
Travel House Parking,-1.2861727,36.8214386,2026-08-15 16:00:00,16,5,1,0,50,100,1.18,20,0.3922,1
Lenana Parking Lot Area,-1.2900918,36.800209,2026-08-15 16:00:00,16,5,1,0,50,100,1.0,20,0.4001,1
Unnamed Parking,-1.2944773,36.8101427,2026-08-15 16:00:00,16,5,1,0,50,100,1.0,31,0.6203,1
Parking B,-1.2806414,36.8128716,2026-08-15 16:00:00,16,5,1,0,50,100,1.0,26,0.5193,1
MAIN PACKING,-1.2803274,36.8127162,2026-08-15 16:00:00,16,5,1,0,50,100,1.0,27,0.5412,1
YMCA STAFF PARKING,-1.2805756,36.8129968,2026-08-15 16:00:00,16,5,1,0,50,100,1.0,17,0.3324,1
Unnamed Parking,-1.2896057,36.8150615,2026-08-15 17:00:00,17,5,1,0,50,100,1.0,16,0.3242,1
Unnamed Parking,-1.2909796,36.8282672,2026-08-15 17:00:00,17,5,1,0,50,100,1.0,25,0.491,1
Unnamed Parking,-1.2856445,36.8132893,2026-08-15 17:00:00,17,5,1,0,50,100,1.0,22,0.4429,1
Unnamed Parking,-1.2597359,36.8182597,2026-08-15 17:00:00,17,5,1,0,50,100,1.0,20,0.4082,1
Unnamed Parking,-1.2641049,36.8117123,2026-08-15 17:00:00,17,5,1,0,50,100,1.0,23,0.4652,1
InterContinental Hotel Car Park,-1.2873717,36.8192911,2026-08-15 17:00:00,17,5,1,0,50,300,1.15,28,0.5509,1
Unnamed Parking,-1.25013,36.8202579,2026-08-15 17:00:00,17,5,1,0,50,100,1.16,20,0.4023,1
Olympic Bus Terminus,-1.3126351,36.7778212,2026-08-15 17:00:00,17,5,1,0,50,100,1.0,21,0.4255,1
Ayany Car Park,-1.3090339,36.7757579,2026-08-15 17:00:00,17,5,1,0,50,200,1.0,22,0.4354,1
Westgate Mall Car Park,-1.2566578,36.8035661,2026-08-15 17:00:00,17,5,1,0,50,50,1.0,31,0.6114,1
Student parking,-1.274479,36.805643,2026-08-15 17:00:00,17,5,1,0,50,100,1.0,13,0.2521,1
Kenton Rear Parking,-1.2809847,36.7869545,2026-08-15 17:00:00,17,5,1,0,50,100,1.0,24,0.4747,1
Unnamed Parking,-1.2553877,36.8667692,2026-08-15 17:00:00,17,5,1,0,50,100,1.0,21,0.4108,1
Unnamed Parking,-1.259848,36.8644681,2026-08-15 17:00:00,17,5,1,0,50,100,1.19,23,0.4653,1
Travel House Parking,-1.2861727,36.8214386,2026-08-15 17:00:00,17,5,1,0,50,100,1.18,18,0.3674,1
Lenana Parking Lot Area,-1.2900918,36.800209,2026-08-15 17:00:00,17,5,1,0,50,100,1.0,21,0.4161,1
Unnamed Parking,-1.2944773,36.8101427,2026-08-15 17:00:00,17,5,1,0,50,100,1.0,24,0.4769,1
Parking B,-1.2806414,36.8128716,2026-08-15 17:00:00,17,5,1,0,50,100,1.0,33,0.669,1
MAIN PACKING,-1.2803274,36.8127162,2026-08-15 17:00:00,17,5,1,0,50,100,1.0,24,0.4846,1
YMCA STAFF PARKING,-1.2805756,36.8129968,2026-08-15 17:00:00,17,5,1,0,50,100,1.0,18,0.3522,1
Unnamed Parking,-1.2896057,36.8150615,2026-08-15 18:00:00,18,5,1,0,50,100,1.0,19,0.3861,1
Unnamed Parking,-1.2909796,36.8282672,2026-08-15 18:00:00,18,5,1,0,50,100,1.0,19,0.3837,1
Unnamed Parking,-1.2856445,36.8132893,2026-08-15 18:00:00,18,5,1,0,50,100,1.0,14,0.2763,1
Unnamed Parking,-1.2597359,36.8182597,2026-08-15 18:00:00,18,5,1,0,50,100,1.0,20,0.3936,1
Unnamed Parking,-1.2641049,36.8117123,2026-08-15 18:00:00,18,5,1,0,50,100,1.0,24,0.4786,1
InterContinental Hotel Car Park,-1.2873717,36.8192911,2026-08-15 18:00:00,18,5,1,0,50,300,1.15,16,0.3181,1
Unnamed Parking,-1.25013,36.8202579,2026-08-15 18:00:00,18,5,1,0,50,100,1.16,25,0.5039,1
Olympic Bus Terminus,-1.3126351,36.7778212,2026-08-15 18:00:00,18,5,1,0,50,100,1.0,23,0.459,1
Ayany Car Park,-1.3090339,36.7757579,2026-08-15 18:00:00,18,5,1,0,50,200,1.0,18,0.3613,1
Westgate Mall Car Park,-1.2566578,36.8035661,2026-08-15 18:00:00,18,5,1,0,50,50,1.0,20,0.4087,1
Student parking,-1.274479,36.805643,2026-08-15 18:00:00,18,5,1,0,50,100,1.0,27,0.5479,1
Kenton Rear Parking,-1.2809847,36.7869545,2026-08-15 18:00:00,18,5,1,0,50,100,1.0,24,0.4787,1
Unnamed Parking,-1.2553877,36.8667692,2026-08-15 18:00:00,18,5,1,0,50,100,1.0,21,0.4207,1
Unnamed Parking,-1.259848,36.8644681,2026-08-15 18:00:00,18,5,1,0,50,100,1.19,20,0.401,1
Travel House Parking,-1.2861727,36.8214386,2026-08-15 18:00:00,18,5,1,0,50,100,1.18,21,0.4261,1
Lenana Parking Lot Area,-1.2900918,36.800209,2026-08-15 18:00:00,18,5,1,0,50,100,1.0,19,0.3791,1
Unnamed Parking,-1.2944773,36.8101427,2026-08-15 18:00:00,18,5,1,0,50,100,1.0,13,0.2516,1
Parking B,-1.2806414,36.8128716,2026-08-15 18:00:00,18,5,1,0,50,100,1.0,29,0.5834,1
MAIN PACKING,-1.2803274,36.8127162,2026-08-15 18:00:00,18,5,1,0,50,100,1.0,22,0.4324,1
YMCA STAFF PARKING,-1.2805756,36.8129968,2026-08-15 18:00:00,18,5,1,0,50,100,1.0,23,0.4519,1
Unnamed Parking,-1.2896057,36.8150615,2026-08-15 19:00:00,19,5,1,0,50,100,1.0,12,0.2354,1
Unnamed Parking,-1.2909796,36.8282672,2026-08-15 19:00:00,19,5,1,0,50,100,1.0,9,0.1812,1
Unnamed Parking,-1.2856445,36.8132893,2026-08-15 19:00:00,19,5,1,0,50,100,1.0,11,0.2251,1
Unnamed Parking,-1.2597359,36.8182597,2026-08-15 19:00:00,19,5,1,0,50,100,1.0,6,0.112,1
Unnamed Parking,-1.2641049,36.8117123,2026-08-15 19:00:00,19,5,1,0,50,100,1.0,21,0.4222,1
InterContinental Hotel Car Park,-1.2873717,36.8192911,2026-08-15 19:00:00,19,5,1,0,50,300,1.15,7,0.1412,1
Unnamed Parking,-1.25013,36.8202579,2026-08-15 19:00:00,19,5,1,0,50,100,1.16,8,0.1574,1
Olympic Bus Terminus,-1.3126351,36.7778212,2026-08-15 19:00:00,19,5,1,0,50,100,1.0,10,0.2048,1
Ayany Car Park,-1.3090339,36.7757579,2026-08-15 19:00:00,19,5,1,0,50,200,1.0,17,0.343,1
Westgate Mall Car Park,-1.2566578,36.8035661,2026-08-15 19:00:00,19,5,1,0,50,50,1.0,12,0.2412,1
Student parking,-1.274479,36.805643,2026-08-15 19:00:00,19,5,1,0,50,100,1.0,7,0.1411,1
Kenton Rear Parking,-1.2809847,36.7869545,2026-08-15 19:00:00,19,5,1,0,50,100,1.0,17,0.3403,1
Unnamed Parking,-1.2553877,36.8667692,2026-08-15 19:00:00,19,5,1,0,50,100,1.0,15,0.2985,1
Unnamed Parking,-1.259848,36.8644681,2026-08-15 19:00:00,19,5,1,0,50,100,1.19,14,0.2831,1
Travel House Parking,-1.2861727,36.8214386,2026-08-15 19:00:00,19,5,1,0,50,100,1.18,15,0.2973,1
Lenana Parking Lot Area,-1.2900918,36.800209,2026-08-15 19:00:00,19,5,1,0,50,100,1.0,22,0.4315,1
Unnamed Parking,-1.2944773,36.8101427,2026-08-15 19:00:00,19,5,1,0,50,100,1.0,21,0.4148,1
Parking B,-1.2806414,36.8128716,2026-08-15 19:00:00,19,5,1,0,50,100,1.0,9,0.1851,1
MAIN PACKING,-1.2803274,36.8127162,2026-08-15 19:00:00,19,5,1,0,50,100,1.0,18,0.3699,1
YMCA STAFF PARKING,-1.2805756,36.8129968,2026-08-15 19:00:00,19,5,1,0,50,100,1.0,14,0.2707,1
Unnamed Parking,-1.2896057,36.8150615,2026-08-15 20:00:00,20,5,1,0,50,100,1.0,14,0.2799,1
Unnamed Parking,-1.2909796,36.8282672,2026-08-15 20:00:00,20,5,1,0,50,100,1.0,5,0.1046,1
Unnamed Parking,-1.2856445,36.8132893,2026-08-15 20:00:00,20,5,1,0,50,100,1.0,11,0.2264,1
Unnamed Parking,-1.2597359,36.8182597,2026-08-15 20:00:00,20,5,1,0,50,100,1.0,9,0.175,1
Unnamed Parking,-1.2641049,36.8117123,2026-08-15 20:00:00,20,5,1,0,50,100,1.0,15,0.3062,1
InterContinental Hotel Car Park,-1.2873717,36.8192911,2026-08-15 20:00:00,20,5,1,0,50,300,1.15,16,0.3257,1
Unnamed Parking,-1.25013,36.8202579,2026-08-15 20:00:00,20,5,1,0,50,100,1.16,5,0.1,1
Olympic Bus Terminus,-1.3126351,36.7778212,2026-08-15 20:00:00,20,5,1,0,50,100,1.0,12,0.2382,1
Ayany Car Park,-1.3090339,36.7757579,2026-08-15 20:00:00,20,5,1,0,50,200,1.0,16,0.3297,1
Westgate Mall Car Park,-1.2566578,36.8035661,2026-08-15 20:00:00,20,5,1,0,50,50,1.0,11,0.2251,1
Student parking,-1.274479,36.805643,2026-08-15 20:00:00,20,5,1,0,50,100,1.0,15,0.2983,1
Kenton Rear Parking,-1.2809847,36.7869545,2026-08-15 20:00:00,20,5,1,0,50,100,1.0,13,0.2681,1
Unnamed Parking,-1.2553877,36.8667692,2026-08-15 20:00:00,20,5,1,0,50,100,1.0,13,0.2673,1
Unnamed Parking,-1.259848,36.8644681,2026-08-15 20:00:00,20,5,1,0,50,100,1.19,11,0.2183,1
Travel House Parking,-1.2861727,36.8214386,2026-08-15 20:00:00,20,5,1,0,50,100,1.18,7,0.1427,1
Lenana Parking Lot Area,-1.2900918,36.800209,2026-08-15 20:00:00,20,5,1,0,50,100,1.0,8,0.1503,1
Unnamed Parking,-1.2944773,36.8101427,2026-08-15 20:00:00,20,5,1,0,50,100,1.0,15,0.2967,1
Parking B,-1.2806414,36.8128716,2026-08-15 20:00:00,20,5,1,0,50,100,1.0,12,0.2416,1
MAIN PACKING,-1.2803274,36.8127162,2026-08-15 20:00:00,20,5,1,0,50,100,1.0,11,0.2289,1
YMCA STAFF PARKING,-1.2805756,36.8129968,2026-08-15 20:00:00,20,5,1,0,50,100,1.0,10,0.2061,1
Unnamed Parking,-1.2896057,36.8150615,2026-08-15 21:00:00,21,5,1,0,50,100,1.0,11,0.2156,1
Unnamed Parking,-1.2909796,36.8282672,2026-08-15 21:00:00,21,5,1,0,50,100,1.0,16,0.3238,1
Unnamed Parking,-1.2856445,36.8132893,2026-08-15 21:00:00,21,5,1,0,50,100,1.0,11,0.2132,1
Unnamed Parking,-1.2597359,36.8182597,2026-08-15 21:00:00,21,5,1,0,50,100,1.0,7,0.1327,1
Unnamed Parking,-1.2641049,36.8117123,2026-08-15 21:00:00,21,5,1,0,50,100,1.0,15,0.2995,1
InterContinental Hotel Car Park,-1.2873717,36.8192911,2026-08-15 21:00:00,21,5,1,0,50,300,1.15,11,0.2236,1
Unnamed Parking,-1.25013,36.8202579,2026-08-15 21:00:00,21,5,1,0,50,100,1.16,12,0.2425,1
Olympic Bus Terminus,-1.3126351,36.7778212,2026-08-15 21:00:00,21,5,1,0,50,100,1.0,18,0.3686,1
Ayany Car Park,-1.3090339,36.7757579,2026-08-15 21:00:00,21,5,1,0,50,200,1.0,12,0.2384,1
Westgate Mall Car Park,-1.2566578,36.8035661,2026-08-15 21:00:00,21,5,1,0,50,50,1.0,13,0.2631,1
Student parking,-1.274479,36.805643,2026-08-15 21:00:00,21,5,1,0,50,100,1.0,7,0.1457,1
Kenton Rear Parking,-1.2809847,36.7869545,2026-08-15 21:00:00,21,5,1,0,50,100,1.0,11,0.2224,1
Unnamed Parking,-1.2553877,36.8667692,2026-08-15 21:00:00,21,5,1,0,50,100,1.0,14,0.2888,1
Unnamed Parking,-1.259848,36.8644681,2026-08-15 21:00:00,21,5,1,0,50,100,1.19,6,0.1156,1
Travel House Parking,-1.2861727,36.8214386,2026-08-15 21:00:00,21,5,1,0,50,100,1.18,13,0.2561,1
Lenana Parking Lot Area,-1.2900918,36.800209,2026-08-15 21:00:00,21,5,1,0,50,100,1.0,12,0.2481,1
Unnamed Parking,-1.2944773,36.8101427,2026-08-15 21:00:00,21,5,1,0,50,100,1.0,12,0.2433,1
Parking B,-1.2806414,36.8128716,2026-08-15 21:00:00,21,5,1,0,50,100,1.0,16,0.323,1
MAIN PACKING,-1.2803274,36.8127162,2026-08-15 21:00:00,21,5,1,0,50,100,1.0,13,0.2668,1
YMCA STAFF PARKING,-1.2805756,36.8129968,2026-08-15 21:00:00,21,5,1,0,50,100,1.0,18,0.3582,1
Unnamed Parking,-1.2896057,36.8150615,2026-08-15 22:00:00,22,5,1,0,50,100,1.0,8,0.1605,1
Unnamed Parking,-1.2909796,36.8282672,2026-08-15 22:00:00,22,5,1,0,50,100,1.0,13,0.2509,1
Unnamed Parking,-1.2856445,36.8132893,2026-08-15 22:00:00,22,5,1,0,50,100,1.0,12,0.2468,1
Unnamed Parking,-1.2597359,36.8182597,2026-08-15 22:00:00,22,5,1,0,50,100,1.0,8,0.1545,1
Unnamed Parking,-1.2641049,36.8117123,2026-08-15 22:00:00,22,5,1,0,50,100,1.0,16,0.3165,1
InterContinental Hotel Car Park,-1.2873717,36.8192911,2026-08-15 22:00:00,22,5,1,0,50,300,1.15,21,0.426,1
Unnamed Parking,-1.25013,36.8202579,2026-08-15 22:00:00,22,5,1,0,50,100,1.16,12,0.2386,1
Olympic Bus Terminus,-1.3126351,36.7778212,2026-08-15 22:00:00,22,5,1,0,50,100,1.0,14,0.2804,1
Ayany Car Park,-1.3090339,36.7757579,2026-08-15 22:00:00,22,5,1,0,50,200,1.0,12,0.2468,1
Westgate Mall Car Park,-1.2566578,36.8035661,2026-08-15 22:00:00,22,5,1,0,50,50,1.0,9,0.1829,1
Student parking,-1.274479,36.805643,2026-08-15 22:00:00,22,5,1,0,50,100,1.0,5,0.1,1
Kenton Rear Parking,-1.2809847,36.7869545,2026-08-15 22:00:00,22,5,1,0,50,100,1.0,9,0.1835,1
Unnamed Parking,-1.2553877,36.8667692,2026-08-15 22:00:00,22,5,1,0,50,100,1.0,6,0.1286,1
Unnamed Parking,-1.259848,36.8644681,2026-08-15 22:00:00,22,5,1,0,50,100,1.19,19,0.3763,1
Travel House Parking,-1.2861727,36.8214386,2026-08-15 22:00:00,22,5,1,0,50,100,1.18,12,0.2308,1
Lenana Parking Lot Area,-1.2900918,36.800209,2026-08-15 22:00:00,22,5,1,0,50,100,1.0,11,0.2123,1
Unnamed Parking,-1.2944773,36.8101427,2026-08-15 22:00:00,22,5,1,0,50,100,1.0,16,0.3111,1
Parking B,-1.2806414,36.8128716,2026-08-15 22:00:00,22,5,1,0,50,100,1.0,8,0.1503,1
MAIN PACKING,-1.2803274,36.8127162,2026-08-15 22:00:00,22,5,1,0,50,100,1.0,9,0.1787,1
YMCA STAFF PARKING,-1.2805756,36.8129968,2026-08-15 22:00:00,22,5,1,0,50,100,1.0,12,0.2454,1
Unnamed Parking,-1.2896057,36.8150615,2026-08-16 06:00:00,6,6,1,0,50,100,1.0,16,0.3223,1
Unnamed Parking,-1.2909796,36.8282672,2026-08-16 06:00:00,6,6,1,0,50,100,1.0,14,0.2801,1
Unnamed Parking,-1.2856445,36.8132893,2026-08-16 06:00:00,6,6,1,0,50,100,1.0,13,0.2599,1
Unnamed Parking,-1.2597359,36.8182597,2026-08-16 06:00:00,6,6,1,0,50,100,1.0,12,0.2462,1
Unnamed Parking,-1.2641049,36.8117123,2026-08-16 06:00:00,6,6,1,0,50,100,1.0,14,0.272,1
InterContinental Hotel Car Park,-1.2873717,36.8192911,2026-08-16 06:00:00,6,6,1,0,50,300,1.15,13,0.2561,1
Unnamed Parking,-1.25013,36.8202579,2026-08-16 06:00:00,6,6,1,0,50,100,1.16,8,0.1576,1
Olympic Bus Terminus,-1.3126351,36.7778212,2026-08-16 06:00:00,6,6,1,0,50,100,1.0,12,0.2437,1
Ayany Car Park,-1.3090339,36.7757579,2026-08-16 06:00:00,6,6,1,0,50,200,1.0,8,0.1541,1
Westgate Mall Car Park,-1.2566578,36.8035661,2026-08-16 06:00:00,6,6,1,0,50,50,1.0,12,0.2465,1
Student parking,-1.274479,36.805643,2026-08-16 06:00:00,6,6,1,0,50,100,1.0,10,0.2015,1
Kenton Rear Parking,-1.2809847,36.7869545,2026-08-16 06:00:00,6,6,1,0,50,100,1.0,22,0.4432,1
Unnamed Parking,-1.2553877,36.8667692,2026-08-16 06:00:00,6,6,1,0,50,100,1.0,12,0.2368,1
Unnamed Parking,-1.259848,36.8644681,2026-08-16 06:00:00,6,6,1,0,50,100,1.19,6,0.1277,1
Travel House Parking,-1.2861727,36.8214386,2026-08-16 06:00:00,6,6,1,0,50,100,1.18,11,0.2293,1
Lenana Parking Lot Area,-1.2900918,36.800209,2026-08-16 06:00:00,6,6,1,0,50,100,1.0,14,0.2815,1
Unnamed Parking,-1.2944773,36.8101427,2026-08-16 06:00:00,6,6,1,0,50,100,1.0,19,0.3739,1
Parking B,-1.2806414,36.8128716,2026-08-16 06:00:00,6,6,1,0,50,100,1.0,10,0.1928,1
MAIN PACKING,-1.2803274,36.8127162,2026-08-16 06:00:00,6,6,1,0,50,100,1.0,6,0.1134,1
YMCA STAFF PARKING,-1.2805756,36.8129968,2026-08-16 06:00:00,6,6,1,0,50,100,1.0,15,0.3053,1
Unnamed Parking,-1.2896057,36.8150615,2026-08-16 07:00:00,7,6,1,0,50,100,1.0,6,0.1296,1
Unnamed Parking,-1.2909796,36.8282672,2026-08-16 07:00:00,7,6,1,0,50,100,1.0,10,0.2051,1
Unnamed Parking,-1.2856445,36.8132893,2026-08-16 07:00:00,7,6,1,0,50,100,1.0,11,0.2194,1
Unnamed Parking,-1.2597359,36.8182597,2026-08-16 07:00:00,7,6,1,0,50,100,1.0,12,0.2344,1
Unnamed Parking,-1.2641049,36.8117123,2026-08-16 07:00:00,7,6,1,0,50,100,1.0,15,0.2951,1
InterContinental Hotel Car Park,-1.2873717,36.8192911,2026-08-16 07:00:00,7,6,1,0,50,300,1.15,9,0.1853,1
Unnamed Parking,-1.25013,36.8202579,2026-08-16 07:00:00,7,6,1,0,50,100,1.16,11,0.2181,1
Olympic Bus Terminus,-1.3126351,36.7778212,2026-08-16 07:00:00,7,6,1,0,50,100,1.0,12,0.2389,1
Ayany Car Park,-1.3090339,36.7757579,2026-08-16 07:00:00,7,6,1,0,50,200,1.0,13,0.252,1
Westgate Mall Car Park,-1.2566578,36.8035661,2026-08-16 07:00:00,7,6,1,0,50,50,1.0,12,0.2478,1
Student parking,-1.274479,36.805643,2026-08-16 07:00:00,7,6,1,0,50,100,1.0,14,0.2749,1
Kenton Rear Parking,-1.2809847,36.7869545,2026-08-16 07:00:00,7,6,1,0,50,100,1.0,15,0.3075,1
Unnamed Parking,-1.2553877,36.8667692,2026-08-16 07:00:00,7,6,1,0,50,100,1.0,14,0.2714,1
Unnamed Parking,-1.259848,36.8644681,2026-08-16 07:00:00,7,6,1,0,50,100,1.19,14,0.2763,1
Travel House Parking,-1.2861727,36.8214386,2026-08-16 07:00:00,7,6,1,0,50,100,1.18,6,0.1134,1
Lenana Parking Lot Area,-1.2900918,36.800209,2026-08-16 07:00:00,7,6,1,0,50,100,1.0,12,0.244,1
Unnamed Parking,-1.2944773,36.8101427,2026-08-16 07:00:00,7,6,1,0,50,100,1.0,14,0.2784,1
Parking B,-1.2806414,36.8128716,2026-08-16 07:00:00,7,6,1,0,50,100,1.0,15,0.2983,1
MAIN PACKING,-1.2803274,36.8127162,2026-08-16 07:00:00,7,6,1,0,50,100,1.0,9,0.1846,1
YMCA STAFF PARKING,-1.2805756,36.8129968,2026-08-16 07:00:00,7,6,1,0,50,100,1.0,9,0.1873,1
Unnamed Parking,-1.2896057,36.8150615,2026-08-16 08:00:00,8,6,1,0,50,100,1.0,23,0.4641,1
Unnamed Parking,-1.2909796,36.8282672,2026-08-16 08:00:00,8,6,1,0,50,100,1.0,28,0.5529,1
Unnamed Parking,-1.2856445,36.8132893,2026-08-16 08:00:00,8,6,1,0,50,100,1.0,30,0.5927,1
Unnamed Parking,-1.2597359,36.8182597,2026-08-16 08:00:00,8,6,1,0,50,100,1.0,24,0.4774,1
Unnamed Parking,-1.2641049,36.8117123,2026-08-16 08:00:00,8,6,1,0,50,100,1.0,29,0.5826,1
InterContinental Hotel Car Park,-1.2873717,36.8192911,2026-08-16 08:00:00,8,6,1,0,50,300,1.15,26,0.5199,1
Unnamed Parking,-1.25013,36.8202579,2026-08-16 08:00:00,8,6,1,0,50,100,1.16,25,0.5001,1
Olympic Bus Terminus,-1.3126351,36.7778212,2026-08-16 08:00:00,8,6,1,0,50,100,1.0,25,0.4931,1
Ayany Car Park,-1.3090339,36.7757579,2026-08-16 08:00:00,8,6,1,0,50,200,1.0,28,0.5697,1
Westgate Mall Car Park,-1.2566578,36.8035661,2026-08-16 08:00:00,8,6,1,0,50,50,1.0,27,0.536,1
Student parking,-1.274479,36.805643,2026-08-16 08:00:00,8,6,1,0,50,100,1.0,35,0.6921,1
Kenton Rear Parking,-1.2809847,36.7869545,2026-08-16 08:00:00,8,6,1,0,50,100,1.0,22,0.4418,1
Unnamed Parking,-1.2553877,36.8667692,2026-08-16 08:00:00,8,6,1,0,50,100,1.0,28,0.5514,1
Unnamed Parking,-1.259848,36.8644681,2026-08-16 08:00:00,8,6,1,0,50,100,1.19,23,0.4677,1
Travel House Parking,-1.2861727,36.8214386,2026-08-16 08:00:00,8,6,1,0,50,100,1.18,22,0.4405,1
Lenana Parking Lot Area,-1.2900918,36.800209,2026-08-16 08:00:00,8,6,1,0,50,100,1.0,25,0.5091,1
Unnamed Parking,-1.2944773,36.8101427,2026-08-16 08:00:00,8,6,1,0,50,100,1.0,26,0.521,1
Parking B,-1.2806414,36.8128716,2026-08-16 08:00:00,8,6,1,0,50,100,1.0,37,0.7435,1
MAIN PACKING,-1.2803274,36.8127162,2026-08-16 08:00:00,8,6,1,0,50,100,1.0,25,0.4953,1
YMCA STAFF PARKING,-1.2805756,36.8129968,2026-08-16 08:00:00,8,6,1,0,50,100,1.0,21,0.4196,1
Unnamed Parking,-1.2896057,36.8150615,2026-08-16 09:00:00,9,6,1,0,50,100,1.0,27,0.5318,1
Unnamed Parking,-1.2909796,36.8282672,2026-08-16 09:00:00,9,6,1,0,50,100,1.0,17,0.344,1
Unnamed Parking,-1.2856445,36.8132893,2026-08-16 09:00:00,9,6,1,0,50,100,1.0,25,0.5026,1
Unnamed Parking,-1.2597359,36.8182597,2026-08-16 09:00:00,9,6,1,0,50,100,1.0,26,0.5113,1
Unnamed Parking,-1.2641049,36.8117123,2026-08-16 09:00:00,9,6,1,0,50,100,1.0,29,0.5736,1
InterContinental Hotel Car Park,-1.2873717,36.8192911,2026-08-16 09:00:00,9,6,1,0,50,300,1.15,29,0.5879,1
Unnamed Parking,-1.25013,36.8202579,2026-08-16 09:00:00,9,6,1,0,50,100,1.16,23,0.4697,1
Olympic Bus Terminus,-1.3126351,36.7778212,2026-08-16 09:00:00,9,6,1,0,50,100,1.0,25,0.498,1
Ayany Car Park,-1.3090339,36.7757579,2026-08-16 09:00:00,9,6,1,0,50,200,1.0,22,0.4487,1
Westgate Mall Car Park,-1.2566578,36.8035661,2026-08-16 09:00:00,9,6,1,0,50,50,1.0,21,0.4198,1
Student parking,-1.274479,36.805643,2026-08-16 09:00:00,9,6,1,0,50,100,1.0,27,0.5348,1
Kenton Rear Parking,-1.2809847,36.7869545,2026-08-16 09:00:00,9,6,1,0,50,100,1.0,20,0.4081,1
Unnamed Parking,-1.2553877,36.8667692,2026-08-16 09:00:00,9,6,1,0,50,100,1.0,24,0.4768,1
Unnamed Parking,-1.259848,36.8644681,2026-08-16 09:00:00,9,6,1,0,50,100,1.19,22,0.4304,1
Travel House Parking,-1.2861727,36.8214386,2026-08-16 09:00:00,9,6,1,0,50,100,1.18,28,0.554,1
Lenana Parking Lot Area,-1.2900918,36.800209,2026-08-16 09:00:00,9,6,1,0,50,100,1.0,33,0.6541,1
Unnamed Parking,-1.2944773,36.8101427,2026-08-16 09:00:00,9,6,1,0,50,100,1.0,20,0.4059,1
Parking B,-1.2806414,36.8128716,2026-08-16 09:00:00,9,6,1,0,50,100,1.0,18,0.3618,1
MAIN PACKING,-1.2803274,36.8127162,2026-08-16 09:00:00,9,6,1,0,50,100,1.0,25,0.5,1
YMCA STAFF PARKING,-1.2805756,36.8129968,2026-08-16 09:00:00,9,6,1,0,50,100,1.0,26,0.5113,1
Unnamed Parking,-1.2896057,36.8150615,2026-08-16 10:00:00,10,6,1,0,50,100,1.0,26,0.5275,1
Unnamed Parking,-1.2909796,36.8282672,2026-08-16 10:00:00,10,6,1,0,50,100,1.0,24,0.4743,1
Unnamed Parking,-1.2856445,36.8132893,2026-08-16 10:00:00,10,6,1,0,50,100,1.0,25,0.4939,1
Unnamed Parking,-1.2597359,36.8182597,2026-08-16 10:00:00,10,6,1,0,50,100,1.0,27,0.5394,1
Unnamed Parking,-1.2641049,36.8117123,2026-08-16 10:00:00,10,6,1,0,50,100,1.0,30,0.5932,1
InterContinental Hotel Car Park,-1.2873717,36.8192911,2026-08-16 10:00:00,10,6,1,0,50,300,1.15,18,0.3536,1
Unnamed Parking,-1.25013,36.8202579,2026-08-16 10:00:00,10,6,1,0,50,100,1.16,24,0.4805,1
Olympic Bus Terminus,-1.3126351,36.7778212,2026-08-16 10:00:00,10,6,1,0,50,100,1.0,26,0.5271,1
Ayany Car Park,-1.3090339,36.7757579,2026-08-16 10:00:00,10,6,1,0,50,200,1.0,22,0.4366,1
Westgate Mall Car Park,-1.2566578,36.8035661,2026-08-16 10:00:00,10,6,1,0,50,50,1.0,32,0.6485,1
Student parking,-1.274479,36.805643,2026-08-16 10:00:00,10,6,1,0,50,100,1.0,23,0.4592,1
Kenton Rear Parking,-1.2809847,36.7869545,2026-08-16 10:00:00,10,6,1,0,50,100,1.0,25,0.5067,1
Unnamed Parking,-1.2553877,36.8667692,2026-08-16 10:00:00,10,6,1,0,50,100,1.0,28,0.5545,1
Unnamed Parking,-1.259848,36.8644681,2026-08-16 10:00:00,10,6,1,0,50,100,1.19,23,0.4627,1
Travel House Parking,-1.2861727,36.8214386,2026-08-16 10:00:00,10,6,1,0,50,100,1.18,18,0.3623,1
Lenana Parking Lot Area,-1.2900918,36.800209,2026-08-16 10:00:00,10,6,1,0,50,100,1.0,24,0.4757,1
Unnamed Parking,-1.2944773,36.8101427,2026-08-16 10:00:00,10,6,1,0,50,100,1.0,30,0.5924,1
Parking B,-1.2806414,36.8128716,2026-08-16 10:00:00,10,6,1,0,50,100,1.0,24,0.483,1
MAIN PACKING,-1.2803274,36.8127162,2026-08-16 10:00:00,10,6,1,0,50,100,1.0,22,0.4423,1
YMCA STAFF PARKING,-1.2805756,36.8129968,2026-08-16 10:00:00,10,6,1,0,50,100,1.0,29,0.5841,1
Unnamed Parking,-1.2896057,36.8150615,2026-08-16 11:00:00,11,6,1,0,50,100,1.0,24,0.4835,1
Unnamed Parking,-1.2909796,36.8282672,2026-08-16 11:00:00,11,6,1,0,50,100,1.0,23,0.4692,1
Unnamed Parking,-1.2856445,36.8132893,2026-08-16 11:00:00,11,6,1,0,50,100,1.0,26,0.522,1
Unnamed Parking,-1.2597359,36.8182597,2026-08-16 11:00:00,11,6,1,0,50,100,1.0,29,0.5717,1
Unnamed Parking,-1.2641049,36.8117123,2026-08-16 11:00:00,11,6,1,0,50,100,1.0,35,0.7005,1
InterContinental Hotel Car Park,-1.2873717,36.8192911,2026-08-16 11:00:00,11,6,1,0,50,300,1.15,29,0.5762,1
Unnamed Parking,-1.25013,36.8202579,2026-08-16 11:00:00,11,6,1,0,50,100,1.16,30,0.6028,1
Olympic Bus Terminus,-1.3126351,36.7778212,2026-08-16 11:00:00,11,6,1,0,50,100,1.0,23,0.4695,1
Ayany Car Park,-1.3090339,36.7757579,2026-08-16 11:00:00,11,6,1,0,50,200,1.0,21,0.4279,1
Westgate Mall Car Park,-1.2566578,36.8035661,2026-08-16 11:00:00,11,6,1,0,50,50,1.0,26,0.515,1
Student parking,-1.274479,36.805643,2026-08-16 11:00:00,11,6,1,0,50,100,1.0,26,0.5186,1
Kenton Rear Parking,-1.2809847,36.7869545,2026-08-16 11:00:00,11,6,1,0,50,100,1.0,21,0.4237,1
Unnamed Parking,-1.2553877,36.8667692,2026-08-16 11:00:00,11,6,1,0,50,100,1.0,25,0.496,1
Unnamed Parking,-1.259848,36.8644681,2026-08-16 11:00:00,11,6,1,0,50,100,1.19,27,0.5419,1
Travel House Parking,-1.2861727,36.8214386,2026-08-16 11:00:00,11,6,1,0,50,100,1.18,27,0.5388,1
Lenana Parking Lot Area,-1.2900918,36.800209,2026-08-16 11:00:00,11,6,1,0,50,100,1.0,28,0.5503,1
Unnamed Parking,-1.2944773,36.8101427,2026-08-16 11:00:00,11,6,1,0,50,100,1.0,27,0.5333,1
Parking B,-1.2806414,36.8128716,2026-08-16 11:00:00,11,6,1,0,50,100,1.0,23,0.4694,1
MAIN PACKING,-1.2803274,36.8127162,2026-08-16 11:00:00,11,6,1,0,50,100,1.0,23,0.4689,1
YMCA STAFF PARKING,-1.2805756,36.8129968,2026-08-16 11:00:00,11,6,1,0,50,100,1.0,21,0.4141,1
Unnamed Parking,-1.2896057,36.8150615,2026-08-16 12:00:00,12,6,1,0,50,100,1.0,28,0.5628,1
Unnamed Parking,-1.2909796,36.8282672,2026-08-16 12:00:00,12,6,1,0,50,100,1.0,21,0.4211,1
Unnamed Parking,-1.2856445,36.8132893,2026-08-16 12:00:00,12,6,1,0,50,100,1.0,20,0.402,1
Unnamed Parking,-1.2597359,36.8182597,2026-08-16 12:00:00,12,6,1,0,50,100,1.0,17,0.3457,1
Unnamed Parking,-1.2641049,36.8117123,2026-08-16 12:00:00,12,6,1,0,50,100,1.0,33,0.6549,1
InterContinental Hotel Car Park,-1.2873717,36.8192911,2026-08-16 12:00:00,12,6,1,0,50,300,1.15,17,0.3341,1
Unnamed Parking,-1.25013,36.8202579,2026-08-16 12:00:00,12,6,1,0,50,100,1.16,19,0.3857,1
Olympic Bus Terminus,-1.3126351,36.7778212,2026-08-16 12:00:00,12,6,1,0,50,100,1.0,23,0.4533,1
Ayany Car Park,-1.3090339,36.7757579,2026-08-16 12:00:00,12,6,1,0,50,200,1.0,23,0.468,1
Westgate Mall Car Park,-1.2566578,36.8035661,2026-08-16 12:00:00,12,6,1,0,50,50,1.0,25,0.4966,1
Student parking,-1.274479,36.805643,2026-08-16 12:00:00,12,6,1,0,50,100,1.0,28,0.5646,1
Kenton Rear Parking,-1.2809847,36.7869545,2026-08-16 12:00:00,12,6,1,0,50,100,1.0,23,0.4605,1
Unnamed Parking,-1.2553877,36.8667692,2026-08-16 12:00:00,12,6,1,0,50,100,1.0,17,0.3355,1
Unnamed Parking,-1.259848,36.8644681,2026-08-16 12:00:00,12,6,1,0,50,100,1.19,20,0.3994,1
Travel House Parking,-1.2861727,36.8214386,2026-08-16 12:00:00,12,6,1,0,50,100,1.18,22,0.4446,1
Lenana Parking Lot Area,-1.2900918,36.800209,2026-08-16 12:00:00,12,6,1,0,50,100,1.0,29,0.5855,1
Unnamed Parking,-1.2944773,36.8101427,2026-08-16 12:00:00,12,6,1,0,50,100,1.0,15,0.3082,1
Parking B,-1.2806414,36.8128716,2026-08-16 12:00:00,12,6,1,0,50,100,1.0,26,0.5162,1
MAIN PACKING,-1.2803274,36.8127162,2026-08-16 12:00:00,12,6,1,0,50,100,1.0,22,0.4344,1
YMCA STAFF PARKING,-1.2805756,36.8129968,2026-08-16 12:00:00,12,6,1,0,50,100,1.0,24,0.487,1
Unnamed Parking,-1.2896057,36.8150615,2026-08-16 13:00:00,13,6,1,0,50,100,1.0,25,0.5018,1
Unnamed Parking,-1.2909796,36.8282672,2026-08-16 13:00:00,13,6,1,0,50,100,1.0,22,0.4426,1
Unnamed Parking,-1.2856445,36.8132893,2026-08-16 13:00:00,13,6,1,0,50,100,1.0,29,0.5701,1
Unnamed Parking,-1.2597359,36.8182597,2026-08-16 13:00:00,13,6,1,0,50,100,1.0,28,0.5624,1
Unnamed Parking,-1.2641049,36.8117123,2026-08-16 13:00:00,13,6,1,0,50,100,1.0,29,0.5878,1
InterContinental Hotel Car Park,-1.2873717,36.8192911,2026-08-16 13:00:00,13,6,1,0,50,300,1.15,25,0.5089,1
Unnamed Parking,-1.25013,36.8202579,2026-08-16 13:00:00,13,6,1,0,50,100,1.16,23,0.462,1
Olympic Bus Terminus,-1.3126351,36.7778212,2026-08-16 13:00:00,13,6,1,0,50,100,1.0,19,0.3853,1
Ayany Car Park,-1.3090339,36.7757579,2026-08-16 13:00:00,13,6,1,0,50,200,1.0,29,0.5755,1
Westgate Mall Car Park,-1.2566578,36.8035661,2026-08-16 13:00:00,13,6,1,0,50,50,1.0,27,0.5439,1
Student parking,-1.274479,36.805643,2026-08-16 13:00:00,13,6,1,0,50,100,1.0,22,0.4327,1
Kenton Rear Parking,-1.2809847,36.7869545,2026-08-16 13:00:00,13,6,1,0,50,100,1.0,23,0.4669,1
Unnamed Parking,-1.2553877,36.8667692,2026-08-16 13:00:00,13,6,1,0,50,100,1.0,24,0.4727,1
Unnamed Parking,-1.259848,36.8644681,2026-08-16 13:00:00,13,6,1,0,50,100,1.19,20,0.3914,1
Travel House Parking,-1.2861727,36.8214386,2026-08-16 13:00:00,13,6,1,0,50,100,1.18,22,0.4446,1
Lenana Parking Lot Area,-1.2900918,36.800209,2026-08-16 13:00:00,13,6,1,0,50,100,1.0,21,0.4193,1
Unnamed Parking,-1.2944773,36.8101427,2026-08-16 13:00:00,13,6,1,0,50,100,1.0,24,0.477,1
Parking B,-1.2806414,36.8128716,2026-08-16 13:00:00,13,6,1,0,50,100,1.0,23,0.4509,1
MAIN PACKING,-1.2803274,36.8127162,2026-08-16 13:00:00,13,6,1,0,50,100,1.0,19,0.3798,1
YMCA STAFF PARKING,-1.2805756,36.8129968,2026-08-16 13:00:00,13,6,1,0,50,100,1.0,34,0.6718,1
Unnamed Parking,-1.2896057,36.8150615,2026-08-16 14:00:00,14,6,1,0,50,100,1.0,31,0.6102,1
Unnamed Parking,-1.2909796,36.8282672,2026-08-16 14:00:00,14,6,1,0,50,100,1.0,22,0.4477,1
Unnamed Parking,-1.2856445,36.8132893,2026-08-16 14:00:00,14,6,1,0,50,100,1.0,27,0.5318,1
Unnamed Parking,-1.2597359,36.8182597,2026-08-16 14:00:00,14,6,1,0,50,100,1.0,27,0.5434,1
Unnamed Parking,-1.2641049,36.8117123,2026-08-16 14:00:00,14,6,1,0,50,100,1.0,30,0.6053,1
InterContinental Hotel Car Park,-1.2873717,36.8192911,2026-08-16 14:00:00,14,6,1,0,50,300,1.15,22,0.4445,1
Unnamed Parking,-1.25013,36.8202579,2026-08-16 14:00:00,14,6,1,0,50,100,1.16,30,0.5974,1
Olympic Bus Terminus,-1.3126351,36.7778212,2026-08-16 14:00:00,14,6,1,0,50,100,1.0,23,0.4662,1
Ayany Car Park,-1.3090339,36.7757579,2026-08-16 14:00:00,14,6,1,0,50,200,1.0,20,0.4031,1
Westgate Mall Car Park,-1.2566578,36.8035661,2026-08-16 14:00:00,14,6,1,0,50,50,1.0,28,0.5679,1
Student parking,-1.274479,36.805643,2026-08-16 14:00:00,14,6,1,0,50,100,1.0,31,0.6133,1
Kenton Rear Parking,-1.2809847,36.7869545,2026-08-16 14:00:00,14,6,1,0,50,100,1.0,36,0.717,1
Unnamed Parking,-1.2553877,36.8667692,2026-08-16 14:00:00,14,6,1,0,50,100,1.0,21,0.414,1
Unnamed Parking,-1.259848,36.8644681,2026-08-16 14:00:00,14,6,1,0,50,100,1.19,28,0.5659,1
Travel House Parking,-1.2861727,36.8214386,2026-08-16 14:00:00,14,6,1,0,50,100,1.18,24,0.4772,1
Lenana Parking Lot Area,-1.2900918,36.800209,2026-08-16 14:00:00,14,6,1,0,50,100,1.0,29,0.5727,1
Unnamed Parking,-1.2944773,36.8101427,2026-08-16 14:00:00,14,6,1,0,50,100,1.0,20,0.3924,1
Parking B,-1.2806414,36.8128716,2026-08-16 14:00:00,14,6,1,0,50,100,1.0,20,0.409,1
MAIN PACKING,-1.2803274,36.8127162,2026-08-16 14:00:00,14,6,1,0,50,100,1.0,22,0.4479,1
YMCA STAFF PARKING,-1.2805756,36.8129968,2026-08-16 14:00:00,14,6,1,0,50,100,1.0,26,0.5163,1
Unnamed Parking,-1.2896057,36.8150615,2026-08-16 15:00:00,15,6,1,0,50,100,1.0,23,0.4587,1
Unnamed Parking,-1.2909796,36.8282672,2026-08-16 15:00:00,15,6,1,0,50,100,1.0,28,0.5627,1
Unnamed Parking,-1.2856445,36.8132893,2026-08-16 15:00:00,15,6,1,0,50,100,1.0,30,0.5922,1
Unnamed Parking,-1.2597359,36.8182597,2026-08-16 15:00:00,15,6,1,0,50,100,1.0,28,0.558,1
Unnamed Parking,-1.2641049,36.8117123,2026-08-16 15:00:00,15,6,1,0,50,100,1.0,32,0.6395,1
InterContinental Hotel Car Park,-1.2873717,36.8192911,2026-08-16 15:00:00,15,6,1,0,50,300,1.15,27,0.5433,1
Unnamed Parking,-1.25013,36.8202579,2026-08-16 15:00:00,15,6,1,0,50,100,1.16,21,0.4126,1
Olympic Bus Terminus,-1.3126351,36.7778212,2026-08-16 15:00:00,15,6,1,0,50,100,1.0,31,0.6191,1
Ayany Car Park,-1.3090339,36.7757579,2026-08-16 15:00:00,15,6,1,0,50,200,1.0,23,0.4616,1
Westgate Mall Car Park,-1.2566578,36.8035661,2026-08-16 15:00:00,15,6,1,0,50,50,1.0,29,0.5828,1
Student parking,-1.274479,36.805643,2026-08-16 15:00:00,15,6,1,0,50,100,1.0,32,0.6359,1
Kenton Rear Parking,-1.2809847,36.7869545,2026-08-16 15:00:00,15,6,1,0,50,100,1.0,27,0.5465,1
Unnamed Parking,-1.2553877,36.8667692,2026-08-16 15:00:00,15,6,1,0,50,100,1.0,20,0.3903,1
Unnamed Parking,-1.259848,36.8644681,2026-08-16 15:00:00,15,6,1,0,50,100,1.19,22,0.4365,1
Travel House Parking,-1.2861727,36.8214386,2026-08-16 15:00:00,15,6,1,0,50,100,1.18,31,0.6158,1
Lenana Parking Lot Area,-1.2900918,36.800209,2026-08-16 15:00:00,15,6,1,0,50,100,1.0,25,0.4965,1
Unnamed Parking,-1.2944773,36.8101427,2026-08-16 15:00:00,15,6,1,0,50,100,1.0,26,0.5164,1
Parking B,-1.2806414,36.8128716,2026-08-16 15:00:00,15,6,1,0,50,100,1.0,29,0.5707,1
MAIN PACKING,-1.2803274,36.8127162,2026-08-16 15:00:00,15,6,1,0,50,100,1.0,28,0.5657,1
YMCA STAFF PARKING,-1.2805756,36.8129968,2026-08-16 15:00:00,15,6,1,0,50,100,1.0,27,0.5323,1
Unnamed Parking,-1.2896057,36.8150615,2026-08-16 16:00:00,16,6,1,0,50,100,1.0,25,0.4933,1
Unnamed Parking,-1.2909796,36.8282672,2026-08-16 16:00:00,16,6,1,0,50,100,1.0,24,0.485,1
Unnamed Parking,-1.2856445,36.8132893,2026-08-16 16:00:00,16,6,1,0,50,100,1.0,29,0.5786,1
Unnamed Parking,-1.2597359,36.8182597,2026-08-16 16:00:00,16,6,1,0,50,100,1.0,28,0.5543,1
Unnamed Parking,-1.2641049,36.8117123,2026-08-16 16:00:00,16,6,1,0,50,100,1.0,24,0.4894,1
InterContinental Hotel Car Park,-1.2873717,36.8192911,2026-08-16 16:00:00,16,6,1,0,50,300,1.15,30,0.5966,1
Unnamed Parking,-1.25013,36.8202579,2026-08-16 16:00:00,16,6,1,0,50,100,1.16,25,0.4997,1
Olympic Bus Terminus,-1.3126351,36.7778212,2026-08-16 16:00:00,16,6,1,0,50,100,1.0,22,0.4419,1
Ayany Car Park,-1.3090339,36.7757579,2026-08-16 16:00:00,16,6,1,0,50,200,1.0,22,0.4493,1
Westgate Mall Car Park,-1.2566578,36.8035661,2026-08-16 16:00:00,16,6,1,0,50,50,1.0,22,0.4317,1
Student parking,-1.274479,36.805643,2026-08-16 16:00:00,16,6,1,0,50,100,1.0,24,0.4882,1
Kenton Rear Parking,-1.2809847,36.7869545,2026-08-16 16:00:00,16,6,1,0,50,100,1.0,30,0.6087,1
Unnamed Parking,-1.2553877,36.8667692,2026-08-16 16:00:00,16,6,1,0,50,100,1.0,22,0.4456,1
Unnamed Parking,-1.259848,36.8644681,2026-08-16 16:00:00,16,6,1,0,50,100,1.19,26,0.5251,1
Travel House Parking,-1.2861727,36.8214386,2026-08-16 16:00:00,16,6,1,0,50,100,1.18,23,0.4575,1
Lenana Parking Lot Area,-1.2900918,36.800209,2026-08-16 16:00:00,16,6,1,0,50,100,1.0,24,0.4892,1
Unnamed Parking,-1.2944773,36.8101427,2026-08-16 16:00:00,16,6,1,0,50,100,1.0,19,0.3892,1
Parking B,-1.2806414,36.8128716,2026-08-16 16:00:00,16,6,1,0,50,100,1.0,25,0.4924,1
MAIN PACKING,-1.2803274,36.8127162,2026-08-16 16:00:00,16,6,1,0,50,100,1.0,25,0.4945,1
YMCA STAFF PARKING,-1.2805756,36.8129968,2026-08-16 16:00:00,16,6,1,0,50,100,1.0,28,0.5532,1
Unnamed Parking,-1.2896057,36.8150615,2026-08-16 17:00:00,17,6,1,0,50,100,1.0,22,0.4379,1
Unnamed Parking,-1.2909796,36.8282672,2026-08-16 17:00:00,17,6,1,0,50,100,1.0,16,0.3241,1
Unnamed Parking,-1.2856445,36.8132893,2026-08-16 17:00:00,17,6,1,0,50,100,1.0,25,0.5067,1
Unnamed Parking,-1.2597359,36.8182597,2026-08-16 17:00:00,17,6,1,0,50,100,1.0,22,0.4368,1
Unnamed Parking,-1.2641049,36.8117123,2026-08-16 17:00:00,17,6,1,0,50,100,1.0,22,0.4359,1
InterContinental Hotel Car Park,-1.2873717,36.8192911,2026-08-16 17:00:00,17,6,1,0,50,300,1.15,21,0.4193,1
Unnamed Parking,-1.25013,36.8202579,2026-08-16 17:00:00,17,6,1,0,50,100,1.16,19,0.3786,1
Olympic Bus Terminus,-1.3126351,36.7778212,2026-08-16 17:00:00,17,6,1,0,50,100,1.0,22,0.4374,1
Ayany Car Park,-1.3090339,36.7757579,2026-08-16 17:00:00,17,6,1,0,50,200,1.0,23,0.458,1
Westgate Mall Car Park,-1.2566578,36.8035661,2026-08-16 17:00:00,17,6,1,0,50,50,1.0,14,0.2802,1
Student parking,-1.274479,36.805643,2026-08-16 17:00:00,17,6,1,0,50,100,1.0,19,0.3769,1
Kenton Rear Parking,-1.2809847,36.7869545,2026-08-16 17:00:00,17,6,1,0,50,100,1.0,20,0.3996,1
Unnamed Parking,-1.2553877,36.8667692,2026-08-16 17:00:00,17,6,1,0,50,100,1.0,22,0.4405,1
Unnamed Parking,-1.259848,36.8644681,2026-08-16 17:00:00,17,6,1,0,50,100,1.19,26,0.5155,1
Travel House Parking,-1.2861727,36.8214386,2026-08-16 17:00:00,17,6,1,0,50,100,1.18,18,0.3583,1
Lenana Parking Lot Area,-1.2900918,36.800209,2026-08-16 17:00:00,17,6,1,0,50,100,1.0,19,0.3802,1
Unnamed Parking,-1.2944773,36.8101427,2026-08-16 17:00:00,17,6,1,0,50,100,1.0,19,0.379,1
Parking B,-1.2806414,36.8128716,2026-08-16 17:00:00,17,6,1,0,50,100,1.0,18,0.3559,1
MAIN PACKING,-1.2803274,36.8127162,2026-08-16 17:00:00,17,6,1,0,50,100,1.0,20,0.3922,1
YMCA STAFF PARKING,-1.2805756,36.8129968,2026-08-16 17:00:00,17,6,1,0,50,100,1.0,24,0.4817,1
Unnamed Parking,-1.2896057,36.8150615,2026-08-16 18:00:00,18,6,1,0,50,100,1.0,17,0.3357,1
Unnamed Parking,-1.2909796,36.8282672,2026-08-16 18:00:00,18,6,1,0,50,100,1.0,23,0.4542,1
Unnamed Parking,-1.2856445,36.8132893,2026-08-16 18:00:00,18,6,1,0,50,100,1.0,14,0.2838,1
Unnamed Parking,-1.2597359,36.8182597,2026-08-16 18:00:00,18,6,1,0,50,100,1.0,19,0.3751,1
Unnamed Parking,-1.2641049,36.8117123,2026-08-16 18:00:00,18,6,1,0,50,100,1.0,20,0.3936,1
InterContinental Hotel Car Park,-1.2873717,36.8192911,2026-08-16 18:00:00,18,6,1,0,50,300,1.15,28,0.554,1
Unnamed Parking,-1.25013,36.8202579,2026-08-16 18:00:00,18,6,1,0,50,100,1.16,20,0.398,1
Olympic Bus Terminus,-1.3126351,36.7778212,2026-08-16 18:00:00,18,6,1,0,50,100,1.0,12,0.2439,1
Ayany Car Park,-1.3090339,36.7757579,2026-08-16 18:00:00,18,6,1,0,50,200,1.0,13,0.2601,1
Westgate Mall Car Park,-1.2566578,36.8035661,2026-08-16 18:00:00,18,6,1,0,50,50,1.0,21,0.4227,1
Student parking,-1.274479,36.805643,2026-08-16 18:00:00,18,6,1,0,50,100,1.0,23,0.4691,1
Kenton Rear Parking,-1.2809847,36.7869545,2026-08-16 18:00:00,18,6,1,0,50,100,1.0,23,0.45,1
Unnamed Parking,-1.2553877,36.8667692,2026-08-16 18:00:00,18,6,1,0,50,100,1.0,22,0.4334,1
Unnamed Parking,-1.259848,36.8644681,2026-08-16 18:00:00,18,6,1,0,50,100,1.19,26,0.513,1
Travel House Parking,-1.2861727,36.8214386,2026-08-16 18:00:00,18,6,1,0,50,100,1.18,19,0.3768,1
Lenana Parking Lot Area,-1.2900918,36.800209,2026-08-16 18:00:00,18,6,1,0,50,100,1.0,25,0.4916,1
Unnamed Parking,-1.2944773,36.8101427,2026-08-16 18:00:00,18,6,1,0,50,100,1.0,14,0.2894,1
Parking B,-1.2806414,36.8128716,2026-08-16 18:00:00,18,6,1,0,50,100,1.0,17,0.3476,1
MAIN PACKING,-1.2803274,36.8127162,2026-08-16 18:00:00,18,6,1,0,50,100,1.0,14,0.2754,1
YMCA STAFF PARKING,-1.2805756,36.8129968,2026-08-16 18:00:00,18,6,1,0,50,100,1.0,20,0.398,1
Unnamed Parking,-1.2896057,36.8150615,2026-08-16 19:00:00,19,6,1,0,50,100,1.0,12,0.2363,1
Unnamed Parking,-1.2909796,36.8282672,2026-08-16 19:00:00,19,6,1,0,50,100,1.0,12,0.2491,1
Unnamed Parking,-1.2856445,36.8132893,2026-08-16 19:00:00,19,6,1,0,50,100,1.0,12,0.245,1
Unnamed Parking,-1.2597359,36.8182597,2026-08-16 19:00:00,19,6,1,0,50,100,1.0,8,0.1658,1
Unnamed Parking,-1.2641049,36.8117123,2026-08-16 19:00:00,19,6,1,0,50,100,1.0,11,0.2248,1
InterContinental Hotel Car Park,-1.2873717,36.8192911,2026-08-16 19:00:00,19,6,1,0,50,300,1.15,6,0.1202,1
Unnamed Parking,-1.25013,36.8202579,2026-08-16 19:00:00,19,6,1,0,50,100,1.16,17,0.3491,1
Olympic Bus Terminus,-1.3126351,36.7778212,2026-08-16 19:00:00,19,6,1,0,50,100,1.0,11,0.2157,1
Ayany Car Park,-1.3090339,36.7757579,2026-08-16 19:00:00,19,6,1,0,50,200,1.0,10,0.2009,1
Westgate Mall Car Park,-1.2566578,36.8035661,2026-08-16 19:00:00,19,6,1,0,50,50,1.0,18,0.3671,1
Student parking,-1.274479,36.805643,2026-08-16 19:00:00,19,6,1,0,50,100,1.0,7,0.1406,1
Kenton Rear Parking,-1.2809847,36.7869545,2026-08-16 19:00:00,19,6,1,0,50,100,1.0,7,0.15,1
Unnamed Parking,-1.2553877,36.8667692,2026-08-16 19:00:00,19,6,1,0,50,100,1.0,8,0.1523,1
Unnamed Parking,-1.259848,36.8644681,2026-08-16 19:00:00,19,6,1,0,50,100,1.19,12,0.2346,1
Travel House Parking,-1.2861727,36.8214386,2026-08-16 19:00:00,19,6,1,0,50,100,1.18,14,0.2745,1
Lenana Parking Lot Area,-1.2900918,36.800209,2026-08-16 19:00:00,19,6,1,0,50,100,1.0,15,0.2992,1
Unnamed Parking,-1.2944773,36.8101427,2026-08-16 19:00:00,19,6,1,0,50,100,1.0,22,0.4458,1
Parking B,-1.2806414,36.8128716,2026-08-16 19:00:00,19,6,1,0,50,100,1.0,5,0.1,1
MAIN PACKING,-1.2803274,36.8127162,2026-08-16 19:00:00,19,6,1,0,50,100,1.0,14,0.2887,1
YMCA STAFF PARKING,-1.2805756,36.8129968,2026-08-16 19:00:00,19,6,1,0,50,100,1.0,10,0.1954,1
Unnamed Parking,-1.2896057,36.8150615,2026-08-16 20:00:00,20,6,1,0,50,100,1.0,10,0.1931,1
Unnamed Parking,-1.2909796,36.8282672,2026-08-16 20:00:00,20,6,1,0,50,100,1.0,10,0.1904,1
Unnamed Parking,-1.2856445,36.8132893,2026-08-16 20:00:00,20,6,1,0,50,100,1.0,8,0.1673,1
Unnamed Parking,-1.2597359,36.8182597,2026-08-16 20:00:00,20,6,1,0,50,100,1.0,19,0.3748,1
Unnamed Parking,-1.2641049,36.8117123,2026-08-16 20:00:00,20,6,1,0,50,100,1.0,15,0.3074,1
InterContinental Hotel Car Park,-1.2873717,36.8192911,2026-08-16 20:00:00,20,6,1,0,50,300,1.15,12,0.2419,1
Unnamed Parking,-1.25013,36.8202579,2026-08-16 20:00:00,20,6,1,0,50,100,1.16,17,0.3481,1
Olympic Bus Terminus,-1.3126351,36.7778212,2026-08-16 20:00:00,20,6,1,0,50,100,1.0,6,0.119,1
Ayany Car Park,-1.3090339,36.7757579,2026-08-16 20:00:00,20,6,1,0,50,200,1.0,7,0.1335,1
Westgate Mall Car Park,-1.2566578,36.8035661,2026-08-16 20:00:00,20,6,1,0,50,50,1.0,5,0.1,1
Student parking,-1.274479,36.805643,2026-08-16 20:00:00,20,6,1,0,50,100,1.0,9,0.184,1
Kenton Rear Parking,-1.2809847,36.7869545,2026-08-16 20:00:00,20,6,1,0,50,100,1.0,13,0.2529,1
Unnamed Parking,-1.2553877,36.8667692,2026-08-16 20:00:00,20,6,1,0,50,100,1.0,12,0.2482,1
Unnamed Parking,-1.259848,36.8644681,2026-08-16 20:00:00,20,6,1,0,50,100,1.19,13,0.2519,1
Travel House Parking,-1.2861727,36.8214386,2026-08-16 20:00:00,20,6,1,0,50,100,1.18,6,0.1271,1
Lenana Parking Lot Area,-1.2900918,36.800209,2026-08-16 20:00:00,20,6,1,0,50,100,1.0,15,0.3043,1
Unnamed Parking,-1.2944773,36.8101427,2026-08-16 20:00:00,20,6,1,0,50,100,1.0,13,0.2592,1
Parking B,-1.2806414,36.8128716,2026-08-16 20:00:00,20,6,1,0,50,100,1.0,15,0.2986,1
MAIN PACKING,-1.2803274,36.8127162,2026-08-16 20:00:00,20,6,1,0,50,100,1.0,5,0.1,1
YMCA STAFF PARKING,-1.2805756,36.8129968,2026-08-16 20:00:00,20,6,1,0,50,100,1.0,13,0.2649,1
Unnamed Parking,-1.2896057,36.8150615,2026-08-16 21:00:00,21,6,1,0,50,100,1.0,7,0.145,1
Unnamed Parking,-1.2909796,36.8282672,2026-08-16 21:00:00,21,6,1,0,50,100,1.0,10,0.2082,1
Unnamed Parking,-1.2856445,36.8132893,2026-08-16 21:00:00,21,6,1,0,50,100,1.0,14,0.2827,1
Unnamed Parking,-1.2597359,36.8182597,2026-08-16 21:00:00,21,6,1,0,50,100,1.0,12,0.2473,1
Unnamed Parking,-1.2641049,36.8117123,2026-08-16 21:00:00,21,6,1,0,50,100,1.0,9,0.1719,1
InterContinental Hotel Car Park,-1.2873717,36.8192911,2026-08-16 21:00:00,21,6,1,0,50,300,1.15,12,0.2405,1
Unnamed Parking,-1.25013,36.8202579,2026-08-16 21:00:00,21,6,1,0,50,100,1.16,6,0.1175,1
Olympic Bus Terminus,-1.3126351,36.7778212,2026-08-16 21:00:00,21,6,1,0,50,100,1.0,17,0.332,1
Ayany Car Park,-1.3090339,36.7757579,2026-08-16 21:00:00,21,6,1,0,50,200,1.0,11,0.2236,1
Westgate Mall Car Park,-1.2566578,36.8035661,2026-08-16 21:00:00,21,6,1,0,50,50,1.0,16,0.3295,1
Student parking,-1.274479,36.805643,2026-08-16 21:00:00,21,6,1,0,50,100,1.0,10,0.1979,1
Kenton Rear Parking,-1.2809847,36.7869545,2026-08-16 21:00:00,21,6,1,0,50,100,1.0,10,0.1981,1
Unnamed Parking,-1.2553877,36.8667692,2026-08-16 21:00:00,21,6,1,0,50,100,1.0,9,0.1789,1
Unnamed Parking,-1.259848,36.8644681,2026-08-16 21:00:00,21,6,1,0,50,100,1.19,16,0.3101,1
Travel House Parking,-1.2861727,36.8214386,2026-08-16 21:00:00,21,6,1,0,50,100,1.18,9,0.1832,1
Lenana Parking Lot Area,-1.2900918,36.800209,2026-08-16 21:00:00,21,6,1,0,50,100,1.0,15,0.2916,1
Unnamed Parking,-1.2944773,36.8101427,2026-08-16 21:00:00,21,6,1,0,50,100,1.0,10,0.2094,1
Parking B,-1.2806414,36.8128716,2026-08-16 21:00:00,21,6,1,0,50,100,1.0,5,0.1,1
MAIN PACKING,-1.2803274,36.8127162,2026-08-16 21:00:00,21,6,1,0,50,100,1.0,10,0.1944,1
YMCA STAFF PARKING,-1.2805756,36.8129968,2026-08-16 21:00:00,21,6,1,0,50,100,1.0,7,0.1457,1
Unnamed Parking,-1.2896057,36.8150615,2026-08-16 22:00:00,22,6,1,0,50,100,1.0,12,0.2427,1
Unnamed Parking,-1.2909796,36.8282672,2026-08-16 22:00:00,22,6,1,0,50,100,1.0,7,0.1448,1
Unnamed Parking,-1.2856445,36.8132893,2026-08-16 22:00:00,22,6,1,0,50,100,1.0,16,0.3141,1
Unnamed Parking,-1.2597359,36.8182597,2026-08-16 22:00:00,22,6,1,0,50,100,1.0,12,0.2327,1
Unnamed Parking,-1.2641049,36.8117123,2026-08-16 22:00:00,22,6,1,0,50,100,1.0,11,0.2258,1
InterContinental Hotel Car Park,-1.2873717,36.8192911,2026-08-16 22:00:00,22,6,1,0,50,300,1.15,15,0.2925,1
Unnamed Parking,-1.25013,36.8202579,2026-08-16 22:00:00,22,6,1,0,50,100,1.16,16,0.3171,1
Olympic Bus Terminus,-1.3126351,36.7778212,2026-08-16 22:00:00,22,6,1,0,50,100,1.0,12,0.2384,1
Ayany Car Park,-1.3090339,36.7757579,2026-08-16 22:00:00,22,6,1,0,50,200,1.0,9,0.1783,1
Westgate Mall Car Park,-1.2566578,36.8035661,2026-08-16 22:00:00,22,6,1,0,50,50,1.0,5,0.1,1
Student parking,-1.274479,36.805643,2026-08-16 22:00:00,22,6,1,0,50,100,1.0,9,0.1851,1
Kenton Rear Parking,-1.2809847,36.7869545,2026-08-16 22:00:00,22,6,1,0,50,100,1.0,10,0.1906,1
Unnamed Parking,-1.2553877,36.8667692,2026-08-16 22:00:00,22,6,1,0,50,100,1.0,12,0.2486,1
Unnamed Parking,-1.259848,36.8644681,2026-08-16 22:00:00,22,6,1,0,50,100,1.19,11,0.2124,1
Travel House Parking,-1.2861727,36.8214386,2026-08-16 22:00:00,22,6,1,0,50,100,1.18,15,0.295,1
Lenana Parking Lot Area,-1.2900918,36.800209,2026-08-16 22:00:00,22,6,1,0,50,100,1.0,10,0.191,1
Unnamed Parking,-1.2944773,36.8101427,2026-08-16 22:00:00,22,6,1,0,50,100,1.0,12,0.2354,1
Parking B,-1.2806414,36.8128716,2026-08-16 22:00:00,22,6,1,0,50,100,1.0,17,0.3347,1
MAIN PACKING,-1.2803274,36.8127162,2026-08-16 22:00:00,22,6,1,0,50,100,1.0,13,0.2673,1
YMCA STAFF PARKING,-1.2805756,36.8129968,2026-08-16 22:00:00,22,6,1,0,50,100,1.0,12,0.2352,1
Unnamed Parking,-1.2896057,36.8150615,2026-08-17 06:00:00,6,0,0,0,50,100,1.0,18,0.3518,1
Unnamed Parking,-1.2909796,36.8282672,2026-08-17 06:00:00,6,0,0,0,50,100,1.0,17,0.3493,1
Unnamed Parking,-1.2856445,36.8132893,2026-08-17 06:00:00,6,0,0,0,50,100,1.0,17,0.332,1
Unnamed Parking,-1.2597359,36.8182597,2026-08-17 06:00:00,6,0,0,0,50,100,1.0,18,0.3567,1
Unnamed Parking,-1.2641049,36.8117123,2026-08-17 06:00:00,6,0,0,0,50,100,1.0,23,0.4605,1
InterContinental Hotel Car Park,-1.2873717,36.8192911,2026-08-17 06:00:00,6,0,0,0,50,300,1.15,19,0.3822,1
Unnamed Parking,-1.25013,36.8202579,2026-08-17 06:00:00,6,0,0,0,50,100,1.16,15,0.292,1
Olympic Bus Terminus,-1.3126351,36.7778212,2026-08-17 06:00:00,6,0,0,0,50,100,1.0,27,0.5415,1
Ayany Car Park,-1.3090339,36.7757579,2026-08-17 06:00:00,6,0,0,0,50,200,1.0,21,0.4256,1
Westgate Mall Car Park,-1.2566578,36.8035661,2026-08-17 06:00:00,6,0,0,0,50,50,1.0,14,0.2874,1
Student parking,-1.274479,36.805643,2026-08-17 06:00:00,6,0,0,0,50,100,1.0,18,0.3647,1
Kenton Rear Parking,-1.2809847,36.7869545,2026-08-17 06:00:00,6,0,0,0,50,100,1.0,20,0.4089,1
Unnamed Parking,-1.2553877,36.8667692,2026-08-17 06:00:00,6,0,0,0,50,100,1.0,27,0.5364,1
Unnamed Parking,-1.259848,36.8644681,2026-08-17 06:00:00,6,0,0,0,50,100,1.19,16,0.3114,1
Travel House Parking,-1.2861727,36.8214386,2026-08-17 06:00:00,6,0,0,0,50,100,1.18,24,0.4781,1
Lenana Parking Lot Area,-1.2900918,36.800209,2026-08-17 06:00:00,6,0,0,0,50,100,1.0,26,0.512,1
Unnamed Parking,-1.2944773,36.8101427,2026-08-17 06:00:00,6,0,0,0,50,100,1.0,17,0.3497,1
Parking B,-1.2806414,36.8128716,2026-08-17 06:00:00,6,0,0,0,50,100,1.0,19,0.3778,1
MAIN PACKING,-1.2803274,36.8127162,2026-08-17 06:00:00,6,0,0,0,50,100,1.0,16,0.3171,1
YMCA STAFF PARKING,-1.2805756,36.8129968,2026-08-17 06:00:00,6,0,0,0,50,100,1.0,19,0.3837,1
Unnamed Parking,-1.2896057,36.8150615,2026-08-17 07:00:00,7,0,0,0,50,100,1.0,20,0.3971,1
Unnamed Parking,-1.2909796,36.8282672,2026-08-17 07:00:00,7,0,0,0,50,100,1.0,23,0.4528,1
Unnamed Parking,-1.2856445,36.8132893,2026-08-17 07:00:00,7,0,0,0,50,100,1.0,24,0.4872,1
Unnamed Parking,-1.2597359,36.8182597,2026-08-17 07:00:00,7,0,0,0,50,100,1.0,17,0.3402,1
Unnamed Parking,-1.2641049,36.8117123,2026-08-17 07:00:00,7,0,0,0,50,100,1.0,12,0.2426,1
InterContinental Hotel Car Park,-1.2873717,36.8192911,2026-08-17 07:00:00,7,0,0,0,50,300,1.15,20,0.3983,1
Unnamed Parking,-1.25013,36.8202579,2026-08-17 07:00:00,7,0,0,0,50,100,1.16,21,0.4235,1
Olympic Bus Terminus,-1.3126351,36.7778212,2026-08-17 07:00:00,7,0,0,0,50,100,1.0,21,0.42,1
Ayany Car Park,-1.3090339,36.7757579,2026-08-17 07:00:00,7,0,0,0,50,200,1.0,19,0.3739,1
Westgate Mall Car Park,-1.2566578,36.8035661,2026-08-17 07:00:00,7,0,0,0,50,50,1.0,20,0.41,1
Student parking,-1.274479,36.805643,2026-08-17 07:00:00,7,0,0,0,50,100,1.0,26,0.5212,1
Kenton Rear Parking,-1.2809847,36.7869545,2026-08-17 07:00:00,7,0,0,0,50,100,1.0,22,0.4305,1
Unnamed Parking,-1.2553877,36.8667692,2026-08-17 07:00:00,7,0,0,0,50,100,1.0,19,0.3701,1
Unnamed Parking,-1.259848,36.8644681,2026-08-17 07:00:00,7,0,0,0,50,100,1.19,18,0.36,1
Travel House Parking,-1.2861727,36.8214386,2026-08-17 07:00:00,7,0,0,0,50,100,1.18,19,0.3864,1
Lenana Parking Lot Area,-1.2900918,36.800209,2026-08-17 07:00:00,7,0,0,0,50,100,1.0,27,0.5309,1
Unnamed Parking,-1.2944773,36.8101427,2026-08-17 07:00:00,7,0,0,0,50,100,1.0,19,0.3853,1
Parking B,-1.2806414,36.8128716,2026-08-17 07:00:00,7,0,0,0,50,100,1.0,20,0.3984,1
MAIN PACKING,-1.2803274,36.8127162,2026-08-17 07:00:00,7,0,0,0,50,100,1.0,18,0.3614,1
YMCA STAFF PARKING,-1.2805756,36.8129968,2026-08-17 07:00:00,7,0,0,0,50,100,1.0,24,0.4879,1
Unnamed Parking,-1.2896057,36.8150615,2026-08-17 08:00:00,8,0,0,0,50,100,1.0,50,1.0,0
Unnamed Parking,-1.2909796,36.8282672,2026-08-17 08:00:00,8,0,0,0,50,100,1.0,44,0.886,1
Unnamed Parking,-1.2856445,36.8132893,2026-08-17 08:00:00,8,0,0,0,50,100,1.0,43,0.8566,1
Unnamed Parking,-1.2597359,36.8182597,2026-08-17 08:00:00,8,0,0,0,50,100,1.0,43,0.8529,1
Unnamed Parking,-1.2641049,36.8117123,2026-08-17 08:00:00,8,0,0,0,50,100,1.0,33,0.6593,1
InterContinental Hotel Car Park,-1.2873717,36.8192911,2026-08-17 08:00:00,8,0,0,0,50,300,1.15,45,0.9096,1
Unnamed Parking,-1.25013,36.8202579,2026-08-17 08:00:00,8,0,0,0,50,100,1.16,43,0.8607,1
Olympic Bus Terminus,-1.3126351,36.7778212,2026-08-17 08:00:00,8,0,0,0,50,100,1.0,44,0.8843,1
Ayany Car Park,-1.3090339,36.7757579,2026-08-17 08:00:00,8,0,0,0,50,200,1.0,40,0.7931,1
Westgate Mall Car Park,-1.2566578,36.8035661,2026-08-17 08:00:00,8,0,0,0,50,50,1.0,41,0.8192,1
Student parking,-1.274479,36.805643,2026-08-17 08:00:00,8,0,0,0,50,100,1.0,41,0.8171,1
Kenton Rear Parking,-1.2809847,36.7869545,2026-08-17 08:00:00,8,0,0,0,50,100,1.0,47,0.9317,1
Unnamed Parking,-1.2553877,36.8667692,2026-08-17 08:00:00,8,0,0,0,50,100,1.0,41,0.8197,1
Unnamed Parking,-1.259848,36.8644681,2026-08-17 08:00:00,8,0,0,0,50,100,1.19,50,1.0,0
Travel House Parking,-1.2861727,36.8214386,2026-08-17 08:00:00,8,0,0,0,50,100,1.18,44,0.8845,1
Lenana Parking Lot Area,-1.2900918,36.800209,2026-08-17 08:00:00,8,0,0,0,50,100,1.0,37,0.7479,1
Unnamed Parking,-1.2944773,36.8101427,2026-08-17 08:00:00,8,0,0,0,50,100,1.0,42,0.8397,1
Parking B,-1.2806414,36.8128716,2026-08-17 08:00:00,8,0,0,0,50,100,1.0,40,0.7979,1
MAIN PACKING,-1.2803274,36.8127162,2026-08-17 08:00:00,8,0,0,0,50,100,1.0,34,0.6744,1
YMCA STAFF PARKING,-1.2805756,36.8129968,2026-08-17 08:00:00,8,0,0,0,50,100,1.0,49,0.978,0
Unnamed Parking,-1.2896057,36.8150615,2026-08-17 09:00:00,9,0,0,0,50,100,1.0,45,0.9063,1
Unnamed Parking,-1.2909796,36.8282672,2026-08-17 09:00:00,9,0,0,0,50,100,1.0,45,0.8927,1
Unnamed Parking,-1.2856445,36.8132893,2026-08-17 09:00:00,9,0,0,0,50,100,1.0,43,0.8632,1
Unnamed Parking,-1.2597359,36.8182597,2026-08-17 09:00:00,9,0,0,0,50,100,1.0,37,0.7394,1
Unnamed Parking,-1.2641049,36.8117123,2026-08-17 09:00:00,9,0,0,0,50,100,1.0,41,0.8113,1
InterContinental Hotel Car Park,-1.2873717,36.8192911,2026-08-17 09:00:00,9,0,0,0,50,300,1.15,46,0.9173,1
Unnamed Parking,-1.25013,36.8202579,2026-08-17 09:00:00,9,0,0,0,50,100,1.16,38,0.7659,1
Olympic Bus Terminus,-1.3126351,36.7778212,2026-08-17 09:00:00,9,0,0,0,50,100,1.0,32,0.6475,1
Ayany Car Park,-1.3090339,36.7757579,2026-08-17 09:00:00,9,0,0,0,50,200,1.0,42,0.8318,1
Westgate Mall Car Park,-1.2566578,36.8035661,2026-08-17 09:00:00,9,0,0,0,50,50,1.0,42,0.8387,1
Student parking,-1.274479,36.805643,2026-08-17 09:00:00,9,0,0,0,50,100,1.0,43,0.8608,1
Kenton Rear Parking,-1.2809847,36.7869545,2026-08-17 09:00:00,9,0,0,0,50,100,1.0,45,0.9083,1
Unnamed Parking,-1.2553877,36.8667692,2026-08-17 09:00:00,9,0,0,0,50,100,1.0,45,0.901,1
Unnamed Parking,-1.259848,36.8644681,2026-08-17 09:00:00,9,0,0,0,50,100,1.19,44,0.8707,1
Travel House Parking,-1.2861727,36.8214386,2026-08-17 09:00:00,9,0,0,0,50,100,1.18,47,0.9456,1
Lenana Parking Lot Area,-1.2900918,36.800209,2026-08-17 09:00:00,9,0,0,0,50,100,1.0,36,0.7285,1
Unnamed Parking,-1.2944773,36.8101427,2026-08-17 09:00:00,9,0,0,0,50,100,1.0,45,0.8904,1
Parking B,-1.2806414,36.8128716,2026-08-17 09:00:00,9,0,0,0,50,100,1.0,45,0.9001,1
MAIN PACKING,-1.2803274,36.8127162,2026-08-17 09:00:00,9,0,0,0,50,100,1.0,38,0.7508,1
YMCA STAFF PARKING,-1.2805756,36.8129968,2026-08-17 09:00:00,9,0,0,0,50,100,1.0,36,0.7298,1
Unnamed Parking,-1.2896057,36.8150615,2026-08-17 10:00:00,10,0,0,0,50,100,1.0,40,0.7903,1
Unnamed Parking,-1.2909796,36.8282672,2026-08-17 10:00:00,10,0,0,0,50,100,1.0,40,0.7971,1
Unnamed Parking,-1.2856445,36.8132893,2026-08-17 10:00:00,10,0,0,0,50,100,1.0,46,0.9103,1
Unnamed Parking,-1.2597359,36.8182597,2026-08-17 10:00:00,10,0,0,0,50,100,1.0,40,0.8008,1
Unnamed Parking,-1.2641049,36.8117123,2026-08-17 10:00:00,10,0,0,0,50,100,1.0,39,0.7815,1
InterContinental Hotel Car Park,-1.2873717,36.8192911,2026-08-17 10:00:00,10,0,0,0,50,300,1.15,40,0.8011,1
Unnamed Parking,-1.25013,36.8202579,2026-08-17 10:00:00,10,0,0,0,50,100,1.16,47,0.9395,1
Olympic Bus Terminus,-1.3126351,36.7778212,2026-08-17 10:00:00,10,0,0,0,50,100,1.0,43,0.851,1
Ayany Car Park,-1.3090339,36.7757579,2026-08-17 10:00:00,10,0,0,0,50,200,1.0,42,0.8357,1
Westgate Mall Car Park,-1.2566578,36.8035661,2026-08-17 10:00:00,10,0,0,0,50,50,1.0,42,0.8412,1
Student parking,-1.274479,36.805643,2026-08-17 10:00:00,10,0,0,0,50,100,1.0,48,0.9534,0
Kenton Rear Parking,-1.2809847,36.7869545,2026-08-17 10:00:00,10,0,0,0,50,100,1.0,40,0.7901,1
Unnamed Parking,-1.2553877,36.8667692,2026-08-17 10:00:00,10,0,0,0,50,100,1.0,48,0.9552,0
Unnamed Parking,-1.259848,36.8644681,2026-08-17 10:00:00,10,0,0,0,50,100,1.19,43,0.8668,1
Travel House Parking,-1.2861727,36.8214386,2026-08-17 10:00:00,10,0,0,0,50,100,1.18,42,0.8372,1
Lenana Parking Lot Area,-1.2900918,36.800209,2026-08-17 10:00:00,10,0,0,0,50,100,1.0,50,1.0,0
Unnamed Parking,-1.2944773,36.8101427,2026-08-17 10:00:00,10,0,0,0,50,100,1.0,38,0.7655,1
Parking B,-1.2806414,36.8128716,2026-08-17 10:00:00,10,0,0,0,50,100,1.0,41,0.8217,1
MAIN PACKING,-1.2803274,36.8127162,2026-08-17 10:00:00,10,0,0,0,50,100,1.0,38,0.7514,1
YMCA STAFF PARKING,-1.2805756,36.8129968,2026-08-17 10:00:00,10,0,0,0,50,100,1.0,46,0.9262,1
Unnamed Parking,-1.2896057,36.8150615,2026-08-17 11:00:00,11,0,0,0,50,100,1.0,49,0.9851,0
Unnamed Parking,-1.2909796,36.8282672,2026-08-17 11:00:00,11,0,0,0,50,100,1.0,49,0.9836,0
Unnamed Parking,-1.2856445,36.8132893,2026-08-17 11:00:00,11,0,0,0,50,100,1.0,47,0.9479,1
Unnamed Parking,-1.2597359,36.8182597,2026-08-17 11:00:00,11,0,0,0,50,100,1.0,42,0.8342,1
Unnamed Parking,-1.2641049,36.8117123,2026-08-17 11:00:00,11,0,0,0,50,100,1.0,41,0.8208,1
InterContinental Hotel Car Park,-1.2873717,36.8192911,2026-08-17 11:00:00,11,0,0,0,50,300,1.15,36,0.7163,1
Unnamed Parking,-1.25013,36.8202579,2026-08-17 11:00:00,11,0,0,0,50,100,1.16,50,1.0,0
Olympic Bus Terminus,-1.3126351,36.7778212,2026-08-17 11:00:00,11,0,0,0,50,100,1.0,44,0.8875,1
Ayany Car Park,-1.3090339,36.7757579,2026-08-17 11:00:00,11,0,0,0,50,200,1.0,41,0.8106,1
Westgate Mall Car Park,-1.2566578,36.8035661,2026-08-17 11:00:00,11,0,0,0,50,50,1.0,48,0.9562,0
Student parking,-1.274479,36.805643,2026-08-17 11:00:00,11,0,0,0,50,100,1.0,39,0.7722,1
Kenton Rear Parking,-1.2809847,36.7869545,2026-08-17 11:00:00,11,0,0,0,50,100,1.0,44,0.8825,1
Unnamed Parking,-1.2553877,36.8667692,2026-08-17 11:00:00,11,0,0,0,50,100,1.0,42,0.8362,1
Unnamed Parking,-1.259848,36.8644681,2026-08-17 11:00:00,11,0,0,0,50,100,1.19,45,0.9011,1
Travel House Parking,-1.2861727,36.8214386,2026-08-17 11:00:00,11,0,0,0,50,100,1.18,42,0.8449,1
Lenana Parking Lot Area,-1.2900918,36.800209,2026-08-17 11:00:00,11,0,0,0,50,100,1.0,37,0.7339,1
Unnamed Parking,-1.2944773,36.8101427,2026-08-17 11:00:00,11,0,0,0,50,100,1.0,43,0.856,1
Parking B,-1.2806414,36.8128716,2026-08-17 11:00:00,11,0,0,0,50,100,1.0,47,0.9339,1
MAIN PACKING,-1.2803274,36.8127162,2026-08-17 11:00:00,11,0,0,0,50,100,1.0,42,0.8477,1
YMCA STAFF PARKING,-1.2805756,36.8129968,2026-08-17 11:00:00,11,0,0,0,50,100,1.0,46,0.912,1
Unnamed Parking,-1.2896057,36.8150615,2026-08-17 12:00:00,12,0,0,0,50,100,1.0,31,0.6164,1
Unnamed Parking,-1.2909796,36.8282672,2026-08-17 12:00:00,12,0,0,0,50,100,1.0,35,0.6979,1
Unnamed Parking,-1.2856445,36.8132893,2026-08-17 12:00:00,12,0,0,0,50,100,1.0,33,0.65,1
Unnamed Parking,-1.2597359,36.8182597,2026-08-17 12:00:00,12,0,0,0,50,100,1.0,38,0.7598,1
Unnamed Parking,-1.2641049,36.8117123,2026-08-17 12:00:00,12,0,0,0,50,100,1.0,35,0.7025,1
InterContinental Hotel Car Park,-1.2873717,36.8192911,2026-08-17 12:00:00,12,0,0,0,50,300,1.15,38,0.7552,1
Unnamed Parking,-1.25013,36.8202579,2026-08-17 12:00:00,12,0,0,0,50,100,1.16,39,0.787,1
Olympic Bus Terminus,-1.3126351,36.7778212,2026-08-17 12:00:00,12,0,0,0,50,100,1.0,38,0.7553,1
Ayany Car Park,-1.3090339,36.7757579,2026-08-17 12:00:00,12,0,0,0,50,200,1.0,36,0.7218,1
Westgate Mall Car Park,-1.2566578,36.8035661,2026-08-17 12:00:00,12,0,0,0,50,50,1.0,31,0.6201,1
Student parking,-1.274479,36.805643,2026-08-17 12:00:00,12,0,0,0,50,100,1.0,35,0.6998,1
Kenton Rear Parking,-1.2809847,36.7869545,2026-08-17 12:00:00,12,0,0,0,50,100,1.0,33,0.6574,1
Unnamed Parking,-1.2553877,36.8667692,2026-08-17 12:00:00,12,0,0,0,50,100,1.0,34,0.6725,1
Unnamed Parking,-1.259848,36.8644681,2026-08-17 12:00:00,12,0,0,0,50,100,1.19,34,0.67,1
Travel House Parking,-1.2861727,36.8214386,2026-08-17 12:00:00,12,0,0,0,50,100,1.18,31,0.6216,1
Lenana Parking Lot Area,-1.2900918,36.800209,2026-08-17 12:00:00,12,0,0,0,50,100,1.0,27,0.5434,1
Unnamed Parking,-1.2944773,36.8101427,2026-08-17 12:00:00,12,0,0,0,50,100,1.0,32,0.6465,1
Parking B,-1.2806414,36.8128716,2026-08-17 12:00:00,12,0,0,0,50,100,1.0,36,0.7155,1
MAIN PACKING,-1.2803274,36.8127162,2026-08-17 12:00:00,12,0,0,0,50,100,1.0,30,0.5921,1
YMCA STAFF PARKING,-1.2805756,36.8129968,2026-08-17 12:00:00,12,0,0,0,50,100,1.0,35,0.7013,1
Unnamed Parking,-1.2896057,36.8150615,2026-08-17 13:00:00,13,0,0,0,50,100,1.0,50,1.0,0
Unnamed Parking,-1.2909796,36.8282672,2026-08-17 13:00:00,13,0,0,0,50,100,1.0,47,0.9318,1
Unnamed Parking,-1.2856445,36.8132893,2026-08-17 13:00:00,13,0,0,0,50,100,1.0,49,0.9815,0
Unnamed Parking,-1.2597359,36.8182597,2026-08-17 13:00:00,13,0,0,0,50,100,1.0,44,0.8813,1
Unnamed Parking,-1.2641049,36.8117123,2026-08-17 13:00:00,13,0,0,0,50,100,1.0,47,0.9434,1
InterContinental Hotel Car Park,-1.2873717,36.8192911,2026-08-17 13:00:00,13,0,0,0,50,300,1.15,40,0.7921,1
Unnamed Parking,-1.25013,36.8202579,2026-08-17 13:00:00,13,0,0,0,50,100,1.16,40,0.7985,1
Olympic Bus Terminus,-1.3126351,36.7778212,2026-08-17 13:00:00,13,0,0,0,50,100,1.0,32,0.6309,1
Ayany Car Park,-1.3090339,36.7757579,2026-08-17 13:00:00,13,0,0,0,50,200,1.0,47,0.9449,1
Westgate Mall Car Park,-1.2566578,36.8035661,2026-08-17 13:00:00,13,0,0,0,50,50,1.0,49,0.9732,0
Student parking,-1.274479,36.805643,2026-08-17 13:00:00,13,0,0,0,50,100,1.0,40,0.8057,1
Kenton Rear Parking,-1.2809847,36.7869545,2026-08-17 13:00:00,13,0,0,0,50,100,1.0,41,0.8297,1
Unnamed Parking,-1.2553877,36.8667692,2026-08-17 13:00:00,13,0,0,0,50,100,1.0,39,0.7897,1
Unnamed Parking,-1.259848,36.8644681,2026-08-17 13:00:00,13,0,0,0,50,100,1.19,44,0.8806,1
Travel House Parking,-1.2861727,36.8214386,2026-08-17 13:00:00,13,0,0,0,50,100,1.18,47,0.94,1
Lenana Parking Lot Area,-1.2900918,36.800209,2026-08-17 13:00:00,13,0,0,0,50,100,1.0,36,0.7106,1
Unnamed Parking,-1.2944773,36.8101427,2026-08-17 13:00:00,13,0,0,0,50,100,1.0,44,0.8828,1
Parking B,-1.2806414,36.8128716,2026-08-17 13:00:00,13,0,0,0,50,100,1.0,41,0.8279,1
MAIN PACKING,-1.2803274,36.8127162,2026-08-17 13:00:00,13,0,0,0,50,100,1.0,43,0.8591,1
YMCA STAFF PARKING,-1.2805756,36.8129968,2026-08-17 13:00:00,13,0,0,0,50,100,1.0,44,0.8867,1
Unnamed Parking,-1.2896057,36.8150615,2026-08-17 14:00:00,14,0,0,0,50,100,1.0,42,0.8349,1
Unnamed Parking,-1.2909796,36.8282672,2026-08-17 14:00:00,14,0,0,0,50,100,1.0,42,0.8417,1
Unnamed Parking,-1.2856445,36.8132893,2026-08-17 14:00:00,14,0,0,0,50,100,1.0,42,0.8329,1
Unnamed Parking,-1.2597359,36.8182597,2026-08-17 14:00:00,14,0,0,0,50,100,1.0,46,0.9276,1
Unnamed Parking,-1.2641049,36.8117123,2026-08-17 14:00:00,14,0,0,0,50,100,1.0,44,0.8835,1
InterContinental Hotel Car Park,-1.2873717,36.8192911,2026-08-17 14:00:00,14,0,0,0,50,300,1.15,43,0.8676,1
Unnamed Parking,-1.25013,36.8202579,2026-08-17 14:00:00,14,0,0,0,50,100,1.16,37,0.7483,1
Olympic Bus Terminus,-1.3126351,36.7778212,2026-08-17 14:00:00,14,0,0,0,50,100,1.0,41,0.8197,1
Ayany Car Park,-1.3090339,36.7757579,2026-08-17 14:00:00,14,0,0,0,50,200,1.0,46,0.9219,1
Westgate Mall Car Park,-1.2566578,36.8035661,2026-08-17 14:00:00,14,0,0,0,50,50,1.0,43,0.853,1
Student parking,-1.274479,36.805643,2026-08-17 14:00:00,14,0,0,0,50,100,1.0,45,0.9028,1
Kenton Rear Parking,-1.2809847,36.7869545,2026-08-17 14:00:00,14,0,0,0,50,100,1.0,50,0.9913,0
Unnamed Parking,-1.2553877,36.8667692,2026-08-17 14:00:00,14,0,0,0,50,100,1.0,47,0.9331,1
Unnamed Parking,-1.259848,36.8644681,2026-08-17 14:00:00,14,0,0,0,50,100,1.19,43,0.8575,1
Travel House Parking,-1.2861727,36.8214386,2026-08-17 14:00:00,14,0,0,0,50,100,1.18,40,0.8091,1
Lenana Parking Lot Area,-1.2900918,36.800209,2026-08-17 14:00:00,14,0,0,0,50,100,1.0,32,0.6457,1
Unnamed Parking,-1.2944773,36.8101427,2026-08-17 14:00:00,14,0,0,0,50,100,1.0,42,0.8365,1
Parking B,-1.2806414,36.8128716,2026-08-17 14:00:00,14,0,0,0,50,100,1.0,41,0.8239,1
MAIN PACKING,-1.2803274,36.8127162,2026-08-17 14:00:00,14,0,0,0,50,100,1.0,44,0.8812,1
YMCA STAFF PARKING,-1.2805756,36.8129968,2026-08-17 14:00:00,14,0,0,0,50,100,1.0,42,0.8377,1
Unnamed Parking,-1.2896057,36.8150615,2026-08-17 15:00:00,15,0,0,0,50,100,1.0,41,0.8244,1
Unnamed Parking,-1.2909796,36.8282672,2026-08-17 15:00:00,15,0,0,0,50,100,1.0,35,0.7076,1
Unnamed Parking,-1.2856445,36.8132893,2026-08-17 15:00:00,15,0,0,0,50,100,1.0,39,0.7748,1
Unnamed Parking,-1.2597359,36.8182597,2026-08-17 15:00:00,15,0,0,0,50,100,1.0,44,0.8881,1
Unnamed Parking,-1.2641049,36.8117123,2026-08-17 15:00:00,15,0,0,0,50,100,1.0,49,0.9873,0
InterContinental Hotel Car Park,-1.2873717,36.8192911,2026-08-17 15:00:00,15,0,0,0,50,300,1.15,42,0.8422,1
Unnamed Parking,-1.25013,36.8202579,2026-08-17 15:00:00,15,0,0,0,50,100,1.16,44,0.8762,1
Olympic Bus Terminus,-1.3126351,36.7778212,2026-08-17 15:00:00,15,0,0,0,50,100,1.0,46,0.9262,1
Ayany Car Park,-1.3090339,36.7757579,2026-08-17 15:00:00,15,0,0,0,50,200,1.0,39,0.7851,1
Westgate Mall Car Park,-1.2566578,36.8035661,2026-08-17 15:00:00,15,0,0,0,50,50,1.0,44,0.8793,1
Student parking,-1.274479,36.805643,2026-08-17 15:00:00,15,0,0,0,50,100,1.0,40,0.7908,1
Kenton Rear Parking,-1.2809847,36.7869545,2026-08-17 15:00:00,15,0,0,0,50,100,1.0,46,0.9192,1
Unnamed Parking,-1.2553877,36.8667692,2026-08-17 15:00:00,15,0,0,0,50,100,1.0,43,0.8621,1
Unnamed Parking,-1.259848,36.8644681,2026-08-17 15:00:00,15,0,0,0,50,100,1.19,44,0.8739,1
Travel House Parking,-1.2861727,36.8214386,2026-08-17 15:00:00,15,0,0,0,50,100,1.18,39,0.7874,1
Lenana Parking Lot Area,-1.2900918,36.800209,2026-08-17 15:00:00,15,0,0,0,50,100,1.0,45,0.9066,1
Unnamed Parking,-1.2944773,36.8101427,2026-08-17 15:00:00,15,0,0,0,50,100,1.0,50,1.0,0
Parking B,-1.2806414,36.8128716,2026-08-17 15:00:00,15,0,0,0,50,100,1.0,38,0.7694,1
MAIN PACKING,-1.2803274,36.8127162,2026-08-17 15:00:00,15,0,0,0,50,100,1.0,41,0.8228,1
YMCA STAFF PARKING,-1.2805756,36.8129968,2026-08-17 15:00:00,15,0,0,0,50,100,1.0,43,0.8685,1
Unnamed Parking,-1.2896057,36.8150615,2026-08-17 16:00:00,16,0,0,0,50,100,1.0,46,0.9129,1
Unnamed Parking,-1.2909796,36.8282672,2026-08-17 16:00:00,16,0,0,0,50,100,1.0,40,0.8052,1
Unnamed Parking,-1.2856445,36.8132893,2026-08-17 16:00:00,16,0,0,0,50,100,1.0,31,0.6234,1
Unnamed Parking,-1.2597359,36.8182597,2026-08-17 16:00:00,16,0,0,0,50,100,1.0,48,0.9587,0
Unnamed Parking,-1.2641049,36.8117123,2026-08-17 16:00:00,16,0,0,0,50,100,1.0,46,0.9108,1
InterContinental Hotel Car Park,-1.2873717,36.8192911,2026-08-17 16:00:00,16,0,0,0,50,300,1.15,36,0.7106,1
Unnamed Parking,-1.25013,36.8202579,2026-08-17 16:00:00,16,0,0,0,50,100,1.16,40,0.8014,1
Olympic Bus Terminus,-1.3126351,36.7778212,2026-08-17 16:00:00,16,0,0,0,50,100,1.0,49,0.9755,0
Ayany Car Park,-1.3090339,36.7757579,2026-08-17 16:00:00,16,0,0,0,50,200,1.0,48,0.9658,0
Westgate Mall Car Park,-1.2566578,36.8035661,2026-08-17 16:00:00,16,0,0,0,50,50,1.0,46,0.9251,1
Student parking,-1.274479,36.805643,2026-08-17 16:00:00,16,0,0,0,50,100,1.0,42,0.8359,1
Kenton Rear Parking,-1.2809847,36.7869545,2026-08-17 16:00:00,16,0,0,0,50,100,1.0,43,0.8566,1
Unnamed Parking,-1.2553877,36.8667692,2026-08-17 16:00:00,16,0,0,0,50,100,1.0,42,0.8395,1
Unnamed Parking,-1.259848,36.8644681,2026-08-17 16:00:00,16,0,0,0,50,100,1.19,47,0.9403,1
Travel House Parking,-1.2861727,36.8214386,2026-08-17 16:00:00,16,0,0,0,50,100,1.18,39,0.7799,1
Lenana Parking Lot Area,-1.2900918,36.800209,2026-08-17 16:00:00,16,0,0,0,50,100,1.0,39,0.7855,1
Unnamed Parking,-1.2944773,36.8101427,2026-08-17 16:00:00,16,0,0,0,50,100,1.0,47,0.9308,1
Parking B,-1.2806414,36.8128716,2026-08-17 16:00:00,16,0,0,0,50,100,1.0,42,0.8465,1
MAIN PACKING,-1.2803274,36.8127162,2026-08-17 16:00:00,16,0,0,0,50,100,1.0,48,0.9603,0
YMCA STAFF PARKING,-1.2805756,36.8129968,2026-08-17 16:00:00,16,0,0,0,50,100,1.0,40,0.7963,1
Unnamed Parking,-1.2896057,36.8150615,2026-08-17 17:00:00,17,0,0,0,50,100,1.0,35,0.6956,1
Unnamed Parking,-1.2909796,36.8282672,2026-08-17 17:00:00,17,0,0,0,50,100,1.0,31,0.6262,1
Unnamed Parking,-1.2856445,36.8132893,2026-08-17 17:00:00,17,0,0,0,50,100,1.0,35,0.7006,1
Unnamed Parking,-1.2597359,36.8182597,2026-08-17 17:00:00,17,0,0,0,50,100,1.0,29,0.5817,1
Unnamed Parking,-1.2641049,36.8117123,2026-08-17 17:00:00,17,0,0,0,50,100,1.0,33,0.661,1
InterContinental Hotel Car Park,-1.2873717,36.8192911,2026-08-17 17:00:00,17,0,0,0,50,300,1.15,29,0.5851,1
Unnamed Parking,-1.25013,36.8202579,2026-08-17 17:00:00,17,0,0,0,50,100,1.16,38,0.7555,1
Olympic Bus Terminus,-1.3126351,36.7778212,2026-08-17 17:00:00,17,0,0,0,50,100,1.0,38,0.7573,1
Ayany Car Park,-1.3090339,36.7757579,2026-08-17 17:00:00,17,0,0,0,50,200,1.0,28,0.5616,1
Westgate Mall Car Park,-1.2566578,36.8035661,2026-08-17 17:00:00,17,0,0,0,50,50,1.0,40,0.8067,1
Student parking,-1.274479,36.805643,2026-08-17 17:00:00,17,0,0,0,50,100,1.0,45,0.8998,1
Kenton Rear Parking,-1.2809847,36.7869545,2026-08-17 17:00:00,17,0,0,0,50,100,1.0,35,0.7037,1
Unnamed Parking,-1.2553877,36.8667692,2026-08-17 17:00:00,17,0,0,0,50,100,1.0,32,0.6487,1
Unnamed Parking,-1.259848,36.8644681,2026-08-17 17:00:00,17,0,0,0,50,100,1.19,46,0.9259,1
Travel House Parking,-1.2861727,36.8214386,2026-08-17 17:00:00,17,0,0,0,50,100,1.18,30,0.5945,1
Lenana Parking Lot Area,-1.2900918,36.800209,2026-08-17 17:00:00,17,0,0,0,50,100,1.0,35,0.7016,1
Unnamed Parking,-1.2944773,36.8101427,2026-08-17 17:00:00,17,0,0,0,50,100,1.0,36,0.7144,1
Parking B,-1.2806414,36.8128716,2026-08-17 17:00:00,17,0,0,0,50,100,1.0,40,0.8076,1
MAIN PACKING,-1.2803274,36.8127162,2026-08-17 17:00:00,17,0,0,0,50,100,1.0,36,0.7288,1
YMCA STAFF PARKING,-1.2805756,36.8129968,2026-08-17 17:00:00,17,0,0,0,50,100,1.0,33,0.6601,1
Unnamed Parking,-1.2896057,36.8150615,2026-08-17 18:00:00,18,0,0,0,50,100,1.0,31,0.6239,1
Unnamed Parking,-1.2909796,36.8282672,2026-08-17 18:00:00,18,0,0,0,50,100,1.0,34,0.6727,1
Unnamed Parking,-1.2856445,36.8132893,2026-08-17 18:00:00,18,0,0,0,50,100,1.0,31,0.6194,1
Unnamed Parking,-1.2597359,36.8182597,2026-08-17 18:00:00,18,0,0,0,50,100,1.0,35,0.7038,1
Unnamed Parking,-1.2641049,36.8117123,2026-08-17 18:00:00,18,0,0,0,50,100,1.0,33,0.6549,1
InterContinental Hotel Car Park,-1.2873717,36.8192911,2026-08-17 18:00:00,18,0,0,0,50,300,1.15,29,0.5805,1
Unnamed Parking,-1.25013,36.8202579,2026-08-17 18:00:00,18,0,0,0,50,100,1.16,40,0.8004,1
Olympic Bus Terminus,-1.3126351,36.7778212,2026-08-17 18:00:00,18,0,0,0,50,100,1.0,33,0.6602,1
Ayany Car Park,-1.3090339,36.7757579,2026-08-17 18:00:00,18,0,0,0,50,200,1.0,30,0.5985,1
Westgate Mall Car Park,-1.2566578,36.8035661,2026-08-17 18:00:00,18,0,0,0,50,50,1.0,34,0.6865,1
Student parking,-1.274479,36.805643,2026-08-17 18:00:00,18,0,0,0,50,100,1.0,35,0.7055,1
Kenton Rear Parking,-1.2809847,36.7869545,2026-08-17 18:00:00,18,0,0,0,50,100,1.0,28,0.5603,1
Unnamed Parking,-1.2553877,36.8667692,2026-08-17 18:00:00,18,0,0,0,50,100,1.0,36,0.7265,1
Unnamed Parking,-1.259848,36.8644681,2026-08-17 18:00:00,18,0,0,0,50,100,1.19,31,0.6162,1
Travel House Parking,-1.2861727,36.8214386,2026-08-17 18:00:00,18,0,0,0,50,100,1.18,42,0.8369,1
Lenana Parking Lot Area,-1.2900918,36.800209,2026-08-17 18:00:00,18,0,0,0,50,100,1.0,37,0.7419,1
Unnamed Parking,-1.2944773,36.8101427,2026-08-17 18:00:00,18,0,0,0,50,100,1.0,33,0.668,1
Parking B,-1.2806414,36.8128716,2026-08-17 18:00:00,18,0,0,0,50,100,1.0,32,0.6404,1
MAIN PACKING,-1.2803274,36.8127162,2026-08-17 18:00:00,18,0,0,0,50,100,1.0,35,0.6916,1
YMCA STAFF PARKING,-1.2805756,36.8129968,2026-08-17 18:00:00,18,0,0,0,50,100,1.0,37,0.749,1
Unnamed Parking,-1.2896057,36.8150615,2026-08-17 19:00:00,19,0,0,0,50,100,1.0,20,0.398,1
Unnamed Parking,-1.2909796,36.8282672,2026-08-17 19:00:00,19,0,0,0,50,100,1.0,19,0.3826,1
Unnamed Parking,-1.2856445,36.8132893,2026-08-17 19:00:00,19,0,0,0,50,100,1.0,20,0.4047,1
Unnamed Parking,-1.2597359,36.8182597,2026-08-17 19:00:00,19,0,0,0,50,100,1.0,18,0.3517,1
Unnamed Parking,-1.2641049,36.8117123,2026-08-17 19:00:00,19,0,0,0,50,100,1.0,19,0.3725,1
InterContinental Hotel Car Park,-1.2873717,36.8192911,2026-08-17 19:00:00,19,0,0,0,50,300,1.15,12,0.2331,1
Unnamed Parking,-1.25013,36.8202579,2026-08-17 19:00:00,19,0,0,0,50,100,1.16,24,0.4779,1
Olympic Bus Terminus,-1.3126351,36.7778212,2026-08-17 19:00:00,19,0,0,0,50,100,1.0,21,0.4239,1
Ayany Car Park,-1.3090339,36.7757579,2026-08-17 19:00:00,19,0,0,0,50,200,1.0,17,0.3381,1
Westgate Mall Car Park,-1.2566578,36.8035661,2026-08-17 19:00:00,19,0,0,0,50,50,1.0,28,0.5519,1
Student parking,-1.274479,36.805643,2026-08-17 19:00:00,19,0,0,0,50,100,1.0,20,0.407,1
Kenton Rear Parking,-1.2809847,36.7869545,2026-08-17 19:00:00,19,0,0,0,50,100,1.0,16,0.3171,1
Unnamed Parking,-1.2553877,36.8667692,2026-08-17 19:00:00,19,0,0,0,50,100,1.0,23,0.4685,1
Unnamed Parking,-1.259848,36.8644681,2026-08-17 19:00:00,19,0,0,0,50,100,1.19,22,0.4318,1
Travel House Parking,-1.2861727,36.8214386,2026-08-17 19:00:00,19,0,0,0,50,100,1.18,22,0.4316,1
Lenana Parking Lot Area,-1.2900918,36.800209,2026-08-17 19:00:00,19,0,0,0,50,100,1.0,18,0.3659,1
Unnamed Parking,-1.2944773,36.8101427,2026-08-17 19:00:00,19,0,0,0,50,100,1.0,22,0.436,1
Parking B,-1.2806414,36.8128716,2026-08-17 19:00:00,19,0,0,0,50,100,1.0,19,0.3791,1
MAIN PACKING,-1.2803274,36.8127162,2026-08-17 19:00:00,19,0,0,0,50,100,1.0,22,0.4445,1
YMCA STAFF PARKING,-1.2805756,36.8129968,2026-08-17 19:00:00,19,0,0,0,50,100,1.0,12,0.2476,1
Unnamed Parking,-1.2896057,36.8150615,2026-08-17 20:00:00,20,0,0,0,50,100,1.0,18,0.3653,1
Unnamed Parking,-1.2909796,36.8282672,2026-08-17 20:00:00,20,0,0,0,50,100,1.0,27,0.5378,1
Unnamed Parking,-1.2856445,36.8132893,2026-08-17 20:00:00,20,0,0,0,50,100,1.0,17,0.3386,1
Unnamed Parking,-1.2597359,36.8182597,2026-08-17 20:00:00,20,0,0,0,50,100,1.0,18,0.3517,1
Unnamed Parking,-1.2641049,36.8117123,2026-08-17 20:00:00,20,0,0,0,50,100,1.0,18,0.3642,1
InterContinental Hotel Car Park,-1.2873717,36.8192911,2026-08-17 20:00:00,20,0,0,0,50,300,1.15,15,0.3028,1
Unnamed Parking,-1.25013,36.8202579,2026-08-17 20:00:00,20,0,0,0,50,100,1.16,11,0.2233,1
Olympic Bus Terminus,-1.3126351,36.7778212,2026-08-17 20:00:00,20,0,0,0,50,100,1.0,19,0.3816,1
Ayany Car Park,-1.3090339,36.7757579,2026-08-17 20:00:00,20,0,0,0,50,200,1.0,21,0.4109,1
Westgate Mall Car Park,-1.2566578,36.8035661,2026-08-17 20:00:00,20,0,0,0,50,50,1.0,20,0.3958,1
Student parking,-1.274479,36.805643,2026-08-17 20:00:00,20,0,0,0,50,100,1.0,19,0.3884,1
Kenton Rear Parking,-1.2809847,36.7869545,2026-08-17 20:00:00,20,0,0,0,50,100,1.0,20,0.4034,1
Unnamed Parking,-1.2553877,36.8667692,2026-08-17 20:00:00,20,0,0,0,50,100,1.0,24,0.4818,1
Unnamed Parking,-1.259848,36.8644681,2026-08-17 20:00:00,20,0,0,0,50,100,1.19,19,0.3848,1
Travel House Parking,-1.2861727,36.8214386,2026-08-17 20:00:00,20,0,0,0,50,100,1.18,18,0.3541,1
Lenana Parking Lot Area,-1.2900918,36.800209,2026-08-17 20:00:00,20,0,0,0,50,100,1.0,19,0.3775,1
Unnamed Parking,-1.2944773,36.8101427,2026-08-17 20:00:00,20,0,0,0,50,100,1.0,22,0.4463,1
Parking B,-1.2806414,36.8128716,2026-08-17 20:00:00,20,0,0,0,50,100,1.0,26,0.513,1
MAIN PACKING,-1.2803274,36.8127162,2026-08-17 20:00:00,20,0,0,0,50,100,1.0,17,0.3497,1
YMCA STAFF PARKING,-1.2805756,36.8129968,2026-08-17 20:00:00,20,0,0,0,50,100,1.0,20,0.4079,1
Unnamed Parking,-1.2896057,36.8150615,2026-08-17 21:00:00,21,0,0,0,50,100,1.0,21,0.4271,1
Unnamed Parking,-1.2909796,36.8282672,2026-08-17 21:00:00,21,0,0,0,50,100,1.0,16,0.3206,1
Unnamed Parking,-1.2856445,36.8132893,2026-08-17 21:00:00,21,0,0,0,50,100,1.0,20,0.4016,1
Unnamed Parking,-1.2597359,36.8182597,2026-08-17 21:00:00,21,0,0,0,50,100,1.0,14,0.2827,1
Unnamed Parking,-1.2641049,36.8117123,2026-08-17 21:00:00,21,0,0,0,50,100,1.0,13,0.2585,1
InterContinental Hotel Car Park,-1.2873717,36.8192911,2026-08-17 21:00:00,21,0,0,0,50,300,1.15,21,0.4293,1
Unnamed Parking,-1.25013,36.8202579,2026-08-17 21:00:00,21,0,0,0,50,100,1.16,18,0.3693,1
Olympic Bus Terminus,-1.3126351,36.7778212,2026-08-17 21:00:00,21,0,0,0,50,100,1.0,21,0.4162,1
Ayany Car Park,-1.3090339,36.7757579,2026-08-17 21:00:00,21,0,0,0,50,200,1.0,20,0.3986,1
Westgate Mall Car Park,-1.2566578,36.8035661,2026-08-17 21:00:00,21,0,0,0,50,50,1.0,16,0.3219,1
Student parking,-1.274479,36.805643,2026-08-17 21:00:00,21,0,0,0,50,100,1.0,20,0.3964,1
Kenton Rear Parking,-1.2809847,36.7869545,2026-08-17 21:00:00,21,0,0,0,50,100,1.0,15,0.3014,1
Unnamed Parking,-1.2553877,36.8667692,2026-08-17 21:00:00,21,0,0,0,50,100,1.0,26,0.5113,1
Unnamed Parking,-1.259848,36.8644681,2026-08-17 21:00:00,21,0,0,0,50,100,1.19,15,0.2915,1
Travel House Parking,-1.2861727,36.8214386,2026-08-17 21:00:00,21,0,0,0,50,100,1.18,19,0.3843,1
Lenana Parking Lot Area,-1.2900918,36.800209,2026-08-17 21:00:00,21,0,0,0,50,100,1.0,16,0.3166,1
Unnamed Parking,-1.2944773,36.8101427,2026-08-17 21:00:00,21,0,0,0,50,100,1.0,22,0.4456,1
Parking B,-1.2806414,36.8128716,2026-08-17 21:00:00,21,0,0,0,50,100,1.0,19,0.3735,1
MAIN PACKING,-1.2803274,36.8127162,2026-08-17 21:00:00,21,0,0,0,50,100,1.0,18,0.3585,1
YMCA STAFF PARKING,-1.2805756,36.8129968,2026-08-17 21:00:00,21,0,0,0,50,100,1.0,23,0.4683,1
Unnamed Parking,-1.2896057,36.8150615,2026-08-17 22:00:00,22,0,0,0,50,100,1.0,20,0.4024,1
Unnamed Parking,-1.2909796,36.8282672,2026-08-17 22:00:00,22,0,0,0,50,100,1.0,22,0.4413,1
Unnamed Parking,-1.2856445,36.8132893,2026-08-17 22:00:00,22,0,0,0,50,100,1.0,16,0.3215,1
Unnamed Parking,-1.2597359,36.8182597,2026-08-17 22:00:00,22,0,0,0,50,100,1.0,14,0.2876,1
Unnamed Parking,-1.2641049,36.8117123,2026-08-17 22:00:00,22,0,0,0,50,100,1.0,20,0.4086,1
InterContinental Hotel Car Park,-1.2873717,36.8192911,2026-08-17 22:00:00,22,0,0,0,50,300,1.15,19,0.3745,1
Unnamed Parking,-1.25013,36.8202579,2026-08-17 22:00:00,22,0,0,0,50,100,1.16,23,0.4501,1
Olympic Bus Terminus,-1.3126351,36.7778212,2026-08-17 22:00:00,22,0,0,0,50,100,1.0,20,0.3936,1
Ayany Car Park,-1.3090339,36.7757579,2026-08-17 22:00:00,22,0,0,0,50,200,1.0,21,0.4164,1
Westgate Mall Car Park,-1.2566578,36.8035661,2026-08-17 22:00:00,22,0,0,0,50,50,1.0,14,0.2701,1
Student parking,-1.274479,36.805643,2026-08-17 22:00:00,22,0,0,0,50,100,1.0,28,0.5511,1
Kenton Rear Parking,-1.2809847,36.7869545,2026-08-17 22:00:00,22,0,0,0,50,100,1.0,19,0.3869,1
Unnamed Parking,-1.2553877,36.8667692,2026-08-17 22:00:00,22,0,0,0,50,100,1.0,23,0.4558,1
Unnamed Parking,-1.259848,36.8644681,2026-08-17 22:00:00,22,0,0,0,50,100,1.19,17,0.3331,1
Travel House Parking,-1.2861727,36.8214386,2026-08-17 22:00:00,22,0,0,0,50,100,1.18,21,0.4246,1
Lenana Parking Lot Area,-1.2900918,36.800209,2026-08-17 22:00:00,22,0,0,0,50,100,1.0,15,0.2958,1
Unnamed Parking,-1.2944773,36.8101427,2026-08-17 22:00:00,22,0,0,0,50,100,1.0,22,0.4362,1
Parking B,-1.2806414,36.8128716,2026-08-17 22:00:00,22,0,0,0,50,100,1.0,19,0.3715,1
MAIN PACKING,-1.2803274,36.8127162,2026-08-17 22:00:00,22,0,0,0,50,100,1.0,20,0.4023,1
YMCA STAFF PARKING,-1.2805756,36.8129968,2026-08-17 22:00:00,22,0,0,0,50,100,1.0,23,0.4558,1
Unnamed Parking,-1.2896057,36.8150615,2026-08-18 06:00:00,6,1,0,0,50,100,1.0,15,0.3014,1
Unnamed Parking,-1.2909796,36.8282672,2026-08-18 06:00:00,6,1,0,0,50,100,1.0,17,0.3452,1
Unnamed Parking,-1.2856445,36.8132893,2026-08-18 06:00:00,6,1,0,0,50,100,1.0,22,0.4366,1
Unnamed Parking,-1.2597359,36.8182597,2026-08-18 06:00:00,6,1,0,0,50,100,1.0,28,0.5679,1
Unnamed Parking,-1.2641049,36.8117123,2026-08-18 06:00:00,6,1,0,0,50,100,1.0,19,0.389,1
InterContinental Hotel Car Park,-1.2873717,36.8192911,2026-08-18 06:00:00,6,1,0,0,50,300,1.15,22,0.4473,1
Unnamed Parking,-1.25013,36.8202579,2026-08-18 06:00:00,6,1,0,0,50,100,1.16,20,0.3914,1
Olympic Bus Terminus,-1.3126351,36.7778212,2026-08-18 06:00:00,6,1,0,0,50,100,1.0,28,0.5554,1
Ayany Car Park,-1.3090339,36.7757579,2026-08-18 06:00:00,6,1,0,0,50,200,1.0,13,0.2602,1
Westgate Mall Car Park,-1.2566578,36.8035661,2026-08-18 06:00:00,6,1,0,0,50,50,1.0,20,0.4076,1
Student parking,-1.274479,36.805643,2026-08-18 06:00:00,6,1,0,0,50,100,1.0,13,0.27,1
Kenton Rear Parking,-1.2809847,36.7869545,2026-08-18 06:00:00,6,1,0,0,50,100,1.0,10,0.1995,1
Unnamed Parking,-1.2553877,36.8667692,2026-08-18 06:00:00,6,1,0,0,50,100,1.0,21,0.4238,1
Unnamed Parking,-1.259848,36.8644681,2026-08-18 06:00:00,6,1,0,0,50,100,1.19,21,0.4112,1
Travel House Parking,-1.2861727,36.8214386,2026-08-18 06:00:00,6,1,0,0,50,100,1.18,19,0.3772,1
Lenana Parking Lot Area,-1.2900918,36.800209,2026-08-18 06:00:00,6,1,0,0,50,100,1.0,20,0.3915,1
Unnamed Parking,-1.2944773,36.8101427,2026-08-18 06:00:00,6,1,0,0,50,100,1.0,32,0.6479,1
Parking B,-1.2806414,36.8128716,2026-08-18 06:00:00,6,1,0,0,50,100,1.0,19,0.3793,1
MAIN PACKING,-1.2803274,36.8127162,2026-08-18 06:00:00,6,1,0,0,50,100,1.0,22,0.4408,1
YMCA STAFF PARKING,-1.2805756,36.8129968,2026-08-18 06:00:00,6,1,0,0,50,100,1.0,17,0.3481,1
Unnamed Parking,-1.2896057,36.8150615,2026-08-18 07:00:00,7,1,0,0,50,100,1.0,21,0.4236,1
Unnamed Parking,-1.2909796,36.8282672,2026-08-18 07:00:00,7,1,0,0,50,100,1.0,19,0.3809,1
Unnamed Parking,-1.2856445,36.8132893,2026-08-18 07:00:00,7,1,0,0,50,100,1.0,18,0.3672,1
Unnamed Parking,-1.2597359,36.8182597,2026-08-18 07:00:00,7,1,0,0,50,100,1.0,27,0.5455,1
Unnamed Parking,-1.2641049,36.8117123,2026-08-18 07:00:00,7,1,0,0,50,100,1.0,25,0.4942,1
InterContinental Hotel Car Park,-1.2873717,36.8192911,2026-08-18 07:00:00,7,1,0,0,50,300,1.15,21,0.4109,1
Unnamed Parking,-1.25013,36.8202579,2026-08-18 07:00:00,7,1,0,0,50,100,1.16,11,0.2157,1
Olympic Bus Terminus,-1.3126351,36.7778212,2026-08-18 07:00:00,7,1,0,0,50,100,1.0,19,0.3711,1
Ayany Car Park,-1.3090339,36.7757579,2026-08-18 07:00:00,7,1,0,0,50,200,1.0,31,0.6162,1
Westgate Mall Car Park,-1.2566578,36.8035661,2026-08-18 07:00:00,7,1,0,0,50,50,1.0,19,0.3815,1
Student parking,-1.274479,36.805643,2026-08-18 07:00:00,7,1,0,0,50,100,1.0,24,0.4883,1
Kenton Rear Parking,-1.2809847,36.7869545,2026-08-18 07:00:00,7,1,0,0,50,100,1.0,26,0.5154,1
Unnamed Parking,-1.2553877,36.8667692,2026-08-18 07:00:00,7,1,0,0,50,100,1.0,21,0.4175,1
Unnamed Parking,-1.259848,36.8644681,2026-08-18 07:00:00,7,1,0,0,50,100,1.19,17,0.3327,1
Travel House Parking,-1.2861727,36.8214386,2026-08-18 07:00:00,7,1,0,0,50,100,1.18,10,0.2052,1
Lenana Parking Lot Area,-1.2900918,36.800209,2026-08-18 07:00:00,7,1,0,0,50,100,1.0,23,0.4547,1
Unnamed Parking,-1.2944773,36.8101427,2026-08-18 07:00:00,7,1,0,0,50,100,1.0,17,0.3348,1
Parking B,-1.2806414,36.8128716,2026-08-18 07:00:00,7,1,0,0,50,100,1.0,21,0.4141,1
MAIN PACKING,-1.2803274,36.8127162,2026-08-18 07:00:00,7,1,0,0,50,100,1.0,15,0.3,1
YMCA STAFF PARKING,-1.2805756,36.8129968,2026-08-18 07:00:00,7,1,0,0,50,100,1.0,19,0.3788,1
Unnamed Parking,-1.2896057,36.8150615,2026-08-18 08:00:00,8,1,0,0,50,100,1.0,43,0.8527,1
Unnamed Parking,-1.2909796,36.8282672,2026-08-18 08:00:00,8,1,0,0,50,100,1.0,44,0.8715,1
Unnamed Parking,-1.2856445,36.8132893,2026-08-18 08:00:00,8,1,0,0,50,100,1.0,38,0.7608,1
Unnamed Parking,-1.2597359,36.8182597,2026-08-18 08:00:00,8,1,0,0,50,100,1.0,47,0.9458,1
Unnamed Parking,-1.2641049,36.8117123,2026-08-18 08:00:00,8,1,0,0,50,100,1.0,40,0.8022,1
InterContinental Hotel Car Park,-1.2873717,36.8192911,2026-08-18 08:00:00,8,1,0,0,50,300,1.15,36,0.716,1
Unnamed Parking,-1.25013,36.8202579,2026-08-18 08:00:00,8,1,0,0,50,100,1.16,42,0.8413,1
Olympic Bus Terminus,-1.3126351,36.7778212,2026-08-18 08:00:00,8,1,0,0,50,100,1.0,43,0.8528,1
Ayany Car Park,-1.3090339,36.7757579,2026-08-18 08:00:00,8,1,0,0,50,200,1.0,43,0.8628,1
Westgate Mall Car Park,-1.2566578,36.8035661,2026-08-18 08:00:00,8,1,0,0,50,50,1.0,48,0.959,0
Student parking,-1.274479,36.805643,2026-08-18 08:00:00,8,1,0,0,50,100,1.0,42,0.8311,1
Kenton Rear Parking,-1.2809847,36.7869545,2026-08-18 08:00:00,8,1,0,0,50,100,1.0,42,0.8404,1
Unnamed Parking,-1.2553877,36.8667692,2026-08-18 08:00:00,8,1,0,0,50,100,1.0,38,0.7617,1
Unnamed Parking,-1.259848,36.8644681,2026-08-18 08:00:00,8,1,0,0,50,100,1.19,46,0.9156,1
Travel House Parking,-1.2861727,36.8214386,2026-08-18 08:00:00,8,1,0,0,50,100,1.18,43,0.8647,1
Lenana Parking Lot Area,-1.2900918,36.800209,2026-08-18 08:00:00,8,1,0,0,50,100,1.0,41,0.8164,1
Unnamed Parking,-1.2944773,36.8101427,2026-08-18 08:00:00,8,1,0,0,50,100,1.0,35,0.6976,1
Parking B,-1.2806414,36.8128716,2026-08-18 08:00:00,8,1,0,0,50,100,1.0,48,0.9656,0
MAIN PACKING,-1.2803274,36.8127162,2026-08-18 08:00:00,8,1,0,0,50,100,1.0,38,0.7518,1
YMCA STAFF PARKING,-1.2805756,36.8129968,2026-08-18 08:00:00,8,1,0,0,50,100,1.0,40,0.8027,1
Unnamed Parking,-1.2896057,36.8150615,2026-08-18 09:00:00,9,1,0,0,50,100,1.0,44,0.8787,1
Unnamed Parking,-1.2909796,36.8282672,2026-08-18 09:00:00,9,1,0,0,50,100,1.0,38,0.7543,1
Unnamed Parking,-1.2856445,36.8132893,2026-08-18 09:00:00,9,1,0,0,50,100,1.0,37,0.7305,1
Unnamed Parking,-1.2597359,36.8182597,2026-08-18 09:00:00,9,1,0,0,50,100,1.0,34,0.6801,1
Unnamed Parking,-1.2641049,36.8117123,2026-08-18 09:00:00,9,1,0,0,50,100,1.0,45,0.9077,1
InterContinental Hotel Car Park,-1.2873717,36.8192911,2026-08-18 09:00:00,9,1,0,0,50,300,1.15,40,0.8064,1
Unnamed Parking,-1.25013,36.8202579,2026-08-18 09:00:00,9,1,0,0,50,100,1.16,50,1.0,0
Olympic Bus Terminus,-1.3126351,36.7778212,2026-08-18 09:00:00,9,1,0,0,50,100,1.0,39,0.7705,1
Ayany Car Park,-1.3090339,36.7757579,2026-08-18 09:00:00,9,1,0,0,50,200,1.0,39,0.7763,1
Westgate Mall Car Park,-1.2566578,36.8035661,2026-08-18 09:00:00,9,1,0,0,50,50,1.0,40,0.8048,1
Student parking,-1.274479,36.805643,2026-08-18 09:00:00,9,1,0,0,50,100,1.0,43,0.8695,1
Kenton Rear Parking,-1.2809847,36.7869545,2026-08-18 09:00:00,9,1,0,0,50,100,1.0,41,0.8124,1
Unnamed Parking,-1.2553877,36.8667692,2026-08-18 09:00:00,9,1,0,0,50,100,1.0,45,0.899,1
Unnamed Parking,-1.259848,36.8644681,2026-08-18 09:00:00,9,1,0,0,50,100,1.19,39,0.7717,1
Travel House Parking,-1.2861727,36.8214386,2026-08-18 09:00:00,9,1,0,0,50,100,1.18,37,0.7395,1
Lenana Parking Lot Area,-1.2900918,36.800209,2026-08-18 09:00:00,9,1,0,0,50,100,1.0,35,0.7061,1
Unnamed Parking,-1.2944773,36.8101427,2026-08-18 09:00:00,9,1,0,0,50,100,1.0,34,0.6721,1
Parking B,-1.2806414,36.8128716,2026-08-18 09:00:00,9,1,0,0,50,100,1.0,40,0.8086,1
MAIN PACKING,-1.2803274,36.8127162,2026-08-18 09:00:00,9,1,0,0,50,100,1.0,41,0.8259,1
YMCA STAFF PARKING,-1.2805756,36.8129968,2026-08-18 09:00:00,9,1,0,0,50,100,1.0,40,0.7995,1
Unnamed Parking,-1.2896057,36.8150615,2026-08-18 10:00:00,10,1,0,0,50,100,1.0,47,0.9495,1
Unnamed Parking,-1.2909796,36.8282672,2026-08-18 10:00:00,10,1,0,0,50,100,1.0,47,0.9482,1
Unnamed Parking,-1.2856445,36.8132893,2026-08-18 10:00:00,10,1,0,0,50,100,1.0,41,0.8232,1
Unnamed Parking,-1.2597359,36.8182597,2026-08-18 10:00:00,10,1,0,0,50,100,1.0,35,0.7065,1
Unnamed Parking,-1.2641049,36.8117123,2026-08-18 10:00:00,10,1,0,0,50,100,1.0,40,0.8047,1
InterContinental Hotel Car Park,-1.2873717,36.8192911,2026-08-18 10:00:00,10,1,0,0,50,300,1.15,40,0.802,1
Unnamed Parking,-1.25013,36.8202579,2026-08-18 10:00:00,10,1,0,0,50,100,1.16,40,0.7974,1
Olympic Bus Terminus,-1.3126351,36.7778212,2026-08-18 10:00:00,10,1,0,0,50,100,1.0,40,0.7942,1
Ayany Car Park,-1.3090339,36.7757579,2026-08-18 10:00:00,10,1,0,0,50,200,1.0,40,0.7977,1
Westgate Mall Car Park,-1.2566578,36.8035661,2026-08-18 10:00:00,10,1,0,0,50,50,1.0,41,0.8191,1
Student parking,-1.274479,36.805643,2026-08-18 10:00:00,10,1,0,0,50,100,1.0,40,0.7992,1
Kenton Rear Parking,-1.2809847,36.7869545,2026-08-18 10:00:00,10,1,0,0,50,100,1.0,43,0.8667,1
Unnamed Parking,-1.2553877,36.8667692,2026-08-18 10:00:00,10,1,0,0,50,100,1.0,44,0.8788,1
Unnamed Parking,-1.259848,36.8644681,2026-08-18 10:00:00,10,1,0,0,50,100,1.19,39,0.7771,1
Travel House Parking,-1.2861727,36.8214386,2026-08-18 10:00:00,10,1,0,0,50,100,1.18,48,0.9517,0
Lenana Parking Lot Area,-1.2900918,36.800209,2026-08-18 10:00:00,10,1,0,0,50,100,1.0,39,0.7716,1
Unnamed Parking,-1.2944773,36.8101427,2026-08-18 10:00:00,10,1,0,0,50,100,1.0,36,0.7206,1
Parking B,-1.2806414,36.8128716,2026-08-18 10:00:00,10,1,0,0,50,100,1.0,44,0.8805,1
MAIN PACKING,-1.2803274,36.8127162,2026-08-18 10:00:00,10,1,0,0,50,100,1.0,39,0.7846,1
YMCA STAFF PARKING,-1.2805756,36.8129968,2026-08-18 10:00:00,10,1,0,0,50,100,1.0,44,0.8757,1
Unnamed Parking,-1.2896057,36.8150615,2026-08-18 11:00:00,11,1,0,0,50,100,1.0,33,0.6577,1
Unnamed Parking,-1.2909796,36.8282672,2026-08-18 11:00:00,11,1,0,0,50,100,1.0,48,0.9614,0
Unnamed Parking,-1.2856445,36.8132893,2026-08-18 11:00:00,11,1,0,0,50,100,1.0,45,0.9038,1
Unnamed Parking,-1.2597359,36.8182597,2026-08-18 11:00:00,11,1,0,0,50,100,1.0,36,0.73,1
Unnamed Parking,-1.2641049,36.8117123,2026-08-18 11:00:00,11,1,0,0,50,100,1.0,37,0.7317,1
InterContinental Hotel Car Park,-1.2873717,36.8192911,2026-08-18 11:00:00,11,1,0,0,50,300,1.15,49,0.9838,0
Unnamed Parking,-1.25013,36.8202579,2026-08-18 11:00:00,11,1,0,0,50,100,1.16,40,0.791,1
Olympic Bus Terminus,-1.3126351,36.7778212,2026-08-18 11:00:00,11,1,0,0,50,100,1.0,39,0.7833,1
Ayany Car Park,-1.3090339,36.7757579,2026-08-18 11:00:00,11,1,0,0,50,200,1.0,33,0.6687,1
Westgate Mall Car Park,-1.2566578,36.8035661,2026-08-18 11:00:00,11,1,0,0,50,50,1.0,41,0.8219,1
Student parking,-1.274479,36.805643,2026-08-18 11:00:00,11,1,0,0,50,100,1.0,42,0.8318,1
Kenton Rear Parking,-1.2809847,36.7869545,2026-08-18 11:00:00,11,1,0,0,50,100,1.0,45,0.9072,1
Unnamed Parking,-1.2553877,36.8667692,2026-08-18 11:00:00,11,1,0,0,50,100,1.0,37,0.7381,1
Unnamed Parking,-1.259848,36.8644681,2026-08-18 11:00:00,11,1,0,0,50,100,1.19,36,0.7284,1
Travel House Parking,-1.2861727,36.8214386,2026-08-18 11:00:00,11,1,0,0,50,100,1.18,44,0.8861,1
Lenana Parking Lot Area,-1.2900918,36.800209,2026-08-18 11:00:00,11,1,0,0,50,100,1.0,47,0.9305,1
Unnamed Parking,-1.2944773,36.8101427,2026-08-18 11:00:00,11,1,0,0,50,100,1.0,36,0.7243,1
Parking B,-1.2806414,36.8128716,2026-08-18 11:00:00,11,1,0,0,50,100,1.0,47,0.9365,1
MAIN PACKING,-1.2803274,36.8127162,2026-08-18 11:00:00,11,1,0,0,50,100,1.0,43,0.853,1
YMCA STAFF PARKING,-1.2805756,36.8129968,2026-08-18 11:00:00,11,1,0,0,50,100,1.0,47,0.9373,1
Unnamed Parking,-1.2896057,36.8150615,2026-08-18 12:00:00,12,1,0,0,50,100,1.0,35,0.6944,1
Unnamed Parking,-1.2909796,36.8282672,2026-08-18 12:00:00,12,1,0,0,50,100,1.0,25,0.4982,1
Unnamed Parking,-1.2856445,36.8132893,2026-08-18 12:00:00,12,1,0,0,50,100,1.0,34,0.6878,1
Unnamed Parking,-1.2597359,36.8182597,2026-08-18 12:00:00,12,1,0,0,50,100,1.0,39,0.7848,1
Unnamed Parking,-1.2641049,36.8117123,2026-08-18 12:00:00,12,1,0,0,50,100,1.0,31,0.6285,1
InterContinental Hotel Car Park,-1.2873717,36.8192911,2026-08-18 12:00:00,12,1,0,0,50,300,1.15,33,0.669,1
Unnamed Parking,-1.25013,36.8202579,2026-08-18 12:00:00,12,1,0,0,50,100,1.16,34,0.6859,1
Olympic Bus Terminus,-1.3126351,36.7778212,2026-08-18 12:00:00,12,1,0,0,50,100,1.0,23,0.468,1
Ayany Car Park,-1.3090339,36.7757579,2026-08-18 12:00:00,12,1,0,0,50,200,1.0,42,0.8337,1
Westgate Mall Car Park,-1.2566578,36.8035661,2026-08-18 12:00:00,12,1,0,0,50,50,1.0,31,0.6279,1
Student parking,-1.274479,36.805643,2026-08-18 12:00:00,12,1,0,0,50,100,1.0,37,0.7405,1
Kenton Rear Parking,-1.2809847,36.7869545,2026-08-18 12:00:00,12,1,0,0,50,100,1.0,35,0.6931,1
Unnamed Parking,-1.2553877,36.8667692,2026-08-18 12:00:00,12,1,0,0,50,100,1.0,40,0.8006,1
Unnamed Parking,-1.259848,36.8644681,2026-08-18 12:00:00,12,1,0,0,50,100,1.19,37,0.7325,1
Travel House Parking,-1.2861727,36.8214386,2026-08-18 12:00:00,12,1,0,0,50,100,1.18,34,0.6812,1
Lenana Parking Lot Area,-1.2900918,36.800209,2026-08-18 12:00:00,12,1,0,0,50,100,1.0,31,0.6285,1
Unnamed Parking,-1.2944773,36.8101427,2026-08-18 12:00:00,12,1,0,0,50,100,1.0,38,0.7638,1
Parking B,-1.2806414,36.8128716,2026-08-18 12:00:00,12,1,0,0,50,100,1.0,28,0.5501,1
MAIN PACKING,-1.2803274,36.8127162,2026-08-18 12:00:00,12,1,0,0,50,100,1.0,38,0.7517,1
YMCA STAFF PARKING,-1.2805756,36.8129968,2026-08-18 12:00:00,12,1,0,0,50,100,1.0,31,0.6121,1
Unnamed Parking,-1.2896057,36.8150615,2026-08-18 13:00:00,13,1,0,0,50,100,1.0,48,0.9502,0
Unnamed Parking,-1.2909796,36.8282672,2026-08-18 13:00:00,13,1,0,0,50,100,1.0,43,0.8629,1
Unnamed Parking,-1.2856445,36.8132893,2026-08-18 13:00:00,13,1,0,0,50,100,1.0,45,0.9015,1
Unnamed Parking,-1.2597359,36.8182597,2026-08-18 13:00:00,13,1,0,0,50,100,1.0,43,0.8566,1
Unnamed Parking,-1.2641049,36.8117123,2026-08-18 13:00:00,13,1,0,0,50,100,1.0,35,0.7098,1
InterContinental Hotel Car Park,-1.2873717,36.8192911,2026-08-18 13:00:00,13,1,0,0,50,300,1.15,39,0.7811,1
Unnamed Parking,-1.25013,36.8202579,2026-08-18 13:00:00,13,1,0,0,50,100,1.16,45,0.9038,1
Olympic Bus Terminus,-1.3126351,36.7778212,2026-08-18 13:00:00,13,1,0,0,50,100,1.0,43,0.8633,1
Ayany Car Park,-1.3090339,36.7757579,2026-08-18 13:00:00,13,1,0,0,50,200,1.0,47,0.9445,1
Westgate Mall Car Park,-1.2566578,36.8035661,2026-08-18 13:00:00,13,1,0,0,50,50,1.0,44,0.8823,1
Student parking,-1.274479,36.805643,2026-08-18 13:00:00,13,1,0,0,50,100,1.0,39,0.7727,1
Kenton Rear Parking,-1.2809847,36.7869545,2026-08-18 13:00:00,13,1,0,0,50,100,1.0,39,0.7863,1
Unnamed Parking,-1.2553877,36.8667692,2026-08-18 13:00:00,13,1,0,0,50,100,1.0,43,0.8582,1
Unnamed Parking,-1.259848,36.8644681,2026-08-18 13:00:00,13,1,0,0,50,100,1.19,33,0.6649,1
Travel House Parking,-1.2861727,36.8214386,2026-08-18 13:00:00,13,1,0,0,50,100,1.18,49,0.9839,0
Lenana Parking Lot Area,-1.2900918,36.800209,2026-08-18 13:00:00,13,1,0,0,50,100,1.0,44,0.8853,1
Unnamed Parking,-1.2944773,36.8101427,2026-08-18 13:00:00,13,1,0,0,50,100,1.0,47,0.9482,1
Parking B,-1.2806414,36.8128716,2026-08-18 13:00:00,13,1,0,0,50,100,1.0,36,0.7236,1
MAIN PACKING,-1.2803274,36.8127162,2026-08-18 13:00:00,13,1,0,0,50,100,1.0,47,0.9496,1
YMCA STAFF PARKING,-1.2805756,36.8129968,2026-08-18 13:00:00,13,1,0,0,50,100,1.0,50,1.0,0
Unnamed Parking,-1.2896057,36.8150615,2026-08-18 14:00:00,14,1,0,0,50,100,1.0,37,0.7443,1
Unnamed Parking,-1.2909796,36.8282672,2026-08-18 14:00:00,14,1,0,0,50,100,1.0,46,0.9117,1
Unnamed Parking,-1.2856445,36.8132893,2026-08-18 14:00:00,14,1,0,0,50,100,1.0,43,0.8501,1
Unnamed Parking,-1.2597359,36.8182597,2026-08-18 14:00:00,14,1,0,0,50,100,1.0,36,0.7264,1
Unnamed Parking,-1.2641049,36.8117123,2026-08-18 14:00:00,14,1,0,0,50,100,1.0,44,0.8894,1
InterContinental Hotel Car Park,-1.2873717,36.8192911,2026-08-18 14:00:00,14,1,0,0,50,300,1.15,46,0.9167,1
Unnamed Parking,-1.25013,36.8202579,2026-08-18 14:00:00,14,1,0,0,50,100,1.16,40,0.8019,1
Olympic Bus Terminus,-1.3126351,36.7778212,2026-08-18 14:00:00,14,1,0,0,50,100,1.0,47,0.9433,1
Ayany Car Park,-1.3090339,36.7757579,2026-08-18 14:00:00,14,1,0,0,50,200,1.0,36,0.7167,1
Westgate Mall Car Park,-1.2566578,36.8035661,2026-08-18 14:00:00,14,1,0,0,50,50,1.0,37,0.7304,1
Student parking,-1.274479,36.805643,2026-08-18 14:00:00,14,1,0,0,50,100,1.0,43,0.8609,1
Kenton Rear Parking,-1.2809847,36.7869545,2026-08-18 14:00:00,14,1,0,0,50,100,1.0,43,0.852,1
Unnamed Parking,-1.2553877,36.8667692,2026-08-18 14:00:00,14,1,0,0,50,100,1.0,40,0.7927,1
Unnamed Parking,-1.259848,36.8644681,2026-08-18 14:00:00,14,1,0,0,50,100,1.19,46,0.9148,1
Travel House Parking,-1.2861727,36.8214386,2026-08-18 14:00:00,14,1,0,0,50,100,1.18,45,0.8925,1
Lenana Parking Lot Area,-1.2900918,36.800209,2026-08-18 14:00:00,14,1,0,0,50,100,1.0,46,0.9187,1
Unnamed Parking,-1.2944773,36.8101427,2026-08-18 14:00:00,14,1,0,0,50,100,1.0,42,0.8401,1
Parking B,-1.2806414,36.8128716,2026-08-18 14:00:00,14,1,0,0,50,100,1.0,45,0.8982,1
MAIN PACKING,-1.2803274,36.8127162,2026-08-18 14:00:00,14,1,0,0,50,100,1.0,41,0.8143,1
YMCA STAFF PARKING,-1.2805756,36.8129968,2026-08-18 14:00:00,14,1,0,0,50,100,1.0,50,1.0,0
Unnamed Parking,-1.2896057,36.8150615,2026-08-18 15:00:00,15,1,0,0,50,100,1.0,39,0.785,1
Unnamed Parking,-1.2909796,36.8282672,2026-08-18 15:00:00,15,1,0,0,50,100,1.0,50,1.0,0
Unnamed Parking,-1.2856445,36.8132893,2026-08-18 15:00:00,15,1,0,0,50,100,1.0,43,0.8528,1
Unnamed Parking,-1.2597359,36.8182597,2026-08-18 15:00:00,15,1,0,0,50,100,1.0,37,0.74,1
Unnamed Parking,-1.2641049,36.8117123,2026-08-18 15:00:00,15,1,0,0,50,100,1.0,48,0.9594,0
InterContinental Hotel Car Park,-1.2873717,36.8192911,2026-08-18 15:00:00,15,1,0,0,50,300,1.15,43,0.8601,1
Unnamed Parking,-1.25013,36.8202579,2026-08-18 15:00:00,15,1,0,0,50,100,1.16,46,0.9181,1
Olympic Bus Terminus,-1.3126351,36.7778212,2026-08-18 15:00:00,15,1,0,0,50,100,1.0,47,0.9479,1
Ayany Car Park,-1.3090339,36.7757579,2026-08-18 15:00:00,15,1,0,0,50,200,1.0,44,0.877,1
Westgate Mall Car Park,-1.2566578,36.8035661,2026-08-18 15:00:00,15,1,0,0,50,50,1.0,40,0.8026,1
Student parking,-1.274479,36.805643,2026-08-18 15:00:00,15,1,0,0,50,100,1.0,46,0.9281,1
Kenton Rear Parking,-1.2809847,36.7869545,2026-08-18 15:00:00,15,1,0,0,50,100,1.0,43,0.8501,1
Unnamed Parking,-1.2553877,36.8667692,2026-08-18 15:00:00,15,1,0,0,50,100,1.0,45,0.9049,1
Unnamed Parking,-1.259848,36.8644681,2026-08-18 15:00:00,15,1,0,0,50,100,1.19,34,0.6777,1
Travel House Parking,-1.2861727,36.8214386,2026-08-18 15:00:00,15,1,0,0,50,100,1.18,44,0.8858,1
Lenana Parking Lot Area,-1.2900918,36.800209,2026-08-18 15:00:00,15,1,0,0,50,100,1.0,40,0.7989,1
Unnamed Parking,-1.2944773,36.8101427,2026-08-18 15:00:00,15,1,0,0,50,100,1.0,49,0.9823,0
Parking B,-1.2806414,36.8128716,2026-08-18 15:00:00,15,1,0,0,50,100,1.0,45,0.8998,1
MAIN PACKING,-1.2803274,36.8127162,2026-08-18 15:00:00,15,1,0,0,50,100,1.0,43,0.8692,1
YMCA STAFF PARKING,-1.2805756,36.8129968,2026-08-18 15:00:00,15,1,0,0,50,100,1.0,44,0.8889,1
Unnamed Parking,-1.2896057,36.8150615,2026-08-18 16:00:00,16,1,0,0,50,100,1.0,39,0.7701,1
Unnamed Parking,-1.2909796,36.8282672,2026-08-18 16:00:00,16,1,0,0,50,100,1.0,49,0.9799,0
Unnamed Parking,-1.2856445,36.8132893,2026-08-18 16:00:00,16,1,0,0,50,100,1.0,50,1.0,0
Unnamed Parking,-1.2597359,36.8182597,2026-08-18 16:00:00,16,1,0,0,50,100,1.0,44,0.8814,1
Unnamed Parking,-1.2641049,36.8117123,2026-08-18 16:00:00,16,1,0,0,50,100,1.0,49,0.9772,0
InterContinental Hotel Car Park,-1.2873717,36.8192911,2026-08-18 16:00:00,16,1,0,0,50,300,1.15,40,0.8045,1
Unnamed Parking,-1.25013,36.8202579,2026-08-18 16:00:00,16,1,0,0,50,100,1.16,39,0.7862,1
Olympic Bus Terminus,-1.3126351,36.7778212,2026-08-18 16:00:00,16,1,0,0,50,100,1.0,43,0.8533,1
Ayany Car Park,-1.3090339,36.7757579,2026-08-18 16:00:00,16,1,0,0,50,200,1.0,44,0.8848,1
Westgate Mall Car Park,-1.2566578,36.8035661,2026-08-18 16:00:00,16,1,0,0,50,50,1.0,41,0.8185,1
Student parking,-1.274479,36.805643,2026-08-18 16:00:00,16,1,0,0,50,100,1.0,45,0.893,1
Kenton Rear Parking,-1.2809847,36.7869545,2026-08-18 16:00:00,16,1,0,0,50,100,1.0,44,0.8745,1
Unnamed Parking,-1.2553877,36.8667692,2026-08-18 16:00:00,16,1,0,0,50,100,1.0,39,0.7701,1
Unnamed Parking,-1.259848,36.8644681,2026-08-18 16:00:00,16,1,0,0,50,100,1.19,45,0.8915,1
Travel House Parking,-1.2861727,36.8214386,2026-08-18 16:00:00,16,1,0,0,50,100,1.18,46,0.9191,1
Lenana Parking Lot Area,-1.2900918,36.800209,2026-08-18 16:00:00,16,1,0,0,50,100,1.0,43,0.8637,1
Unnamed Parking,-1.2944773,36.8101427,2026-08-18 16:00:00,16,1,0,0,50,100,1.0,47,0.9422,1
Parking B,-1.2806414,36.8128716,2026-08-18 16:00:00,16,1,0,0,50,100,1.0,38,0.7526,1
MAIN PACKING,-1.2803274,36.8127162,2026-08-18 16:00:00,16,1,0,0,50,100,1.0,44,0.8874,1
YMCA STAFF PARKING,-1.2805756,36.8129968,2026-08-18 16:00:00,16,1,0,0,50,100,1.0,38,0.7564,1
Unnamed Parking,-1.2896057,36.8150615,2026-08-18 17:00:00,17,1,0,0,50,100,1.0,31,0.6109,1
Unnamed Parking,-1.2909796,36.8282672,2026-08-18 17:00:00,17,1,0,0,50,100,1.0,32,0.6495,1
Unnamed Parking,-1.2856445,36.8132893,2026-08-18 17:00:00,17,1,0,0,50,100,1.0,31,0.6246,1
Unnamed Parking,-1.2597359,36.8182597,2026-08-18 17:00:00,17,1,0,0,50,100,1.0,33,0.6562,1
Unnamed Parking,-1.2641049,36.8117123,2026-08-18 17:00:00,17,1,0,0,50,100,1.0,34,0.6829,1
InterContinental Hotel Car Park,-1.2873717,36.8192911,2026-08-18 17:00:00,17,1,0,0,50,300,1.15,38,0.767,1
Unnamed Parking,-1.25013,36.8202579,2026-08-18 17:00:00,17,1,0,0,50,100,1.16,34,0.6743,1
Olympic Bus Terminus,-1.3126351,36.7778212,2026-08-18 17:00:00,17,1,0,0,50,100,1.0,29,0.5731,1
Ayany Car Park,-1.3090339,36.7757579,2026-08-18 17:00:00,17,1,0,0,50,200,1.0,40,0.7912,1
Westgate Mall Car Park,-1.2566578,36.8035661,2026-08-18 17:00:00,17,1,0,0,50,50,1.0,32,0.633,1
Student parking,-1.274479,36.805643,2026-08-18 17:00:00,17,1,0,0,50,100,1.0,35,0.6953,1
Kenton Rear Parking,-1.2809847,36.7869545,2026-08-18 17:00:00,17,1,0,0,50,100,1.0,37,0.7357,1
Unnamed Parking,-1.2553877,36.8667692,2026-08-18 17:00:00,17,1,0,0,50,100,1.0,36,0.716,1
Unnamed Parking,-1.259848,36.8644681,2026-08-18 17:00:00,17,1,0,0,50,100,1.19,39,0.7875,1
Travel House Parking,-1.2861727,36.8214386,2026-08-18 17:00:00,17,1,0,0,50,100,1.18,37,0.7383,1
Lenana Parking Lot Area,-1.2900918,36.800209,2026-08-18 17:00:00,17,1,0,0,50,100,1.0,32,0.6311,1
Unnamed Parking,-1.2944773,36.8101427,2026-08-18 17:00:00,17,1,0,0,50,100,1.0,44,0.8743,1
Parking B,-1.2806414,36.8128716,2026-08-18 17:00:00,17,1,0,0,50,100,1.0,36,0.7155,1
MAIN PACKING,-1.2803274,36.8127162,2026-08-18 17:00:00,17,1,0,0,50,100,1.0,34,0.6882,1
YMCA STAFF PARKING,-1.2805756,36.8129968,2026-08-18 17:00:00,17,1,0,0,50,100,1.0,39,0.7771,1
Unnamed Parking,-1.2896057,36.8150615,2026-08-18 18:00:00,18,1,0,0,50,100,1.0,36,0.72,1
Unnamed Parking,-1.2909796,36.8282672,2026-08-18 18:00:00,18,1,0,0,50,100,1.0,37,0.7319,1
Unnamed Parking,-1.2856445,36.8132893,2026-08-18 18:00:00,18,1,0,0,50,100,1.0,45,0.8994,1
Unnamed Parking,-1.2597359,36.8182597,2026-08-18 18:00:00,18,1,0,0,50,100,1.0,34,0.678,1
Unnamed Parking,-1.2641049,36.8117123,2026-08-18 18:00:00,18,1,0,0,50,100,1.0,34,0.6746,1
InterContinental Hotel Car Park,-1.2873717,36.8192911,2026-08-18 18:00:00,18,1,0,0,50,300,1.15,35,0.7093,1
Unnamed Parking,-1.25013,36.8202579,2026-08-18 18:00:00,18,1,0,0,50,100,1.16,39,0.7857,1
Olympic Bus Terminus,-1.3126351,36.7778212,2026-08-18 18:00:00,18,1,0,0,50,100,1.0,29,0.5795,1
Ayany Car Park,-1.3090339,36.7757579,2026-08-18 18:00:00,18,1,0,0,50,200,1.0,27,0.5428,1
Westgate Mall Car Park,-1.2566578,36.8035661,2026-08-18 18:00:00,18,1,0,0,50,50,1.0,33,0.653,1
Student parking,-1.274479,36.805643,2026-08-18 18:00:00,18,1,0,0,50,100,1.0,28,0.5693,1
Kenton Rear Parking,-1.2809847,36.7869545,2026-08-18 18:00:00,18,1,0,0,50,100,1.0,33,0.666,1
Unnamed Parking,-1.2553877,36.8667692,2026-08-18 18:00:00,18,1,0,0,50,100,1.0,37,0.7402,1
Unnamed Parking,-1.259848,36.8644681,2026-08-18 18:00:00,18,1,0,0,50,100,1.19,31,0.6287,1
Travel House Parking,-1.2861727,36.8214386,2026-08-18 18:00:00,18,1,0,0,50,100,1.18,29,0.5859,1
Lenana Parking Lot Area,-1.2900918,36.800209,2026-08-18 18:00:00,18,1,0,0,50,100,1.0,35,0.7055,1
Unnamed Parking,-1.2944773,36.8101427,2026-08-18 18:00:00,18,1,0,0,50,100,1.0,38,0.769,1
Parking B,-1.2806414,36.8128716,2026-08-18 18:00:00,18,1,0,0,50,100,1.0,28,0.5644,1
MAIN PACKING,-1.2803274,36.8127162,2026-08-18 18:00:00,18,1,0,0,50,100,1.0,38,0.7656,1
YMCA STAFF PARKING,-1.2805756,36.8129968,2026-08-18 18:00:00,18,1,0,0,50,100,1.0,38,0.7654,1
Unnamed Parking,-1.2896057,36.8150615,2026-08-18 19:00:00,19,1,0,0,50,100,1.0,24,0.4763,1
Unnamed Parking,-1.2909796,36.8282672,2026-08-18 19:00:00,19,1,0,0,50,100,1.0,25,0.4975,1
Unnamed Parking,-1.2856445,36.8132893,2026-08-18 19:00:00,19,1,0,0,50,100,1.0,29,0.5762,1
Unnamed Parking,-1.2597359,36.8182597,2026-08-18 19:00:00,19,1,0,0,50,100,1.0,19,0.3715,1
Unnamed Parking,-1.2641049,36.8117123,2026-08-18 19:00:00,19,1,0,0,50,100,1.0,20,0.4088,1
InterContinental Hotel Car Park,-1.2873717,36.8192911,2026-08-18 19:00:00,19,1,0,0,50,300,1.15,18,0.3667,1
Unnamed Parking,-1.25013,36.8202579,2026-08-18 19:00:00,19,1,0,0,50,100,1.16,20,0.4002,1
Olympic Bus Terminus,-1.3126351,36.7778212,2026-08-18 19:00:00,19,1,0,0,50,100,1.0,26,0.5226,1
Ayany Car Park,-1.3090339,36.7757579,2026-08-18 19:00:00,19,1,0,0,50,200,1.0,15,0.2924,1
Westgate Mall Car Park,-1.2566578,36.8035661,2026-08-18 19:00:00,19,1,0,0,50,50,1.0,17,0.3311,1
Student parking,-1.274479,36.805643,2026-08-18 19:00:00,19,1,0,0,50,100,1.0,26,0.5102,1
Kenton Rear Parking,-1.2809847,36.7869545,2026-08-18 19:00:00,19,1,0,0,50,100,1.0,24,0.4816,1
Unnamed Parking,-1.2553877,36.8667692,2026-08-18 19:00:00,19,1,0,0,50,100,1.0,19,0.3709,1
Unnamed Parking,-1.259848,36.8644681,2026-08-18 19:00:00,19,1,0,0,50,100,1.19,23,0.4684,1
Travel House Parking,-1.2861727,36.8214386,2026-08-18 19:00:00,19,1,0,0,50,100,1.18,21,0.4273,1
Lenana Parking Lot Area,-1.2900918,36.800209,2026-08-18 19:00:00,19,1,0,0,50,100,1.0,26,0.52,1
Unnamed Parking,-1.2944773,36.8101427,2026-08-18 19:00:00,19,1,0,0,50,100,1.0,20,0.406,1
Parking B,-1.2806414,36.8128716,2026-08-18 19:00:00,19,1,0,0,50,100,1.0,24,0.4821,1
MAIN PACKING,-1.2803274,36.8127162,2026-08-18 19:00:00,19,1,0,0,50,100,1.0,31,0.6114,1
YMCA STAFF PARKING,-1.2805756,36.8129968,2026-08-18 19:00:00,19,1,0,0,50,100,1.0,22,0.4478,1
Unnamed Parking,-1.2896057,36.8150615,2026-08-18 20:00:00,20,1,0,0,50,100,1.0,20,0.4039,1
Unnamed Parking,-1.2909796,36.8282672,2026-08-18 20:00:00,20,1,0,0,50,100,1.0,23,0.4578,1
Unnamed Parking,-1.2856445,36.8132893,2026-08-18 20:00:00,20,1,0,0,50,100,1.0,19,0.3708,1
Unnamed Parking,-1.2597359,36.8182597,2026-08-18 20:00:00,20,1,0,0,50,100,1.0,30,0.591,1
Unnamed Parking,-1.2641049,36.8117123,2026-08-18 20:00:00,20,1,0,0,50,100,1.0,21,0.4144,1
InterContinental Hotel Car Park,-1.2873717,36.8192911,2026-08-18 20:00:00,20,1,0,0,50,300,1.15,19,0.3782,1
Unnamed Parking,-1.25013,36.8202579,2026-08-18 20:00:00,20,1,0,0,50,100,1.16,17,0.3331,1
Olympic Bus Terminus,-1.3126351,36.7778212,2026-08-18 20:00:00,20,1,0,0,50,100,1.0,24,0.4878,1
Ayany Car Park,-1.3090339,36.7757579,2026-08-18 20:00:00,20,1,0,0,50,200,1.0,23,0.4694,1
Westgate Mall Car Park,-1.2566578,36.8035661,2026-08-18 20:00:00,20,1,0,0,50,50,1.0,18,0.3602,1
Student parking,-1.274479,36.805643,2026-08-18 20:00:00,20,1,0,0,50,100,1.0,22,0.4461,1
Kenton Rear Parking,-1.2809847,36.7869545,2026-08-18 20:00:00,20,1,0,0,50,100,1.0,14,0.2793,1
Unnamed Parking,-1.2553877,36.8667692,2026-08-18 20:00:00,20,1,0,0,50,100,1.0,21,0.4148,1
Unnamed Parking,-1.259848,36.8644681,2026-08-18 20:00:00,20,1,0,0,50,100,1.19,22,0.4362,1
Travel House Parking,-1.2861727,36.8214386,2026-08-18 20:00:00,20,1,0,0,50,100,1.18,27,0.5366,1
Lenana Parking Lot Area,-1.2900918,36.800209,2026-08-18 20:00:00,20,1,0,0,50,100,1.0,17,0.3383,1
Unnamed Parking,-1.2944773,36.8101427,2026-08-18 20:00:00,20,1,0,0,50,100,1.0,15,0.2977,1
Parking B,-1.2806414,36.8128716,2026-08-18 20:00:00,20,1,0,0,50,100,1.0,16,0.3284,1
MAIN PACKING,-1.2803274,36.8127162,2026-08-18 20:00:00,20,1,0,0,50,100,1.0,15,0.2931,1
YMCA STAFF PARKING,-1.2805756,36.8129968,2026-08-18 20:00:00,20,1,0,0,50,100,1.0,25,0.5069,1
Unnamed Parking,-1.2896057,36.8150615,2026-08-18 21:00:00,21,1,0,0,50,100,1.0,26,0.5239,1
Unnamed Parking,-1.2909796,36.8282672,2026-08-18 21:00:00,21,1,0,0,50,100,1.0,21,0.4256,1
Unnamed Parking,-1.2856445,36.8132893,2026-08-18 21:00:00,21,1,0,0,50,100,1.0,25,0.4977,1
Unnamed Parking,-1.2597359,36.8182597,2026-08-18 21:00:00,21,1,0,0,50,100,1.0,21,0.4107,1
Unnamed Parking,-1.2641049,36.8117123,2026-08-18 21:00:00,21,1,0,0,50,100,1.0,20,0.3924,1
InterContinental Hotel Car Park,-1.2873717,36.8192911,2026-08-18 21:00:00,21,1,0,0,50,300,1.15,19,0.3734,1
Unnamed Parking,-1.25013,36.8202579,2026-08-18 21:00:00,21,1,0,0,50,100,1.16,19,0.3752,1
Olympic Bus Terminus,-1.3126351,36.7778212,2026-08-18 21:00:00,21,1,0,0,50,100,1.0,14,0.2762,1
Ayany Car Park,-1.3090339,36.7757579,2026-08-18 21:00:00,21,1,0,0,50,200,1.0,21,0.4211,1
Westgate Mall Car Park,-1.2566578,36.8035661,2026-08-18 21:00:00,21,1,0,0,50,50,1.0,20,0.3968,1
Student parking,-1.274479,36.805643,2026-08-18 21:00:00,21,1,0,0,50,100,1.0,23,0.4596,1
Kenton Rear Parking,-1.2809847,36.7869545,2026-08-18 21:00:00,21,1,0,0,50,100,1.0,20,0.4075,1
Unnamed Parking,-1.2553877,36.8667692,2026-08-18 21:00:00,21,1,0,0,50,100,1.0,19,0.387,1
Unnamed Parking,-1.259848,36.8644681,2026-08-18 21:00:00,21,1,0,0,50,100,1.19,17,0.3303,1
Travel House Parking,-1.2861727,36.8214386,2026-08-18 21:00:00,21,1,0,0,50,100,1.18,20,0.4058,1
Lenana Parking Lot Area,-1.2900918,36.800209,2026-08-18 21:00:00,21,1,0,0,50,100,1.0,23,0.4591,1
Unnamed Parking,-1.2944773,36.8101427,2026-08-18 21:00:00,21,1,0,0,50,100,1.0,15,0.3085,1
Parking B,-1.2806414,36.8128716,2026-08-18 21:00:00,21,1,0,0,50,100,1.0,20,0.407,1
MAIN PACKING,-1.2803274,36.8127162,2026-08-18 21:00:00,21,1,0,0,50,100,1.0,21,0.4186,1
YMCA STAFF PARKING,-1.2805756,36.8129968,2026-08-18 21:00:00,21,1,0,0,50,100,1.0,17,0.3426,1
Unnamed Parking,-1.2896057,36.8150615,2026-08-18 22:00:00,22,1,0,0,50,100,1.0,18,0.353,1
Unnamed Parking,-1.2909796,36.8282672,2026-08-18 22:00:00,22,1,0,0,50,100,1.0,21,0.4184,1
Unnamed Parking,-1.2856445,36.8132893,2026-08-18 22:00:00,22,1,0,0,50,100,1.0,15,0.3093,1
Unnamed Parking,-1.2597359,36.8182597,2026-08-18 22:00:00,22,1,0,0,50,100,1.0,21,0.428,1
Unnamed Parking,-1.2641049,36.8117123,2026-08-18 22:00:00,22,1,0,0,50,100,1.0,16,0.3284,1
InterContinental Hotel Car Park,-1.2873717,36.8192911,2026-08-18 22:00:00,22,1,0,0,50,300,1.15,24,0.485,1
Unnamed Parking,-1.25013,36.8202579,2026-08-18 22:00:00,22,1,0,0,50,100,1.16,29,0.587,1
Olympic Bus Terminus,-1.3126351,36.7778212,2026-08-18 22:00:00,22,1,0,0,50,100,1.0,17,0.3311,1
Ayany Car Park,-1.3090339,36.7757579,2026-08-18 22:00:00,22,1,0,0,50,200,1.0,22,0.4427,1
Westgate Mall Car Park,-1.2566578,36.8035661,2026-08-18 22:00:00,22,1,0,0,50,50,1.0,17,0.3419,1
Student parking,-1.274479,36.805643,2026-08-18 22:00:00,22,1,0,0,50,100,1.0,24,0.4833,1
Kenton Rear Parking,-1.2809847,36.7869545,2026-08-18 22:00:00,22,1,0,0,50,100,1.0,15,0.2988,1
Unnamed Parking,-1.2553877,36.8667692,2026-08-18 22:00:00,22,1,0,0,50,100,1.0,22,0.4384,1
Unnamed Parking,-1.259848,36.8644681,2026-08-18 22:00:00,22,1,0,0,50,100,1.19,17,0.3302,1
Travel House Parking,-1.2861727,36.8214386,2026-08-18 22:00:00,22,1,0,0,50,100,1.18,19,0.3834,1
Lenana Parking Lot Area,-1.2900918,36.800209,2026-08-18 22:00:00,22,1,0,0,50,100,1.0,16,0.3175,1
Unnamed Parking,-1.2944773,36.8101427,2026-08-18 22:00:00,22,1,0,0,50,100,1.0,23,0.4658,1
Parking B,-1.2806414,36.8128716,2026-08-18 22:00:00,22,1,0,0,50,100,1.0,17,0.333,1
MAIN PACKING,-1.2803274,36.8127162,2026-08-18 22:00:00,22,1,0,0,50,100,1.0,22,0.4442,1
YMCA STAFF PARKING,-1.2805756,36.8129968,2026-08-18 22:00:00,22,1,0,0,50,100,1.0,19,0.3725,1
Unnamed Parking,-1.2896057,36.8150615,2026-08-19 06:00:00,6,2,0,0,50,100,1.0,20,0.3908,1
Unnamed Parking,-1.2909796,36.8282672,2026-08-19 06:00:00,6,2,0,0,50,100,1.0,21,0.4118,1
Unnamed Parking,-1.2856445,36.8132893,2026-08-19 06:00:00,6,2,0,0,50,100,1.0,17,0.3391,1
Unnamed Parking,-1.2597359,36.8182597,2026-08-19 06:00:00,6,2,0,0,50,100,1.0,21,0.4168,1
Unnamed Parking,-1.2641049,36.8117123,2026-08-19 06:00:00,6,2,0,0,50,100,1.0,26,0.5224,1
InterContinental Hotel Car Park,-1.2873717,36.8192911,2026-08-19 06:00:00,6,2,0,0,50,300,1.15,17,0.3378,1
Unnamed Parking,-1.25013,36.8202579,2026-08-19 06:00:00,6,2,0,0,50,100,1.16,25,0.4937,1
Olympic Bus Terminus,-1.3126351,36.7778212,2026-08-19 06:00:00,6,2,0,0,50,100,1.0,26,0.5198,1
Ayany Car Park,-1.3090339,36.7757579,2026-08-19 06:00:00,6,2,0,0,50,200,1.0,17,0.3347,1
Westgate Mall Car Park,-1.2566578,36.8035661,2026-08-19 06:00:00,6,2,0,0,50,50,1.0,14,0.2836,1
Student parking,-1.274479,36.805643,2026-08-19 06:00:00,6,2,0,0,50,100,1.0,21,0.4242,1
Kenton Rear Parking,-1.2809847,36.7869545,2026-08-19 06:00:00,6,2,0,0,50,100,1.0,18,0.3562,1
Unnamed Parking,-1.2553877,36.8667692,2026-08-19 06:00:00,6,2,0,0,50,100,1.0,27,0.5495,1
Unnamed Parking,-1.259848,36.8644681,2026-08-19 06:00:00,6,2,0,0,50,100,1.19,20,0.4028,1
Travel House Parking,-1.2861727,36.8214386,2026-08-19 06:00:00,6,2,0,0,50,100,1.18,17,0.3358,1
Lenana Parking Lot Area,-1.2900918,36.800209,2026-08-19 06:00:00,6,2,0,0,50,100,1.0,15,0.3082,1
Unnamed Parking,-1.2944773,36.8101427,2026-08-19 06:00:00,6,2,0,0,50,100,1.0,24,0.4872,1
Parking B,-1.2806414,36.8128716,2026-08-19 06:00:00,6,2,0,0,50,100,1.0,18,0.3543,1
MAIN PACKING,-1.2803274,36.8127162,2026-08-19 06:00:00,6,2,0,0,50,100,1.0,20,0.4035,1
YMCA STAFF PARKING,-1.2805756,36.8129968,2026-08-19 06:00:00,6,2,0,0,50,100,1.0,24,0.4765,1
Unnamed Parking,-1.2896057,36.8150615,2026-08-19 07:00:00,7,2,0,0,50,100,1.0,18,0.3613,1
Unnamed Parking,-1.2909796,36.8282672,2026-08-19 07:00:00,7,2,0,0,50,100,1.0,20,0.3963,1
Unnamed Parking,-1.2856445,36.8132893,2026-08-19 07:00:00,7,2,0,0,50,100,1.0,20,0.3987,1
Unnamed Parking,-1.2597359,36.8182597,2026-08-19 07:00:00,7,2,0,0,50,100,1.0,23,0.4547,1
Unnamed Parking,-1.2641049,36.8117123,2026-08-19 07:00:00,7,2,0,0,50,100,1.0,22,0.4473,1
InterContinental Hotel Car Park,-1.2873717,36.8192911,2026-08-19 07:00:00,7,2,0,0,50,300,1.15,19,0.3824,1
Unnamed Parking,-1.25013,36.8202579,2026-08-19 07:00:00,7,2,0,0,50,100,1.16,20,0.4051,1
Olympic Bus Terminus,-1.3126351,36.7778212,2026-08-19 07:00:00,7,2,0,0,50,100,1.0,19,0.3703,1
Ayany Car Park,-1.3090339,36.7757579,2026-08-19 07:00:00,7,2,0,0,50,200,1.0,14,0.2818,1
Westgate Mall Car Park,-1.2566578,36.8035661,2026-08-19 07:00:00,7,2,0,0,50,50,1.0,21,0.4206,1
Student parking,-1.274479,36.805643,2026-08-19 07:00:00,7,2,0,0,50,100,1.0,28,0.5514,1
Kenton Rear Parking,-1.2809847,36.7869545,2026-08-19 07:00:00,7,2,0,0,50,100,1.0,16,0.3293,1
Unnamed Parking,-1.2553877,36.8667692,2026-08-19 07:00:00,7,2,0,0,50,100,1.0,17,0.3382,1
Unnamed Parking,-1.259848,36.8644681,2026-08-19 07:00:00,7,2,0,0,50,100,1.19,17,0.3303,1
Travel House Parking,-1.2861727,36.8214386,2026-08-19 07:00:00,7,2,0,0,50,100,1.18,23,0.458,1
Lenana Parking Lot Area,-1.2900918,36.800209,2026-08-19 07:00:00,7,2,0,0,50,100,1.0,22,0.4359,1
Unnamed Parking,-1.2944773,36.8101427,2026-08-19 07:00:00,7,2,0,0,50,100,1.0,19,0.3873,1
Parking B,-1.2806414,36.8128716,2026-08-19 07:00:00,7,2,0,0,50,100,1.0,16,0.3266,1
MAIN PACKING,-1.2803274,36.8127162,2026-08-19 07:00:00,7,2,0,0,50,100,1.0,20,0.4074,1
YMCA STAFF PARKING,-1.2805756,36.8129968,2026-08-19 07:00:00,7,2,0,0,50,100,1.0,14,0.2748,1
Unnamed Parking,-1.2896057,36.8150615,2026-08-19 08:00:00,8,2,0,0,50,100,1.0,43,0.8615,1
Unnamed Parking,-1.2909796,36.8282672,2026-08-19 08:00:00,8,2,0,0,50,100,1.0,46,0.9197,1
Unnamed Parking,-1.2856445,36.8132893,2026-08-19 08:00:00,8,2,0,0,50,100,1.0,37,0.7499,1
Unnamed Parking,-1.2597359,36.8182597,2026-08-19 08:00:00,8,2,0,0,50,100,1.0,36,0.7274,1
Unnamed Parking,-1.2641049,36.8117123,2026-08-19 08:00:00,8,2,0,0,50,100,1.0,49,0.9764,0
InterContinental Hotel Car Park,-1.2873717,36.8192911,2026-08-19 08:00:00,8,2,0,0,50,300,1.15,40,0.8011,1
Unnamed Parking,-1.25013,36.8202579,2026-08-19 08:00:00,8,2,0,0,50,100,1.16,47,0.9409,1
Olympic Bus Terminus,-1.3126351,36.7778212,2026-08-19 08:00:00,8,2,0,0,50,100,1.0,42,0.8377,1
Ayany Car Park,-1.3090339,36.7757579,2026-08-19 08:00:00,8,2,0,0,50,200,1.0,42,0.837,1
Westgate Mall Car Park,-1.2566578,36.8035661,2026-08-19 08:00:00,8,2,0,0,50,50,1.0,44,0.8851,1
Student parking,-1.274479,36.805643,2026-08-19 08:00:00,8,2,0,0,50,100,1.0,39,0.7793,1
Kenton Rear Parking,-1.2809847,36.7869545,2026-08-19 08:00:00,8,2,0,0,50,100,1.0,43,0.8606,1
Unnamed Parking,-1.2553877,36.8667692,2026-08-19 08:00:00,8,2,0,0,50,100,1.0,41,0.8195,1
Unnamed Parking,-1.259848,36.8644681,2026-08-19 08:00:00,8,2,0,0,50,100,1.19,37,0.7444,1
Travel House Parking,-1.2861727,36.8214386,2026-08-19 08:00:00,8,2,0,0,50,100,1.18,44,0.877,1
Lenana Parking Lot Area,-1.2900918,36.800209,2026-08-19 08:00:00,8,2,0,0,50,100,1.0,41,0.8289,1
Unnamed Parking,-1.2944773,36.8101427,2026-08-19 08:00:00,8,2,0,0,50,100,1.0,42,0.8374,1
Parking B,-1.2806414,36.8128716,2026-08-19 08:00:00,8,2,0,0,50,100,1.0,38,0.7532,1
MAIN PACKING,-1.2803274,36.8127162,2026-08-19 08:00:00,8,2,0,0,50,100,1.0,49,0.9773,0
YMCA STAFF PARKING,-1.2805756,36.8129968,2026-08-19 08:00:00,8,2,0,0,50,100,1.0,46,0.9201,1
Unnamed Parking,-1.2896057,36.8150615,2026-08-19 09:00:00,9,2,0,0,50,100,1.0,46,0.9271,1
Unnamed Parking,-1.2909796,36.8282672,2026-08-19 09:00:00,9,2,0,0,50,100,1.0,41,0.8256,1
Unnamed Parking,-1.2856445,36.8132893,2026-08-19 09:00:00,9,2,0,0,50,100,1.0,36,0.7117,1
Unnamed Parking,-1.2597359,36.8182597,2026-08-19 09:00:00,9,2,0,0,50,100,1.0,50,1.0,0
Unnamed Parking,-1.2641049,36.8117123,2026-08-19 09:00:00,9,2,0,0,50,100,1.0,42,0.8451,1
InterContinental Hotel Car Park,-1.2873717,36.8192911,2026-08-19 09:00:00,9,2,0,0,50,300,1.15,40,0.7901,1
Unnamed Parking,-1.25013,36.8202579,2026-08-19 09:00:00,9,2,0,0,50,100,1.16,44,0.8833,1
Olympic Bus Terminus,-1.3126351,36.7778212,2026-08-19 09:00:00,9,2,0,0,50,100,1.0,47,0.9434,1
Ayany Car Park,-1.3090339,36.7757579,2026-08-19 09:00:00,9,2,0,0,50,200,1.0,42,0.8482,1
Westgate Mall Car Park,-1.2566578,36.8035661,2026-08-19 09:00:00,9,2,0,0,50,50,1.0,48,0.9523,0
Student parking,-1.274479,36.805643,2026-08-19 09:00:00,9,2,0,0,50,100,1.0,47,0.9366,1
Kenton Rear Parking,-1.2809847,36.7869545,2026-08-19 09:00:00,9,2,0,0,50,100,1.0,38,0.7639,1
Unnamed Parking,-1.2553877,36.8667692,2026-08-19 09:00:00,9,2,0,0,50,100,1.0,40,0.7961,1
Unnamed Parking,-1.259848,36.8644681,2026-08-19 09:00:00,9,2,0,0,50,100,1.19,46,0.9266,1
Travel House Parking,-1.2861727,36.8214386,2026-08-19 09:00:00,9,2,0,0,50,100,1.18,32,0.633,1
Lenana Parking Lot Area,-1.2900918,36.800209,2026-08-19 09:00:00,9,2,0,0,50,100,1.0,42,0.838,1
Unnamed Parking,-1.2944773,36.8101427,2026-08-19 09:00:00,9,2,0,0,50,100,1.0,37,0.7355,1
Parking B,-1.2806414,36.8128716,2026-08-19 09:00:00,9,2,0,0,50,100,1.0,41,0.8119,1
MAIN PACKING,-1.2803274,36.8127162,2026-08-19 09:00:00,9,2,0,0,50,100,1.0,41,0.8261,1
YMCA STAFF PARKING,-1.2805756,36.8129968,2026-08-19 09:00:00,9,2,0,0,50,100,1.0,41,0.8213,1
Unnamed Parking,-1.2896057,36.8150615,2026-08-19 10:00:00,10,2,0,0,50,100,1.0,40,0.8058,1
Unnamed Parking,-1.2909796,36.8282672,2026-08-19 10:00:00,10,2,0,0,50,100,1.0,38,0.7622,1
Unnamed Parking,-1.2856445,36.8132893,2026-08-19 10:00:00,10,2,0,0,50,100,1.0,50,1.0,0
Unnamed Parking,-1.2597359,36.8182597,2026-08-19 10:00:00,10,2,0,0,50,100,1.0,50,0.9994,0
Unnamed Parking,-1.2641049,36.8117123,2026-08-19 10:00:00,10,2,0,0,50,100,1.0,38,0.757,1
InterContinental Hotel Car Park,-1.2873717,36.8192911,2026-08-19 10:00:00,10,2,0,0,50,300,1.15,49,0.9766,0
Unnamed Parking,-1.25013,36.8202579,2026-08-19 10:00:00,10,2,0,0,50,100,1.16,41,0.818,1
Olympic Bus Terminus,-1.3126351,36.7778212,2026-08-19 10:00:00,10,2,0,0,50,100,1.0,43,0.8603,1
Ayany Car Park,-1.3090339,36.7757579,2026-08-19 10:00:00,10,2,0,0,50,200,1.0,42,0.8449,1
Westgate Mall Car Park,-1.2566578,36.8035661,2026-08-19 10:00:00,10,2,0,0,50,50,1.0,40,0.7972,1
Student parking,-1.274479,36.805643,2026-08-19 10:00:00,10,2,0,0,50,100,1.0,46,0.9287,1
Kenton Rear Parking,-1.2809847,36.7869545,2026-08-19 10:00:00,10,2,0,0,50,100,1.0,43,0.8601,1
Unnamed Parking,-1.2553877,36.8667692,2026-08-19 10:00:00,10,2,0,0,50,100,1.0,41,0.8119,1
Unnamed Parking,-1.259848,36.8644681,2026-08-19 10:00:00,10,2,0,0,50,100,1.19,37,0.7456,1
Travel House Parking,-1.2861727,36.8214386,2026-08-19 10:00:00,10,2,0,0,50,100,1.18,39,0.7785,1
Lenana Parking Lot Area,-1.2900918,36.800209,2026-08-19 10:00:00,10,2,0,0,50,100,1.0,36,0.7187,1
Unnamed Parking,-1.2944773,36.8101427,2026-08-19 10:00:00,10,2,0,0,50,100,1.0,43,0.851,1
Parking B,-1.2806414,36.8128716,2026-08-19 10:00:00,10,2,0,0,50,100,1.0,38,0.7543,1
MAIN PACKING,-1.2803274,36.8127162,2026-08-19 10:00:00,10,2,0,0,50,100,1.0,41,0.8288,1
YMCA STAFF PARKING,-1.2805756,36.8129968,2026-08-19 10:00:00,10,2,0,0,50,100,1.0,48,0.9596,0
Unnamed Parking,-1.2896057,36.8150615,2026-08-19 11:00:00,11,2,0,0,50,100,1.0,47,0.9459,1
Unnamed Parking,-1.2909796,36.8282672,2026-08-19 11:00:00,11,2,0,0,50,100,1.0,42,0.8474,1
Unnamed Parking,-1.2856445,36.8132893,2026-08-19 11:00:00,11,2,0,0,50,100,1.0,42,0.843,1
Unnamed Parking,-1.2597359,36.8182597,2026-08-19 11:00:00,11,2,0,0,50,100,1.0,50,1.0,0
Unnamed Parking,-1.2641049,36.8117123,2026-08-19 11:00:00,11,2,0,0,50,100,1.0,45,0.8917,1
InterContinental Hotel Car Park,-1.2873717,36.8192911,2026-08-19 11:00:00,11,2,0,0,50,300,1.15,41,0.8238,1
Unnamed Parking,-1.25013,36.8202579,2026-08-19 11:00:00,11,2,0,0,50,100,1.16,37,0.7359,1
Olympic Bus Terminus,-1.3126351,36.7778212,2026-08-19 11:00:00,11,2,0,0,50,100,1.0,44,0.8815,1
Ayany Car Park,-1.3090339,36.7757579,2026-08-19 11:00:00,11,2,0,0,50,200,1.0,46,0.9163,1
Westgate Mall Car Park,-1.2566578,36.8035661,2026-08-19 11:00:00,11,2,0,0,50,50,1.0,40,0.7995,1
Student parking,-1.274479,36.805643,2026-08-19 11:00:00,11,2,0,0,50,100,1.0,44,0.8733,1
Kenton Rear Parking,-1.2809847,36.7869545,2026-08-19 11:00:00,11,2,0,0,50,100,1.0,41,0.8209,1
Unnamed Parking,-1.2553877,36.8667692,2026-08-19 11:00:00,11,2,0,0,50,100,1.0,42,0.8353,1
Unnamed Parking,-1.259848,36.8644681,2026-08-19 11:00:00,11,2,0,0,50,100,1.19,33,0.651,1
Travel House Parking,-1.2861727,36.8214386,2026-08-19 11:00:00,11,2,0,0,50,100,1.18,42,0.8323,1
Lenana Parking Lot Area,-1.2900918,36.800209,2026-08-19 11:00:00,11,2,0,0,50,100,1.0,46,0.9275,1
Unnamed Parking,-1.2944773,36.8101427,2026-08-19 11:00:00,11,2,0,0,50,100,1.0,40,0.7995,1
Parking B,-1.2806414,36.8128716,2026-08-19 11:00:00,11,2,0,0,50,100,1.0,43,0.8542,1
MAIN PACKING,-1.2803274,36.8127162,2026-08-19 11:00:00,11,2,0,0,50,100,1.0,39,0.7895,1
YMCA STAFF PARKING,-1.2805756,36.8129968,2026-08-19 11:00:00,11,2,0,0,50,100,1.0,44,0.8788,1
Unnamed Parking,-1.2896057,36.8150615,2026-08-19 12:00:00,12,2,0,0,50,100,1.0,34,0.6827,1
Unnamed Parking,-1.2909796,36.8282672,2026-08-19 12:00:00,12,2,0,0,50,100,1.0,31,0.6249,1
Unnamed Parking,-1.2856445,36.8132893,2026-08-19 12:00:00,12,2,0,0,50,100,1.0,40,0.8066,1
Unnamed Parking,-1.2597359,36.8182597,2026-08-19 12:00:00,12,2,0,0,50,100,1.0,39,0.7743,1
Unnamed Parking,-1.2641049,36.8117123,2026-08-19 12:00:00,12,2,0,0,50,100,1.0,33,0.6516,1
InterContinental Hotel Car Park,-1.2873717,36.8192911,2026-08-19 12:00:00,12,2,0,0,50,300,1.15,37,0.7398,1
Unnamed Parking,-1.25013,36.8202579,2026-08-19 12:00:00,12,2,0,0,50,100,1.16,37,0.743,1
Olympic Bus Terminus,-1.3126351,36.7778212,2026-08-19 12:00:00,12,2,0,0,50,100,1.0,38,0.7514,1
Ayany Car Park,-1.3090339,36.7757579,2026-08-19 12:00:00,12,2,0,0,50,200,1.0,28,0.5645,1
Westgate Mall Car Park,-1.2566578,36.8035661,2026-08-19 12:00:00,12,2,0,0,50,50,1.0,39,0.7805,1
Student parking,-1.274479,36.805643,2026-08-19 12:00:00,12,2,0,0,50,100,1.0,33,0.6544,1
Kenton Rear Parking,-1.2809847,36.7869545,2026-08-19 12:00:00,12,2,0,0,50,100,1.0,34,0.6714,1
Unnamed Parking,-1.2553877,36.8667692,2026-08-19 12:00:00,12,2,0,0,50,100,1.0,46,0.911,1
Unnamed Parking,-1.259848,36.8644681,2026-08-19 12:00:00,12,2,0,0,50,100,1.19,36,0.7241,1
Travel House Parking,-1.2861727,36.8214386,2026-08-19 12:00:00,12,2,0,0,50,100,1.18,33,0.6691,1
Lenana Parking Lot Area,-1.2900918,36.800209,2026-08-19 12:00:00,12,2,0,0,50,100,1.0,26,0.5236,1
Unnamed Parking,-1.2944773,36.8101427,2026-08-19 12:00:00,12,2,0,0,50,100,1.0,41,0.8112,1
Parking B,-1.2806414,36.8128716,2026-08-19 12:00:00,12,2,0,0,50,100,1.0,30,0.5924,1
MAIN PACKING,-1.2803274,36.8127162,2026-08-19 12:00:00,12,2,0,0,50,100,1.0,31,0.6197,1
YMCA STAFF PARKING,-1.2805756,36.8129968,2026-08-19 12:00:00,12,2,0,0,50,100,1.0,34,0.6735,1
Unnamed Parking,-1.2896057,36.8150615,2026-08-19 13:00:00,13,2,0,0,50,100,1.0,48,0.9633,0
Unnamed Parking,-1.2909796,36.8282672,2026-08-19 13:00:00,13,2,0,0,50,100,1.0,46,0.9119,1
Unnamed Parking,-1.2856445,36.8132893,2026-08-19 13:00:00,13,2,0,0,50,100,1.0,42,0.8374,1
Unnamed Parking,-1.2597359,36.8182597,2026-08-19 13:00:00,13,2,0,0,50,100,1.0,44,0.8747,1
Unnamed Parking,-1.2641049,36.8117123,2026-08-19 13:00:00,13,2,0,0,50,100,1.0,40,0.802,1
InterContinental Hotel Car Park,-1.2873717,36.8192911,2026-08-19 13:00:00,13,2,0,0,50,300,1.15,43,0.8612,1
Unnamed Parking,-1.25013,36.8202579,2026-08-19 13:00:00,13,2,0,0,50,100,1.16,43,0.8559,1
Olympic Bus Terminus,-1.3126351,36.7778212,2026-08-19 13:00:00,13,2,0,0,50,100,1.0,46,0.9275,1
Ayany Car Park,-1.3090339,36.7757579,2026-08-19 13:00:00,13,2,0,0,50,200,1.0,46,0.9274,1
Westgate Mall Car Park,-1.2566578,36.8035661,2026-08-19 13:00:00,13,2,0,0,50,50,1.0,44,0.8895,1
Student parking,-1.274479,36.805643,2026-08-19 13:00:00,13,2,0,0,50,100,1.0,41,0.821,1
Kenton Rear Parking,-1.2809847,36.7869545,2026-08-19 13:00:00,13,2,0,0,50,100,1.0,45,0.9093,1
Unnamed Parking,-1.2553877,36.8667692,2026-08-19 13:00:00,13,2,0,0,50,100,1.0,42,0.8426,1
Unnamed Parking,-1.259848,36.8644681,2026-08-19 13:00:00,13,2,0,0,50,100,1.19,38,0.7634,1
Travel House Parking,-1.2861727,36.8214386,2026-08-19 13:00:00,13,2,0,0,50,100,1.18,41,0.8177,1
Lenana Parking Lot Area,-1.2900918,36.800209,2026-08-19 13:00:00,13,2,0,0,50,100,1.0,43,0.8568,1
Unnamed Parking,-1.2944773,36.8101427,2026-08-19 13:00:00,13,2,0,0,50,100,1.0,46,0.9228,1
Parking B,-1.2806414,36.8128716,2026-08-19 13:00:00,13,2,0,0,50,100,1.0,42,0.8353,1
MAIN PACKING,-1.2803274,36.8127162,2026-08-19 13:00:00,13,2,0,0,50,100,1.0,38,0.7533,1
YMCA STAFF PARKING,-1.2805756,36.8129968,2026-08-19 13:00:00,13,2,0,0,50,100,1.0,43,0.8545,1
Unnamed Parking,-1.2896057,36.8150615,2026-08-19 14:00:00,14,2,0,0,50,100,1.0,43,0.8591,1
Unnamed Parking,-1.2909796,36.8282672,2026-08-19 14:00:00,14,2,0,0,50,100,1.0,43,0.8649,1
Unnamed Parking,-1.2856445,36.8132893,2026-08-19 14:00:00,14,2,0,0,50,100,1.0,46,0.9236,1
Unnamed Parking,-1.2597359,36.8182597,2026-08-19 14:00:00,14,2,0,0,50,100,1.0,47,0.9315,1
Unnamed Parking,-1.2641049,36.8117123,2026-08-19 14:00:00,14,2,0,0,50,100,1.0,40,0.8025,1
InterContinental Hotel Car Park,-1.2873717,36.8192911,2026-08-19 14:00:00,14,2,0,0,50,300,1.15,40,0.8007,1
Unnamed Parking,-1.25013,36.8202579,2026-08-19 14:00:00,14,2,0,0,50,100,1.16,38,0.7668,1
Olympic Bus Terminus,-1.3126351,36.7778212,2026-08-19 14:00:00,14,2,0,0,50,100,1.0,45,0.9059,1
Ayany Car Park,-1.3090339,36.7757579,2026-08-19 14:00:00,14,2,0,0,50,200,1.0,48,0.9659,0
Westgate Mall Car Park,-1.2566578,36.8035661,2026-08-19 14:00:00,14,2,0,0,50,50,1.0,41,0.8248,1
Student parking,-1.274479,36.805643,2026-08-19 14:00:00,14,2,0,0,50,100,1.0,42,0.8307,1
Kenton Rear Parking,-1.2809847,36.7869545,2026-08-19 14:00:00,14,2,0,0,50,100,1.0,48,0.9673,0
Unnamed Parking,-1.2553877,36.8667692,2026-08-19 14:00:00,14,2,0,0,50,100,1.0,45,0.8904,1
Unnamed Parking,-1.259848,36.8644681,2026-08-19 14:00:00,14,2,0,0,50,100,1.19,44,0.8849,1
Travel House Parking,-1.2861727,36.8214386,2026-08-19 14:00:00,14,2,0,0,50,100,1.18,38,0.7547,1
Lenana Parking Lot Area,-1.2900918,36.800209,2026-08-19 14:00:00,14,2,0,0,50,100,1.0,45,0.9043,1
Unnamed Parking,-1.2944773,36.8101427,2026-08-19 14:00:00,14,2,0,0,50,100,1.0,39,0.7757,1
Parking B,-1.2806414,36.8128716,2026-08-19 14:00:00,14,2,0,0,50,100,1.0,38,0.7593,1
MAIN PACKING,-1.2803274,36.8127162,2026-08-19 14:00:00,14,2,0,0,50,100,1.0,41,0.8223,1
YMCA STAFF PARKING,-1.2805756,36.8129968,2026-08-19 14:00:00,14,2,0,0,50,100,1.0,40,0.8031,1
Unnamed Parking,-1.2896057,36.8150615,2026-08-19 15:00:00,15,2,0,0,50,100,1.0,42,0.8323,1
Unnamed Parking,-1.2909796,36.8282672,2026-08-19 15:00:00,15,2,0,0,50,100,1.0,37,0.7347,1
Unnamed Parking,-1.2856445,36.8132893,2026-08-19 15:00:00,15,2,0,0,50,100,1.0,46,0.9267,1
Unnamed Parking,-1.2597359,36.8182597,2026-08-19 15:00:00,15,2,0,0,50,100,1.0,47,0.9402,1
Unnamed Parking,-1.2641049,36.8117123,2026-08-19 15:00:00,15,2,0,0,50,100,1.0,35,0.6942,1
InterContinental Hotel Car Park,-1.2873717,36.8192911,2026-08-19 15:00:00,15,2,0,0,50,300,1.15,46,0.9283,1
Unnamed Parking,-1.25013,36.8202579,2026-08-19 15:00:00,15,2,0,0,50,100,1.16,39,0.7852,1
Olympic Bus Terminus,-1.3126351,36.7778212,2026-08-19 15:00:00,15,2,0,0,50,100,1.0,46,0.9186,1
Ayany Car Park,-1.3090339,36.7757579,2026-08-19 15:00:00,15,2,0,0,50,200,1.0,42,0.8445,1
Westgate Mall Car Park,-1.2566578,36.8035661,2026-08-19 15:00:00,15,2,0,0,50,50,1.0,43,0.8523,1
Student parking,-1.274479,36.805643,2026-08-19 15:00:00,15,2,0,0,50,100,1.0,42,0.8352,1
Kenton Rear Parking,-1.2809847,36.7869545,2026-08-19 15:00:00,15,2,0,0,50,100,1.0,47,0.947,1
Unnamed Parking,-1.2553877,36.8667692,2026-08-19 15:00:00,15,2,0,0,50,100,1.0,38,0.7508,1
Unnamed Parking,-1.259848,36.8644681,2026-08-19 15:00:00,15,2,0,0,50,100,1.19,45,0.8986,1
Travel House Parking,-1.2861727,36.8214386,2026-08-19 15:00:00,15,2,0,0,50,100,1.18,47,0.9381,1
Lenana Parking Lot Area,-1.2900918,36.800209,2026-08-19 15:00:00,15,2,0,0,50,100,1.0,45,0.9073,1
Unnamed Parking,-1.2944773,36.8101427,2026-08-19 15:00:00,15,2,0,0,50,100,1.0,50,1.0,0
Parking B,-1.2806414,36.8128716,2026-08-19 15:00:00,15,2,0,0,50,100,1.0,40,0.8077,1
MAIN PACKING,-1.2803274,36.8127162,2026-08-19 15:00:00,15,2,0,0,50,100,1.0,46,0.9266,1
YMCA STAFF PARKING,-1.2805756,36.8129968,2026-08-19 15:00:00,15,2,0,0,50,100,1.0,42,0.8415,1
Unnamed Parking,-1.2896057,36.8150615,2026-08-19 16:00:00,16,2,0,0,50,100,1.0,47,0.9487,1
Unnamed Parking,-1.2909796,36.8282672,2026-08-19 16:00:00,16,2,0,0,50,100,1.0,42,0.8494,1
Unnamed Parking,-1.2856445,36.8132893,2026-08-19 16:00:00,16,2,0,0,50,100,1.0,41,0.819,1
Unnamed Parking,-1.2597359,36.8182597,2026-08-19 16:00:00,16,2,0,0,50,100,1.0,48,0.9545,0
Unnamed Parking,-1.2641049,36.8117123,2026-08-19 16:00:00,16,2,0,0,50,100,1.0,41,0.8107,1
InterContinental Hotel Car Park,-1.2873717,36.8192911,2026-08-19 16:00:00,16,2,0,0,50,300,1.15,37,0.737,1
Unnamed Parking,-1.25013,36.8202579,2026-08-19 16:00:00,16,2,0,0,50,100,1.16,40,0.8087,1
Olympic Bus Terminus,-1.3126351,36.7778212,2026-08-19 16:00:00,16,2,0,0,50,100,1.0,45,0.8995,1
Ayany Car Park,-1.3090339,36.7757579,2026-08-19 16:00:00,16,2,0,0,50,200,1.0,48,0.9614,0
Westgate Mall Car Park,-1.2566578,36.8035661,2026-08-19 16:00:00,16,2,0,0,50,50,1.0,43,0.8589,1
Student parking,-1.274479,36.805643,2026-08-19 16:00:00,16,2,0,0,50,100,1.0,48,0.9555,0
Kenton Rear Parking,-1.2809847,36.7869545,2026-08-19 16:00:00,16,2,0,0,50,100,1.0,37,0.7413,1
Unnamed Parking,-1.2553877,36.8667692,2026-08-19 16:00:00,16,2,0,0,50,100,1.0,41,0.8145,1
Unnamed Parking,-1.259848,36.8644681,2026-08-19 16:00:00,16,2,0,0,50,100,1.19,41,0.8269,1
Travel House Parking,-1.2861727,36.8214386,2026-08-19 16:00:00,16,2,0,0,50,100,1.18,42,0.8408,1
Lenana Parking Lot Area,-1.2900918,36.800209,2026-08-19 16:00:00,16,2,0,0,50,100,1.0,43,0.8567,1
Unnamed Parking,-1.2944773,36.8101427,2026-08-19 16:00:00,16,2,0,0,50,100,1.0,45,0.9053,1
Parking B,-1.2806414,36.8128716,2026-08-19 16:00:00,16,2,0,0,50,100,1.0,41,0.8144,1
MAIN PACKING,-1.2803274,36.8127162,2026-08-19 16:00:00,16,2,0,0,50,100,1.0,43,0.8611,1
YMCA STAFF PARKING,-1.2805756,36.8129968,2026-08-19 16:00:00,16,2,0,0,50,100,1.0,42,0.8464,1
Unnamed Parking,-1.2896057,36.8150615,2026-08-19 17:00:00,17,2,0,0,50,100,1.0,31,0.6259,1
Unnamed Parking,-1.2909796,36.8282672,2026-08-19 17:00:00,17,2,0,0,50,100,1.0,35,0.6909,1
Unnamed Parking,-1.2856445,36.8132893,2026-08-19 17:00:00,17,2,0,0,50,100,1.0,34,0.6885,1
Unnamed Parking,-1.2597359,36.8182597,2026-08-19 17:00:00,17,2,0,0,50,100,1.0,34,0.6868,1
Unnamed Parking,-1.2641049,36.8117123,2026-08-19 17:00:00,17,2,0,0,50,100,1.0,35,0.7025,1
InterContinental Hotel Car Park,-1.2873717,36.8192911,2026-08-19 17:00:00,17,2,0,0,50,300,1.15,35,0.7061,1
Unnamed Parking,-1.25013,36.8202579,2026-08-19 17:00:00,17,2,0,0,50,100,1.16,33,0.6654,1
Olympic Bus Terminus,-1.3126351,36.7778212,2026-08-19 17:00:00,17,2,0,0,50,100,1.0,40,0.8018,1
Ayany Car Park,-1.3090339,36.7757579,2026-08-19 17:00:00,17,2,0,0,50,200,1.0,30,0.6064,1
Westgate Mall Car Park,-1.2566578,36.8035661,2026-08-19 17:00:00,17,2,0,0,50,50,1.0,32,0.6423,1
Student parking,-1.274479,36.805643,2026-08-19 17:00:00,17,2,0,0,50,100,1.0,46,0.9224,1
Kenton Rear Parking,-1.2809847,36.7869545,2026-08-19 17:00:00,17,2,0,0,50,100,1.0,31,0.617,1
Unnamed Parking,-1.2553877,36.8667692,2026-08-19 17:00:00,17,2,0,0,50,100,1.0,30,0.5917,1
Unnamed Parking,-1.259848,36.8644681,2026-08-19 17:00:00,17,2,0,0,50,100,1.19,38,0.7588,1
Travel House Parking,-1.2861727,36.8214386,2026-08-19 17:00:00,17,2,0,0,50,100,1.18,27,0.5338,1
Lenana Parking Lot Area,-1.2900918,36.800209,2026-08-19 17:00:00,17,2,0,0,50,100,1.0,34,0.6812,1
Unnamed Parking,-1.2944773,36.8101427,2026-08-19 17:00:00,17,2,0,0,50,100,1.0,44,0.8717,1
Parking B,-1.2806414,36.8128716,2026-08-19 17:00:00,17,2,0,0,50,100,1.0,29,0.5764,1
MAIN PACKING,-1.2803274,36.8127162,2026-08-19 17:00:00,17,2,0,0,50,100,1.0,27,0.5414,1
YMCA STAFF PARKING,-1.2805756,36.8129968,2026-08-19 17:00:00,17,2,0,0,50,100,1.0,29,0.5801,1
Unnamed Parking,-1.2896057,36.8150615,2026-08-19 18:00:00,18,2,0,0,50,100,1.0,39,0.7719,1
Unnamed Parking,-1.2909796,36.8282672,2026-08-19 18:00:00,18,2,0,0,50,100,1.0,39,0.79,1
Unnamed Parking,-1.2856445,36.8132893,2026-08-19 18:00:00,18,2,0,0,50,100,1.0,33,0.659,1
Unnamed Parking,-1.2597359,36.8182597,2026-08-19 18:00:00,18,2,0,0,50,100,1.0,38,0.7547,1
Unnamed Parking,-1.2641049,36.8117123,2026-08-19 18:00:00,18,2,0,0,50,100,1.0,41,0.8112,1
InterContinental Hotel Car Park,-1.2873717,36.8192911,2026-08-19 18:00:00,18,2,0,0,50,300,1.15,42,0.843,1
Unnamed Parking,-1.25013,36.8202579,2026-08-19 18:00:00,18,2,0,0,50,100,1.16,34,0.6803,1
Olympic Bus Terminus,-1.3126351,36.7778212,2026-08-19 18:00:00,18,2,0,0,50,100,1.0,26,0.5159,1
Ayany Car Park,-1.3090339,36.7757579,2026-08-19 18:00:00,18,2,0,0,50,200,1.0,32,0.6343,1
Westgate Mall Car Park,-1.2566578,36.8035661,2026-08-19 18:00:00,18,2,0,0,50,50,1.0,33,0.6659,1
Student parking,-1.274479,36.805643,2026-08-19 18:00:00,18,2,0,0,50,100,1.0,34,0.6793,1
Kenton Rear Parking,-1.2809847,36.7869545,2026-08-19 18:00:00,18,2,0,0,50,100,1.0,34,0.685,1
Unnamed Parking,-1.2553877,36.8667692,2026-08-19 18:00:00,18,2,0,0,50,100,1.0,39,0.7895,1
Unnamed Parking,-1.259848,36.8644681,2026-08-19 18:00:00,18,2,0,0,50,100,1.19,40,0.802,1
Travel House Parking,-1.2861727,36.8214386,2026-08-19 18:00:00,18,2,0,0,50,100,1.18,34,0.6863,1
Lenana Parking Lot Area,-1.2900918,36.800209,2026-08-19 18:00:00,18,2,0,0,50,100,1.0,39,0.7879,1
Unnamed Parking,-1.2944773,36.8101427,2026-08-19 18:00:00,18,2,0,0,50,100,1.0,36,0.7286,1
Parking B,-1.2806414,36.8128716,2026-08-19 18:00:00,18,2,0,0,50,100,1.0,35,0.7052,1
MAIN PACKING,-1.2803274,36.8127162,2026-08-19 18:00:00,18,2,0,0,50,100,1.0,39,0.7725,1
YMCA STAFF PARKING,-1.2805756,36.8129968,2026-08-19 18:00:00,18,2,0,0,50,100,1.0,35,0.7058,1
Unnamed Parking,-1.2896057,36.8150615,2026-08-19 19:00:00,19,2,0,0,50,100,1.0,28,0.5646,1
Unnamed Parking,-1.2909796,36.8282672,2026-08-19 19:00:00,19,2,0,0,50,100,1.0,14,0.2849,1
Unnamed Parking,-1.2856445,36.8132893,2026-08-19 19:00:00,19,2,0,0,50,100,1.0,18,0.3588,1
Unnamed Parking,-1.2597359,36.8182597,2026-08-19 19:00:00,19,2,0,0,50,100,1.0,19,0.3899,1
Unnamed Parking,-1.2641049,36.8117123,2026-08-19 19:00:00,19,2,0,0,50,100,1.0,22,0.4352,1
InterContinental Hotel Car Park,-1.2873717,36.8192911,2026-08-19 19:00:00,19,2,0,0,50,300,1.15,25,0.5014,1
Unnamed Parking,-1.25013,36.8202579,2026-08-19 19:00:00,19,2,0,0,50,100,1.16,20,0.398,1
Olympic Bus Terminus,-1.3126351,36.7778212,2026-08-19 19:00:00,19,2,0,0,50,100,1.0,14,0.2862,1
Ayany Car Park,-1.3090339,36.7757579,2026-08-19 19:00:00,19,2,0,0,50,200,1.0,23,0.4674,1
Westgate Mall Car Park,-1.2566578,36.8035661,2026-08-19 19:00:00,19,2,0,0,50,50,1.0,23,0.4604,1
Student parking,-1.274479,36.805643,2026-08-19 19:00:00,19,2,0,0,50,100,1.0,12,0.2447,1
Kenton Rear Parking,-1.2809847,36.7869545,2026-08-19 19:00:00,19,2,0,0,50,100,1.0,20,0.3997,1
Unnamed Parking,-1.2553877,36.8667692,2026-08-19 19:00:00,19,2,0,0,50,100,1.0,14,0.2728,1
Unnamed Parking,-1.259848,36.8644681,2026-08-19 19:00:00,19,2,0,0,50,100,1.19,17,0.3468,1
Travel House Parking,-1.2861727,36.8214386,2026-08-19 19:00:00,19,2,0,0,50,100,1.18,16,0.3278,1
Lenana Parking Lot Area,-1.2900918,36.800209,2026-08-19 19:00:00,19,2,0,0,50,100,1.0,23,0.4647,1
Unnamed Parking,-1.2944773,36.8101427,2026-08-19 19:00:00,19,2,0,0,50,100,1.0,20,0.4093,1
Parking B,-1.2806414,36.8128716,2026-08-19 19:00:00,19,2,0,0,50,100,1.0,15,0.2972,1
MAIN PACKING,-1.2803274,36.8127162,2026-08-19 19:00:00,19,2,0,0,50,100,1.0,24,0.4704,1
YMCA STAFF PARKING,-1.2805756,36.8129968,2026-08-19 19:00:00,19,2,0,0,50,100,1.0,14,0.2853,1
Unnamed Parking,-1.2896057,36.8150615,2026-08-19 20:00:00,20,2,0,0,50,100,1.0,21,0.4264,1
Unnamed Parking,-1.2909796,36.8282672,2026-08-19 20:00:00,20,2,0,0,50,100,1.0,17,0.3349,1
Unnamed Parking,-1.2856445,36.8132893,2026-08-19 20:00:00,20,2,0,0,50,100,1.0,19,0.3707,1
Unnamed Parking,-1.2597359,36.8182597,2026-08-19 20:00:00,20,2,0,0,50,100,1.0,22,0.4403,1
Unnamed Parking,-1.2641049,36.8117123,2026-08-19 20:00:00,20,2,0,0,50,100,1.0,22,0.4417,1
InterContinental Hotel Car Park,-1.2873717,36.8192911,2026-08-19 20:00:00,20,2,0,0,50,300,1.15,25,0.507,1
Unnamed Parking,-1.25013,36.8202579,2026-08-19 20:00:00,20,2,0,0,50,100,1.16,20,0.3934,1
Olympic Bus Terminus,-1.3126351,36.7778212,2026-08-19 20:00:00,20,2,0,0,50,100,1.0,21,0.4245,1
Ayany Car Park,-1.3090339,36.7757579,2026-08-19 20:00:00,20,2,0,0,50,200,1.0,18,0.365,1
Westgate Mall Car Park,-1.2566578,36.8035661,2026-08-19 20:00:00,20,2,0,0,50,50,1.0,21,0.4146,1
Student parking,-1.274479,36.805643,2026-08-19 20:00:00,20,2,0,0,50,100,1.0,22,0.4352,1
Kenton Rear Parking,-1.2809847,36.7869545,2026-08-19 20:00:00,20,2,0,0,50,100,1.0,20,0.3921,1
Unnamed Parking,-1.2553877,36.8667692,2026-08-19 20:00:00,20,2,0,0,50,100,1.0,13,0.2557,1
Unnamed Parking,-1.259848,36.8644681,2026-08-19 20:00:00,20,2,0,0,50,100,1.19,21,0.4265,1
Travel House Parking,-1.2861727,36.8214386,2026-08-19 20:00:00,20,2,0,0,50,100,1.18,21,0.4292,1
Lenana Parking Lot Area,-1.2900918,36.800209,2026-08-19 20:00:00,20,2,0,0,50,100,1.0,17,0.3456,1
Unnamed Parking,-1.2944773,36.8101427,2026-08-19 20:00:00,20,2,0,0,50,100,1.0,15,0.2972,1
Parking B,-1.2806414,36.8128716,2026-08-19 20:00:00,20,2,0,0,50,100,1.0,26,0.5181,1
MAIN PACKING,-1.2803274,36.8127162,2026-08-19 20:00:00,20,2,0,0,50,100,1.0,22,0.4393,1
YMCA STAFF PARKING,-1.2805756,36.8129968,2026-08-19 20:00:00,20,2,0,0,50,100,1.0,19,0.3817,1
Unnamed Parking,-1.2896057,36.8150615,2026-08-19 21:00:00,21,2,0,0,50,100,1.0,15,0.309,1
Unnamed Parking,-1.2909796,36.8282672,2026-08-19 21:00:00,21,2,0,0,50,100,1.0,17,0.3343,1
Unnamed Parking,-1.2856445,36.8132893,2026-08-19 21:00:00,21,2,0,0,50,100,1.0,25,0.5042,1
Unnamed Parking,-1.2597359,36.8182597,2026-08-19 21:00:00,21,2,0,0,50,100,1.0,21,0.411,1
Unnamed Parking,-1.2641049,36.8117123,2026-08-19 21:00:00,21,2,0,0,50,100,1.0,18,0.356,1
InterContinental Hotel Car Park,-1.2873717,36.8192911,2026-08-19 21:00:00,21,2,0,0,50,300,1.15,22,0.4408,1
Unnamed Parking,-1.25013,36.8202579,2026-08-19 21:00:00,21,2,0,0,50,100,1.16,17,0.3348,1
Olympic Bus Terminus,-1.3126351,36.7778212,2026-08-19 21:00:00,21,2,0,0,50,100,1.0,26,0.5201,1
Ayany Car Park,-1.3090339,36.7757579,2026-08-19 21:00:00,21,2,0,0,50,200,1.0,25,0.5082,1
Westgate Mall Car Park,-1.2566578,36.8035661,2026-08-19 21:00:00,21,2,0,0,50,50,1.0,18,0.3627,1
Student parking,-1.274479,36.805643,2026-08-19 21:00:00,21,2,0,0,50,100,1.0,17,0.3497,1
Kenton Rear Parking,-1.2809847,36.7869545,2026-08-19 21:00:00,21,2,0,0,50,100,1.0,10,0.1905,1
Unnamed Parking,-1.2553877,36.8667692,2026-08-19 21:00:00,21,2,0,0,50,100,1.0,14,0.2815,1
Unnamed Parking,-1.259848,36.8644681,2026-08-19 21:00:00,21,2,0,0,50,100,1.19,15,0.2928,1
Travel House Parking,-1.2861727,36.8214386,2026-08-19 21:00:00,21,2,0,0,50,100,1.18,21,0.4108,1
Lenana Parking Lot Area,-1.2900918,36.800209,2026-08-19 21:00:00,21,2,0,0,50,100,1.0,19,0.3739,1
Unnamed Parking,-1.2944773,36.8101427,2026-08-19 21:00:00,21,2,0,0,50,100,1.0,15,0.2924,1
Parking B,-1.2806414,36.8128716,2026-08-19 21:00:00,21,2,0,0,50,100,1.0,19,0.3775,1
MAIN PACKING,-1.2803274,36.8127162,2026-08-19 21:00:00,21,2,0,0,50,100,1.0,22,0.4404,1
YMCA STAFF PARKING,-1.2805756,36.8129968,2026-08-19 21:00:00,21,2,0,0,50,100,1.0,22,0.4422,1
Unnamed Parking,-1.2896057,36.8150615,2026-08-19 22:00:00,22,2,0,0,50,100,1.0,12,0.248,1
Unnamed Parking,-1.2909796,36.8282672,2026-08-19 22:00:00,22,2,0,0,50,100,1.0,19,0.3897,1
Unnamed Parking,-1.2856445,36.8132893,2026-08-19 22:00:00,22,2,0,0,50,100,1.0,14,0.2893,1
Unnamed Parking,-1.2597359,36.8182597,2026-08-19 22:00:00,22,2,0,0,50,100,1.0,24,0.4721,1
Unnamed Parking,-1.2641049,36.8117123,2026-08-19 22:00:00,22,2,0,0,50,100,1.0,23,0.4627,1
InterContinental Hotel Car Park,-1.2873717,36.8192911,2026-08-19 22:00:00,22,2,0,0,50,300,1.15,16,0.3282,1
Unnamed Parking,-1.25013,36.8202579,2026-08-19 22:00:00,22,2,0,0,50,100,1.16,17,0.3387,1
Olympic Bus Terminus,-1.3126351,36.7778212,2026-08-19 22:00:00,22,2,0,0,50,100,1.0,18,0.3631,1
Ayany Car Park,-1.3090339,36.7757579,2026-08-19 22:00:00,22,2,0,0,50,200,1.0,11,0.2198,1
Westgate Mall Car Park,-1.2566578,36.8035661,2026-08-19 22:00:00,22,2,0,0,50,50,1.0,21,0.4269,1
Student parking,-1.274479,36.805643,2026-08-19 22:00:00,22,2,0,0,50,100,1.0,19,0.3782,1
Kenton Rear Parking,-1.2809847,36.7869545,2026-08-19 22:00:00,22,2,0,0,50,100,1.0,24,0.4776,1
Unnamed Parking,-1.2553877,36.8667692,2026-08-19 22:00:00,22,2,0,0,50,100,1.0,16,0.3121,1
Unnamed Parking,-1.259848,36.8644681,2026-08-19 22:00:00,22,2,0,0,50,100,1.19,18,0.3505,1
Travel House Parking,-1.2861727,36.8214386,2026-08-19 22:00:00,22,2,0,0,50,100,1.18,14,0.2795,1
Lenana Parking Lot Area,-1.2900918,36.800209,2026-08-19 22:00:00,22,2,0,0,50,100,1.0,16,0.3197,1
Unnamed Parking,-1.2944773,36.8101427,2026-08-19 22:00:00,22,2,0,0,50,100,1.0,15,0.3054,1
Parking B,-1.2806414,36.8128716,2026-08-19 22:00:00,22,2,0,0,50,100,1.0,24,0.4797,1
MAIN PACKING,-1.2803274,36.8127162,2026-08-19 22:00:00,22,2,0,0,50,100,1.0,17,0.3441,1
YMCA STAFF PARKING,-1.2805756,36.8129968,2026-08-19 22:00:00,22,2,0,0,50,100,1.0,20,0.4099,1
Unnamed Parking,-1.2896057,36.8150615,2026-08-20 06:00:00,6,3,0,0,50,100,1.0,18,0.3695,1
Unnamed Parking,-1.2909796,36.8282672,2026-08-20 06:00:00,6,3,0,0,50,100,1.0,15,0.2984,1
Unnamed Parking,-1.2856445,36.8132893,2026-08-20 06:00:00,6,3,0,0,50,100,1.0,19,0.3865,1
Unnamed Parking,-1.2597359,36.8182597,2026-08-20 06:00:00,6,3,0,0,50,100,1.0,22,0.4479,1
Unnamed Parking,-1.2641049,36.8117123,2026-08-20 06:00:00,6,3,0,0,50,100,1.0,15,0.3034,1
InterContinental Hotel Car Park,-1.2873717,36.8192911,2026-08-20 06:00:00,6,3,0,0,50,300,1.15,23,0.4647,1
Unnamed Parking,-1.25013,36.8202579,2026-08-20 06:00:00,6,3,0,0,50,100,1.16,17,0.332,1
Olympic Bus Terminus,-1.3126351,36.7778212,2026-08-20 06:00:00,6,3,0,0,50,100,1.0,18,0.3614,1
Ayany Car Park,-1.3090339,36.7757579,2026-08-20 06:00:00,6,3,0,0,50,200,1.0,22,0.4425,1
Westgate Mall Car Park,-1.2566578,36.8035661,2026-08-20 06:00:00,6,3,0,0,50,50,1.0,17,0.3469,1
Student parking,-1.274479,36.805643,2026-08-20 06:00:00,6,3,0,0,50,100,1.0,20,0.403,1
Kenton Rear Parking,-1.2809847,36.7869545,2026-08-20 06:00:00,6,3,0,0,50,100,1.0,19,0.3748,1
Unnamed Parking,-1.2553877,36.8667692,2026-08-20 06:00:00,6,3,0,0,50,100,1.0,21,0.4103,1
Unnamed Parking,-1.259848,36.8644681,2026-08-20 06:00:00,6,3,0,0,50,100,1.19,10,0.2095,1
Travel House Parking,-1.2861727,36.8214386,2026-08-20 06:00:00,6,3,0,0,50,100,1.18,13,0.2536,1
Lenana Parking Lot Area,-1.2900918,36.800209,2026-08-20 06:00:00,6,3,0,0,50,100,1.0,22,0.4493,1
Unnamed Parking,-1.2944773,36.8101427,2026-08-20 06:00:00,6,3,0,0,50,100,1.0,24,0.483,1
Parking B,-1.2806414,36.8128716,2026-08-20 06:00:00,6,3,0,0,50,100,1.0,16,0.3272,1
MAIN PACKING,-1.2803274,36.8127162,2026-08-20 06:00:00,6,3,0,0,50,100,1.0,19,0.3805,1
YMCA STAFF PARKING,-1.2805756,36.8129968,2026-08-20 06:00:00,6,3,0,0,50,100,1.0,21,0.4236,1
Unnamed Parking,-1.2896057,36.8150615,2026-08-20 07:00:00,7,3,0,0,50,100,1.0,23,0.4555,1
Unnamed Parking,-1.2909796,36.8282672,2026-08-20 07:00:00,7,3,0,0,50,100,1.0,12,0.2378,1
Unnamed Parking,-1.2856445,36.8132893,2026-08-20 07:00:00,7,3,0,0,50,100,1.0,16,0.3291,1
Unnamed Parking,-1.2597359,36.8182597,2026-08-20 07:00:00,7,3,0,0,50,100,1.0,19,0.3734,1
Unnamed Parking,-1.2641049,36.8117123,2026-08-20 07:00:00,7,3,0,0,50,100,1.0,23,0.4563,1
InterContinental Hotel Car Park,-1.2873717,36.8192911,2026-08-20 07:00:00,7,3,0,0,50,300,1.15,30,0.5999,1
Unnamed Parking,-1.25013,36.8202579,2026-08-20 07:00:00,7,3,0,0,50,100,1.16,19,0.3818,1
Olympic Bus Terminus,-1.3126351,36.7778212,2026-08-20 07:00:00,7,3,0,0,50,100,1.0,14,0.2874,1
Ayany Car Park,-1.3090339,36.7757579,2026-08-20 07:00:00,7,3,0,0,50,200,1.0,22,0.4322,1
Westgate Mall Car Park,-1.2566578,36.8035661,2026-08-20 07:00:00,7,3,0,0,50,50,1.0,25,0.5057,1
Student parking,-1.274479,36.805643,2026-08-20 07:00:00,7,3,0,0,50,100,1.0,20,0.4086,1
Kenton Rear Parking,-1.2809847,36.7869545,2026-08-20 07:00:00,7,3,0,0,50,100,1.0,16,0.3275,1
Unnamed Parking,-1.2553877,36.8667692,2026-08-20 07:00:00,7,3,0,0,50,100,1.0,24,0.4766,1
Unnamed Parking,-1.259848,36.8644681,2026-08-20 07:00:00,7,3,0,0,50,100,1.19,23,0.4531,1
Travel House Parking,-1.2861727,36.8214386,2026-08-20 07:00:00,7,3,0,0,50,100,1.18,16,0.3179,1
Lenana Parking Lot Area,-1.2900918,36.800209,2026-08-20 07:00:00,7,3,0,0,50,100,1.0,22,0.4305,1
Unnamed Parking,-1.2944773,36.8101427,2026-08-20 07:00:00,7,3,0,0,50,100,1.0,24,0.4798,1
Parking B,-1.2806414,36.8128716,2026-08-20 07:00:00,7,3,0,0,50,100,1.0,25,0.4946,1
MAIN PACKING,-1.2803274,36.8127162,2026-08-20 07:00:00,7,3,0,0,50,100,1.0,20,0.3947,1
YMCA STAFF PARKING,-1.2805756,36.8129968,2026-08-20 07:00:00,7,3,0,0,50,100,1.0,19,0.3714,1
Unnamed Parking,-1.2896057,36.8150615,2026-08-20 08:00:00,8,3,0,0,50,100,1.0,47,0.9482,1
Unnamed Parking,-1.2909796,36.8282672,2026-08-20 08:00:00,8,3,0,0,50,100,1.0,38,0.7532,1
Unnamed Parking,-1.2856445,36.8132893,2026-08-20 08:00:00,8,3,0,0,50,100,1.0,44,0.8851,1
Unnamed Parking,-1.2597359,36.8182597,2026-08-20 08:00:00,8,3,0,0,50,100,1.0,37,0.7404,1
Unnamed Parking,-1.2641049,36.8117123,2026-08-20 08:00:00,8,3,0,0,50,100,1.0,47,0.9352,1
InterContinental Hotel Car Park,-1.2873717,36.8192911,2026-08-20 08:00:00,8,3,0,0,50,300,1.15,41,0.8294,1
Unnamed Parking,-1.25013,36.8202579,2026-08-20 08:00:00,8,3,0,0,50,100,1.16,48,0.9515,0
Olympic Bus Terminus,-1.3126351,36.7778212,2026-08-20 08:00:00,8,3,0,0,50,100,1.0,44,0.8893,1
Ayany Car Park,-1.3090339,36.7757579,2026-08-20 08:00:00,8,3,0,0,50,200,1.0,38,0.7521,1
Westgate Mall Car Park,-1.2566578,36.8035661,2026-08-20 08:00:00,8,3,0,0,50,50,1.0,48,0.964,0
Student parking,-1.274479,36.805643,2026-08-20 08:00:00,8,3,0,0,50,100,1.0,49,0.9741,0
Kenton Rear Parking,-1.2809847,36.7869545,2026-08-20 08:00:00,8,3,0,0,50,100,1.0,46,0.9206,1
Unnamed Parking,-1.2553877,36.8667692,2026-08-20 08:00:00,8,3,0,0,50,100,1.0,39,0.7891,1
Unnamed Parking,-1.259848,36.8644681,2026-08-20 08:00:00,8,3,0,0,50,100,1.19,41,0.8255,1
Travel House Parking,-1.2861727,36.8214386,2026-08-20 08:00:00,8,3,0,0,50,100,1.18,43,0.8616,1
Lenana Parking Lot Area,-1.2900918,36.800209,2026-08-20 08:00:00,8,3,0,0,50,100,1.0,40,0.7937,1
Unnamed Parking,-1.2944773,36.8101427,2026-08-20 08:00:00,8,3,0,0,50,100,1.0,49,0.9854,0
Parking B,-1.2806414,36.8128716,2026-08-20 08:00:00,8,3,0,0,50,100,1.0,43,0.8615,1
MAIN PACKING,-1.2803274,36.8127162,2026-08-20 08:00:00,8,3,0,0,50,100,1.0,32,0.6337,1
YMCA STAFF PARKING,-1.2805756,36.8129968,2026-08-20 08:00:00,8,3,0,0,50,100,1.0,44,0.8771,1
Unnamed Parking,-1.2896057,36.8150615,2026-08-20 09:00:00,9,3,0,0,50,100,1.0,41,0.8221,1
Unnamed Parking,-1.2909796,36.8282672,2026-08-20 09:00:00,9,3,0,0,50,100,1.0,42,0.844,1
Unnamed Parking,-1.2856445,36.8132893,2026-08-20 09:00:00,9,3,0,0,50,100,1.0,41,0.8205,1
Unnamed Parking,-1.2597359,36.8182597,2026-08-20 09:00:00,9,3,0,0,50,100,1.0,46,0.9146,1
Unnamed Parking,-1.2641049,36.8117123,2026-08-20 09:00:00,9,3,0,0,50,100,1.0,47,0.9396,1
InterContinental Hotel Car Park,-1.2873717,36.8192911,2026-08-20 09:00:00,9,3,0,0,50,300,1.15,44,0.8726,1
Unnamed Parking,-1.25013,36.8202579,2026-08-20 09:00:00,9,3,0,0,50,100,1.16,41,0.8229,1
Olympic Bus Terminus,-1.3126351,36.7778212,2026-08-20 09:00:00,9,3,0,0,50,100,1.0,42,0.8467,1
Ayany Car Park,-1.3090339,36.7757579,2026-08-20 09:00:00,9,3,0,0,50,200,1.0,43,0.8516,1
Westgate Mall Car Park,-1.2566578,36.8035661,2026-08-20 09:00:00,9,3,0,0,50,50,1.0,39,0.7858,1
Student parking,-1.274479,36.805643,2026-08-20 09:00:00,9,3,0,0,50,100,1.0,45,0.8963,1
Kenton Rear Parking,-1.2809847,36.7869545,2026-08-20 09:00:00,9,3,0,0,50,100,1.0,44,0.8868,1
Unnamed Parking,-1.2553877,36.8667692,2026-08-20 09:00:00,9,3,0,0,50,100,1.0,49,0.9732,0
Unnamed Parking,-1.259848,36.8644681,2026-08-20 09:00:00,9,3,0,0,50,100,1.19,48,0.9504,0
Travel House Parking,-1.2861727,36.8214386,2026-08-20 09:00:00,9,3,0,0,50,100,1.18,40,0.7951,1
Lenana Parking Lot Area,-1.2900918,36.800209,2026-08-20 09:00:00,9,3,0,0,50,100,1.0,46,0.9156,1
Unnamed Parking,-1.2944773,36.8101427,2026-08-20 09:00:00,9,3,0,0,50,100,1.0,39,0.7739,1
Parking B,-1.2806414,36.8128716,2026-08-20 09:00:00,9,3,0,0,50,100,1.0,45,0.9057,1
MAIN PACKING,-1.2803274,36.8127162,2026-08-20 09:00:00,9,3,0,0,50,100,1.0,40,0.8087,1
YMCA STAFF PARKING,-1.2805756,36.8129968,2026-08-20 09:00:00,9,3,0,0,50,100,1.0,38,0.7681,1
Unnamed Parking,-1.2896057,36.8150615,2026-08-20 10:00:00,10,3,0,0,50,100,1.0,44,0.8724,1
Unnamed Parking,-1.2909796,36.8282672,2026-08-20 10:00:00,10,3,0,0,50,100,1.0,32,0.636,1
Unnamed Parking,-1.2856445,36.8132893,2026-08-20 10:00:00,10,3,0,0,50,100,1.0,35,0.7099,1
Unnamed Parking,-1.2597359,36.8182597,2026-08-20 10:00:00,10,3,0,0,50,100,1.0,42,0.8358,1
Unnamed Parking,-1.2641049,36.8117123,2026-08-20 10:00:00,10,3,0,0,50,100,1.0,43,0.8566,1
InterContinental Hotel Car Park,-1.2873717,36.8192911,2026-08-20 10:00:00,10,3,0,0,50,300,1.15,41,0.8205,1
Unnamed Parking,-1.25013,36.8202579,2026-08-20 10:00:00,10,3,0,0,50,100,1.16,36,0.7236,1
Olympic Bus Terminus,-1.3126351,36.7778212,2026-08-20 10:00:00,10,3,0,0,50,100,1.0,39,0.7846,1
Ayany Car Park,-1.3090339,36.7757579,2026-08-20 10:00:00,10,3,0,0,50,200,1.0,44,0.8813,1
Westgate Mall Car Park,-1.2566578,36.8035661,2026-08-20 10:00:00,10,3,0,0,50,50,1.0,45,0.8965,1
Student parking,-1.274479,36.805643,2026-08-20 10:00:00,10,3,0,0,50,100,1.0,42,0.8487,1
Kenton Rear Parking,-1.2809847,36.7869545,2026-08-20 10:00:00,10,3,0,0,50,100,1.0,47,0.9425,1
Unnamed Parking,-1.2553877,36.8667692,2026-08-20 10:00:00,10,3,0,0,50,100,1.0,44,0.8818,1
Unnamed Parking,-1.259848,36.8644681,2026-08-20 10:00:00,10,3,0,0,50,100,1.19,40,0.7902,1
Travel House Parking,-1.2861727,36.8214386,2026-08-20 10:00:00,10,3,0,0,50,100,1.18,41,0.8276,1
Lenana Parking Lot Area,-1.2900918,36.800209,2026-08-20 10:00:00,10,3,0,0,50,100,1.0,37,0.7378,1
Unnamed Parking,-1.2944773,36.8101427,2026-08-20 10:00:00,10,3,0,0,50,100,1.0,42,0.8413,1
Parking B,-1.2806414,36.8128716,2026-08-20 10:00:00,10,3,0,0,50,100,1.0,47,0.939,1
MAIN PACKING,-1.2803274,36.8127162,2026-08-20 10:00:00,10,3,0,0,50,100,1.0,45,0.9048,1
YMCA STAFF PARKING,-1.2805756,36.8129968,2026-08-20 10:00:00,10,3,0,0,50,100,1.0,48,0.9622,0
Unnamed Parking,-1.2896057,36.8150615,2026-08-20 11:00:00,11,3,0,0,50,100,1.0,41,0.8258,1
Unnamed Parking,-1.2909796,36.8282672,2026-08-20 11:00:00,11,3,0,0,50,100,1.0,48,0.9577,0
Unnamed Parking,-1.2856445,36.8132893,2026-08-20 11:00:00,11,3,0,0,50,100,1.0,42,0.8345,1
Unnamed Parking,-1.2597359,36.8182597,2026-08-20 11:00:00,11,3,0,0,50,100,1.0,48,0.9677,0
Unnamed Parking,-1.2641049,36.8117123,2026-08-20 11:00:00,11,3,0,0,50,100,1.0,42,0.8483,1
InterContinental Hotel Car Park,-1.2873717,36.8192911,2026-08-20 11:00:00,11,3,0,0,50,300,1.15,45,0.9066,1
Unnamed Parking,-1.25013,36.8202579,2026-08-20 11:00:00,11,3,0,0,50,100,1.16,48,0.968,0
Olympic Bus Terminus,-1.3126351,36.7778212,2026-08-20 11:00:00,11,3,0,0,50,100,1.0,42,0.8345,1
Ayany Car Park,-1.3090339,36.7757579,2026-08-20 11:00:00,11,3,0,0,50,200,1.0,43,0.8675,1
Westgate Mall Car Park,-1.2566578,36.8035661,2026-08-20 11:00:00,11,3,0,0,50,50,1.0,48,0.9531,0
Student parking,-1.274479,36.805643,2026-08-20 11:00:00,11,3,0,0,50,100,1.0,42,0.8394,1
Kenton Rear Parking,-1.2809847,36.7869545,2026-08-20 11:00:00,11,3,0,0,50,100,1.0,37,0.7443,1
Unnamed Parking,-1.2553877,36.8667692,2026-08-20 11:00:00,11,3,0,0,50,100,1.0,50,1.0,0
Unnamed Parking,-1.259848,36.8644681,2026-08-20 11:00:00,11,3,0,0,50,100,1.19,41,0.8124,1
Travel House Parking,-1.2861727,36.8214386,2026-08-20 11:00:00,11,3,0,0,50,100,1.18,43,0.8627,1
Lenana Parking Lot Area,-1.2900918,36.800209,2026-08-20 11:00:00,11,3,0,0,50,100,1.0,47,0.9425,1
Unnamed Parking,-1.2944773,36.8101427,2026-08-20 11:00:00,11,3,0,0,50,100,1.0,40,0.8013,1
Parking B,-1.2806414,36.8128716,2026-08-20 11:00:00,11,3,0,0,50,100,1.0,38,0.7694,1
MAIN PACKING,-1.2803274,36.8127162,2026-08-20 11:00:00,11,3,0,0,50,100,1.0,44,0.8703,1
YMCA STAFF PARKING,-1.2805756,36.8129968,2026-08-20 11:00:00,11,3,0,0,50,100,1.0,35,0.7066,1
Unnamed Parking,-1.2896057,36.8150615,2026-08-20 12:00:00,12,3,0,0,50,100,1.0,34,0.677,1
Unnamed Parking,-1.2909796,36.8282672,2026-08-20 12:00:00,12,3,0,0,50,100,1.0,36,0.7196,1
Unnamed Parking,-1.2856445,36.8132893,2026-08-20 12:00:00,12,3,0,0,50,100,1.0,34,0.6784,1
Unnamed Parking,-1.2597359,36.8182597,2026-08-20 12:00:00,12,3,0,0,50,100,1.0,29,0.5765,1
Unnamed Parking,-1.2641049,36.8117123,2026-08-20 12:00:00,12,3,0,0,50,100,1.0,41,0.8275,1
InterContinental Hotel Car Park,-1.2873717,36.8192911,2026-08-20 12:00:00,12,3,0,0,50,300,1.15,35,0.7083,1
Unnamed Parking,-1.25013,36.8202579,2026-08-20 12:00:00,12,3,0,0,50,100,1.16,41,0.8145,1
Olympic Bus Terminus,-1.3126351,36.7778212,2026-08-20 12:00:00,12,3,0,0,50,100,1.0,34,0.6792,1
Ayany Car Park,-1.3090339,36.7757579,2026-08-20 12:00:00,12,3,0,0,50,200,1.0,31,0.6296,1
Westgate Mall Car Park,-1.2566578,36.8035661,2026-08-20 12:00:00,12,3,0,0,50,50,1.0,36,0.7215,1
Student parking,-1.274479,36.805643,2026-08-20 12:00:00,12,3,0,0,50,100,1.0,34,0.6827,1
Kenton Rear Parking,-1.2809847,36.7869545,2026-08-20 12:00:00,12,3,0,0,50,100,1.0,30,0.6058,1
Unnamed Parking,-1.2553877,36.8667692,2026-08-20 12:00:00,12,3,0,0,50,100,1.0,41,0.8176,1
Unnamed Parking,-1.259848,36.8644681,2026-08-20 12:00:00,12,3,0,0,50,100,1.19,33,0.6502,1
Travel House Parking,-1.2861727,36.8214386,2026-08-20 12:00:00,12,3,0,0,50,100,1.18,28,0.5528,1
Lenana Parking Lot Area,-1.2900918,36.800209,2026-08-20 12:00:00,12,3,0,0,50,100,1.0,40,0.8063,1
Unnamed Parking,-1.2944773,36.8101427,2026-08-20 12:00:00,12,3,0,0,50,100,1.0,33,0.6597,1
Parking B,-1.2806414,36.8128716,2026-08-20 12:00:00,12,3,0,0,50,100,1.0,33,0.6514,1
MAIN PACKING,-1.2803274,36.8127162,2026-08-20 12:00:00,12,3,0,0,50,100,1.0,28,0.5588,1
YMCA STAFF PARKING,-1.2805756,36.8129968,2026-08-20 12:00:00,12,3,0,0,50,100,1.0,42,0.8393,1
Unnamed Parking,-1.2896057,36.8150615,2026-08-20 13:00:00,13,3,0,0,50,100,1.0,37,0.7468,1
Unnamed Parking,-1.2909796,36.8282672,2026-08-20 13:00:00,13,3,0,0,50,100,1.0,43,0.8547,1
Unnamed Parking,-1.2856445,36.8132893,2026-08-20 13:00:00,13,3,0,0,50,100,1.0,46,0.923,1
Unnamed Parking,-1.2597359,36.8182597,2026-08-20 13:00:00,13,3,0,0,50,100,1.0,44,0.8837,1
Unnamed Parking,-1.2641049,36.8117123,2026-08-20 13:00:00,13,3,0,0,50,100,1.0,42,0.8452,1
InterContinental Hotel Car Park,-1.2873717,36.8192911,2026-08-20 13:00:00,13,3,0,0,50,300,1.15,36,0.7139,1
Unnamed Parking,-1.25013,36.8202579,2026-08-20 13:00:00,13,3,0,0,50,100,1.16,39,0.7852,1
Olympic Bus Terminus,-1.3126351,36.7778212,2026-08-20 13:00:00,13,3,0,0,50,100,1.0,43,0.865,1
Ayany Car Park,-1.3090339,36.7757579,2026-08-20 13:00:00,13,3,0,0,50,200,1.0,39,0.787,1
Westgate Mall Car Park,-1.2566578,36.8035661,2026-08-20 13:00:00,13,3,0,0,50,50,1.0,43,0.8663,1
Student parking,-1.274479,36.805643,2026-08-20 13:00:00,13,3,0,0,50,100,1.0,45,0.9045,1
Kenton Rear Parking,-1.2809847,36.7869545,2026-08-20 13:00:00,13,3,0,0,50,100,1.0,46,0.927,1
Unnamed Parking,-1.2553877,36.8667692,2026-08-20 13:00:00,13,3,0,0,50,100,1.0,38,0.7519,1
Unnamed Parking,-1.259848,36.8644681,2026-08-20 13:00:00,13,3,0,0,50,100,1.19,50,1.0,0
Travel House Parking,-1.2861727,36.8214386,2026-08-20 13:00:00,13,3,0,0,50,100,1.18,46,0.9114,1
Lenana Parking Lot Area,-1.2900918,36.800209,2026-08-20 13:00:00,13,3,0,0,50,100,1.0,42,0.8499,1
Unnamed Parking,-1.2944773,36.8101427,2026-08-20 13:00:00,13,3,0,0,50,100,1.0,47,0.9372,1
Parking B,-1.2806414,36.8128716,2026-08-20 13:00:00,13,3,0,0,50,100,1.0,50,1.0,0
MAIN PACKING,-1.2803274,36.8127162,2026-08-20 13:00:00,13,3,0,0,50,100,1.0,37,0.7349,1
YMCA STAFF PARKING,-1.2805756,36.8129968,2026-08-20 13:00:00,13,3,0,0,50,100,1.0,42,0.832,1
Unnamed Parking,-1.2896057,36.8150615,2026-08-20 14:00:00,14,3,0,0,50,100,1.0,33,0.6597,1
Unnamed Parking,-1.2909796,36.8282672,2026-08-20 14:00:00,14,3,0,0,50,100,1.0,43,0.8654,1
Unnamed Parking,-1.2856445,36.8132893,2026-08-20 14:00:00,14,3,0,0,50,100,1.0,44,0.8792,1
Unnamed Parking,-1.2597359,36.8182597,2026-08-20 14:00:00,14,3,0,0,50,100,1.0,42,0.8469,1
Unnamed Parking,-1.2641049,36.8117123,2026-08-20 14:00:00,14,3,0,0,50,100,1.0,40,0.7976,1
InterContinental Hotel Car Park,-1.2873717,36.8192911,2026-08-20 14:00:00,14,3,0,0,50,300,1.15,34,0.686,1
Unnamed Parking,-1.25013,36.8202579,2026-08-20 14:00:00,14,3,0,0,50,100,1.16,44,0.8799,1
Olympic Bus Terminus,-1.3126351,36.7778212,2026-08-20 14:00:00,14,3,0,0,50,100,1.0,48,0.9664,0
Ayany Car Park,-1.3090339,36.7757579,2026-08-20 14:00:00,14,3,0,0,50,200,1.0,40,0.8027,1
Westgate Mall Car Park,-1.2566578,36.8035661,2026-08-20 14:00:00,14,3,0,0,50,50,1.0,44,0.8852,1
Student parking,-1.274479,36.805643,2026-08-20 14:00:00,14,3,0,0,50,100,1.0,36,0.7245,1
Kenton Rear Parking,-1.2809847,36.7869545,2026-08-20 14:00:00,14,3,0,0,50,100,1.0,44,0.8866,1
Unnamed Parking,-1.2553877,36.8667692,2026-08-20 14:00:00,14,3,0,0,50,100,1.0,41,0.8185,1
Unnamed Parking,-1.259848,36.8644681,2026-08-20 14:00:00,14,3,0,0,50,100,1.19,39,0.789,1
Travel House Parking,-1.2861727,36.8214386,2026-08-20 14:00:00,14,3,0,0,50,100,1.18,39,0.7892,1
Lenana Parking Lot Area,-1.2900918,36.800209,2026-08-20 14:00:00,14,3,0,0,50,100,1.0,41,0.8185,1
Unnamed Parking,-1.2944773,36.8101427,2026-08-20 14:00:00,14,3,0,0,50,100,1.0,44,0.8806,1
Parking B,-1.2806414,36.8128716,2026-08-20 14:00:00,14,3,0,0,50,100,1.0,37,0.745,1
MAIN PACKING,-1.2803274,36.8127162,2026-08-20 14:00:00,14,3,0,0,50,100,1.0,41,0.8182,1
YMCA STAFF PARKING,-1.2805756,36.8129968,2026-08-20 14:00:00,14,3,0,0,50,100,1.0,42,0.8467,1
Unnamed Parking,-1.2896057,36.8150615,2026-08-20 15:00:00,15,3,0,0,50,100,1.0,38,0.7621,1
Unnamed Parking,-1.2909796,36.8282672,2026-08-20 15:00:00,15,3,0,0,50,100,1.0,50,0.9937,0
Unnamed Parking,-1.2856445,36.8132893,2026-08-20 15:00:00,15,3,0,0,50,100,1.0,39,0.7817,1
Unnamed Parking,-1.2597359,36.8182597,2026-08-20 15:00:00,15,3,0,0,50,100,1.0,40,0.7964,1
Unnamed Parking,-1.2641049,36.8117123,2026-08-20 15:00:00,15,3,0,0,50,100,1.0,39,0.7717,1
InterContinental Hotel Car Park,-1.2873717,36.8192911,2026-08-20 15:00:00,15,3,0,0,50,300,1.15,50,0.9939,0
Unnamed Parking,-1.25013,36.8202579,2026-08-20 15:00:00,15,3,0,0,50,100,1.16,45,0.8942,1
Olympic Bus Terminus,-1.3126351,36.7778212,2026-08-20 15:00:00,15,3,0,0,50,100,1.0,39,0.7751,1
Ayany Car Park,-1.3090339,36.7757579,2026-08-20 15:00:00,15,3,0,0,50,200,1.0,47,0.9385,1
Westgate Mall Car Park,-1.2566578,36.8035661,2026-08-20 15:00:00,15,3,0,0,50,50,1.0,43,0.8661,1
Student parking,-1.274479,36.805643,2026-08-20 15:00:00,15,3,0,0,50,100,1.0,44,0.8706,1
Kenton Rear Parking,-1.2809847,36.7869545,2026-08-20 15:00:00,15,3,0,0,50,100,1.0,41,0.8224,1
Unnamed Parking,-1.2553877,36.8667692,2026-08-20 15:00:00,15,3,0,0,50,100,1.0,40,0.79,1
Unnamed Parking,-1.259848,36.8644681,2026-08-20 15:00:00,15,3,0,0,50,100,1.19,44,0.877,1
Travel House Parking,-1.2861727,36.8214386,2026-08-20 15:00:00,15,3,0,0,50,100,1.18,40,0.8064,1
Lenana Parking Lot Area,-1.2900918,36.800209,2026-08-20 15:00:00,15,3,0,0,50,100,1.0,50,0.9953,0
Unnamed Parking,-1.2944773,36.8101427,2026-08-20 15:00:00,15,3,0,0,50,100,1.0,37,0.7485,1
Parking B,-1.2806414,36.8128716,2026-08-20 15:00:00,15,3,0,0,50,100,1.0,49,0.9729,0
MAIN PACKING,-1.2803274,36.8127162,2026-08-20 15:00:00,15,3,0,0,50,100,1.0,42,0.8411,1
YMCA STAFF PARKING,-1.2805756,36.8129968,2026-08-20 15:00:00,15,3,0,0,50,100,1.0,44,0.8739,1
Unnamed Parking,-1.2896057,36.8150615,2026-08-20 16:00:00,16,3,0,0,50,100,1.0,46,0.9167,1
Unnamed Parking,-1.2909796,36.8282672,2026-08-20 16:00:00,16,3,0,0,50,100,1.0,40,0.7996,1
Unnamed Parking,-1.2856445,36.8132893,2026-08-20 16:00:00,16,3,0,0,50,100,1.0,46,0.9191,1
Unnamed Parking,-1.2597359,36.8182597,2026-08-20 16:00:00,16,3,0,0,50,100,1.0,32,0.6334,1
Unnamed Parking,-1.2641049,36.8117123,2026-08-20 16:00:00,16,3,0,0,50,100,1.0,40,0.7924,1
InterContinental Hotel Car Park,-1.2873717,36.8192911,2026-08-20 16:00:00,16,3,0,0,50,300,1.15,39,0.7761,1
Unnamed Parking,-1.25013,36.8202579,2026-08-20 16:00:00,16,3,0,0,50,100,1.16,37,0.7497,1
Olympic Bus Terminus,-1.3126351,36.7778212,2026-08-20 16:00:00,16,3,0,0,50,100,1.0,42,0.8328,1
Ayany Car Park,-1.3090339,36.7757579,2026-08-20 16:00:00,16,3,0,0,50,200,1.0,44,0.8809,1
Westgate Mall Car Park,-1.2566578,36.8035661,2026-08-20 16:00:00,16,3,0,0,50,50,1.0,45,0.9062,1
Student parking,-1.274479,36.805643,2026-08-20 16:00:00,16,3,0,0,50,100,1.0,43,0.8693,1
Kenton Rear Parking,-1.2809847,36.7869545,2026-08-20 16:00:00,16,3,0,0,50,100,1.0,40,0.7967,1
Unnamed Parking,-1.2553877,36.8667692,2026-08-20 16:00:00,16,3,0,0,50,100,1.0,44,0.8795,1
Unnamed Parking,-1.259848,36.8644681,2026-08-20 16:00:00,16,3,0,0,50,100,1.19,43,0.8599,1
Travel House Parking,-1.2861727,36.8214386,2026-08-20 16:00:00,16,3,0,0,50,100,1.18,46,0.9249,1
Lenana Parking Lot Area,-1.2900918,36.800209,2026-08-20 16:00:00,16,3,0,0,50,100,1.0,46,0.9122,1
Unnamed Parking,-1.2944773,36.8101427,2026-08-20 16:00:00,16,3,0,0,50,100,1.0,43,0.8524,1
Parking B,-1.2806414,36.8128716,2026-08-20 16:00:00,16,3,0,0,50,100,1.0,39,0.7782,1
MAIN PACKING,-1.2803274,36.8127162,2026-08-20 16:00:00,16,3,0,0,50,100,1.0,40,0.7978,1
YMCA STAFF PARKING,-1.2805756,36.8129968,2026-08-20 16:00:00,16,3,0,0,50,100,1.0,40,0.806,1
Unnamed Parking,-1.2896057,36.8150615,2026-08-20 17:00:00,17,3,0,0,50,100,1.0,34,0.6748,1
Unnamed Parking,-1.2909796,36.8282672,2026-08-20 17:00:00,17,3,0,0,50,100,1.0,36,0.7214,1
Unnamed Parking,-1.2856445,36.8132893,2026-08-20 17:00:00,17,3,0,0,50,100,1.0,38,0.7572,1
Unnamed Parking,-1.2597359,36.8182597,2026-08-20 17:00:00,17,3,0,0,50,100,1.0,35,0.6959,1
Unnamed Parking,-1.2641049,36.8117123,2026-08-20 17:00:00,17,3,0,0,50,100,1.0,35,0.7013,1
InterContinental Hotel Car Park,-1.2873717,36.8192911,2026-08-20 17:00:00,17,3,0,0,50,300,1.15,36,0.7115,1
Unnamed Parking,-1.25013,36.8202579,2026-08-20 17:00:00,17,3,0,0,50,100,1.16,33,0.6587,1
Olympic Bus Terminus,-1.3126351,36.7778212,2026-08-20 17:00:00,17,3,0,0,50,100,1.0,31,0.626,1
Ayany Car Park,-1.3090339,36.7757579,2026-08-20 17:00:00,17,3,0,0,50,200,1.0,28,0.5596,1
Westgate Mall Car Park,-1.2566578,36.8035661,2026-08-20 17:00:00,17,3,0,0,50,50,1.0,32,0.6444,1
Student parking,-1.274479,36.805643,2026-08-20 17:00:00,17,3,0,0,50,100,1.0,37,0.7379,1
Kenton Rear Parking,-1.2809847,36.7869545,2026-08-20 17:00:00,17,3,0,0,50,100,1.0,32,0.6438,1
Unnamed Parking,-1.2553877,36.8667692,2026-08-20 17:00:00,17,3,0,0,50,100,1.0,34,0.681,1
Unnamed Parking,-1.259848,36.8644681,2026-08-20 17:00:00,17,3,0,0,50,100,1.19,37,0.7373,1
Travel House Parking,-1.2861727,36.8214386,2026-08-20 17:00:00,17,3,0,0,50,100,1.18,37,0.7417,1
Lenana Parking Lot Area,-1.2900918,36.800209,2026-08-20 17:00:00,17,3,0,0,50,100,1.0,31,0.6136,1
Unnamed Parking,-1.2944773,36.8101427,2026-08-20 17:00:00,17,3,0,0,50,100,1.0,39,0.7798,1
Parking B,-1.2806414,36.8128716,2026-08-20 17:00:00,17,3,0,0,50,100,1.0,40,0.7902,1
MAIN PACKING,-1.2803274,36.8127162,2026-08-20 17:00:00,17,3,0,0,50,100,1.0,30,0.6096,1
YMCA STAFF PARKING,-1.2805756,36.8129968,2026-08-20 17:00:00,17,3,0,0,50,100,1.0,32,0.6341,1
Unnamed Parking,-1.2896057,36.8150615,2026-08-20 18:00:00,18,3,0,0,50,100,1.0,40,0.7953,1
Unnamed Parking,-1.2909796,36.8282672,2026-08-20 18:00:00,18,3,0,0,50,100,1.0,34,0.6883,1
Unnamed Parking,-1.2856445,36.8132893,2026-08-20 18:00:00,18,3,0,0,50,100,1.0,26,0.5224,1
Unnamed Parking,-1.2597359,36.8182597,2026-08-20 18:00:00,18,3,0,0,50,100,1.0,29,0.588,1
Unnamed Parking,-1.2641049,36.8117123,2026-08-20 18:00:00,18,3,0,0,50,100,1.0,34,0.6801,1
InterContinental Hotel Car Park,-1.2873717,36.8192911,2026-08-20 18:00:00,18,3,0,0,50,300,1.15,30,0.607,1
Unnamed Parking,-1.25013,36.8202579,2026-08-20 18:00:00,18,3,0,0,50,100,1.16,33,0.6669,1
Olympic Bus Terminus,-1.3126351,36.7778212,2026-08-20 18:00:00,18,3,0,0,50,100,1.0,35,0.7026,1
Ayany Car Park,-1.3090339,36.7757579,2026-08-20 18:00:00,18,3,0,0,50,200,1.0,41,0.817,1
Westgate Mall Car Park,-1.2566578,36.8035661,2026-08-20 18:00:00,18,3,0,0,50,50,1.0,34,0.6768,1
Student parking,-1.274479,36.805643,2026-08-20 18:00:00,18,3,0,0,50,100,1.0,39,0.7858,1
Kenton Rear Parking,-1.2809847,36.7869545,2026-08-20 18:00:00,18,3,0,0,50,100,1.0,41,0.8143,1
Unnamed Parking,-1.2553877,36.8667692,2026-08-20 18:00:00,18,3,0,0,50,100,1.0,41,0.8147,1
Unnamed Parking,-1.259848,36.8644681,2026-08-20 18:00:00,18,3,0,0,50,100,1.19,36,0.7228,1
Travel House Parking,-1.2861727,36.8214386,2026-08-20 18:00:00,18,3,0,0,50,100,1.18,27,0.5429,1
Lenana Parking Lot Area,-1.2900918,36.800209,2026-08-20 18:00:00,18,3,0,0,50,100,1.0,37,0.7369,1
Unnamed Parking,-1.2944773,36.8101427,2026-08-20 18:00:00,18,3,0,0,50,100,1.0,39,0.7839,1
Parking B,-1.2806414,36.8128716,2026-08-20 18:00:00,18,3,0,0,50,100,1.0,35,0.6935,1
MAIN PACKING,-1.2803274,36.8127162,2026-08-20 18:00:00,18,3,0,0,50,100,1.0,42,0.8396,1
YMCA STAFF PARKING,-1.2805756,36.8129968,2026-08-20 18:00:00,18,3,0,0,50,100,1.0,38,0.7688,1
Unnamed Parking,-1.2896057,36.8150615,2026-08-20 19:00:00,19,3,0,0,50,100,1.0,22,0.4455,1
Unnamed Parking,-1.2909796,36.8282672,2026-08-20 19:00:00,19,3,0,0,50,100,1.0,24,0.4869,1
Unnamed Parking,-1.2856445,36.8132893,2026-08-20 19:00:00,19,3,0,0,50,100,1.0,21,0.4267,1
Unnamed Parking,-1.2597359,36.8182597,2026-08-20 19:00:00,19,3,0,0,50,100,1.0,10,0.2006,1
Unnamed Parking,-1.2641049,36.8117123,2026-08-20 19:00:00,19,3,0,0,50,100,1.0,18,0.3601,1
InterContinental Hotel Car Park,-1.2873717,36.8192911,2026-08-20 19:00:00,19,3,0,0,50,300,1.15,25,0.4958,1
Unnamed Parking,-1.25013,36.8202579,2026-08-20 19:00:00,19,3,0,0,50,100,1.16,17,0.3354,1
Olympic Bus Terminus,-1.3126351,36.7778212,2026-08-20 19:00:00,19,3,0,0,50,100,1.0,19,0.3821,1
Ayany Car Park,-1.3090339,36.7757579,2026-08-20 19:00:00,19,3,0,0,50,200,1.0,16,0.3164,1
Westgate Mall Car Park,-1.2566578,36.8035661,2026-08-20 19:00:00,19,3,0,0,50,50,1.0,27,0.5427,1
Student parking,-1.274479,36.805643,2026-08-20 19:00:00,19,3,0,0,50,100,1.0,27,0.5345,1
Kenton Rear Parking,-1.2809847,36.7869545,2026-08-20 19:00:00,19,3,0,0,50,100,1.0,16,0.3293,1
Unnamed Parking,-1.2553877,36.8667692,2026-08-20 19:00:00,19,3,0,0,50,100,1.0,21,0.4118,1
Unnamed Parking,-1.259848,36.8644681,2026-08-20 19:00:00,19,3,0,0,50,100,1.19,17,0.3456,1
Travel House Parking,-1.2861727,36.8214386,2026-08-20 19:00:00,19,3,0,0,50,100,1.18,22,0.4492,1
Lenana Parking Lot Area,-1.2900918,36.800209,2026-08-20 19:00:00,19,3,0,0,50,100,1.0,22,0.4408,1
Unnamed Parking,-1.2944773,36.8101427,2026-08-20 19:00:00,19,3,0,0,50,100,1.0,23,0.4649,1
Parking B,-1.2806414,36.8128716,2026-08-20 19:00:00,19,3,0,0,50,100,1.0,21,0.4266,1
MAIN PACKING,-1.2803274,36.8127162,2026-08-20 19:00:00,19,3,0,0,50,100,1.0,32,0.6348,1
YMCA STAFF PARKING,-1.2805756,36.8129968,2026-08-20 19:00:00,19,3,0,0,50,100,1.0,16,0.3178,1
Unnamed Parking,-1.2896057,36.8150615,2026-08-20 20:00:00,20,3,0,0,50,100,1.0,13,0.2632,1
Unnamed Parking,-1.2909796,36.8282672,2026-08-20 20:00:00,20,3,0,0,50,100,1.0,18,0.3686,1
Unnamed Parking,-1.2856445,36.8132893,2026-08-20 20:00:00,20,3,0,0,50,100,1.0,14,0.2746,1
Unnamed Parking,-1.2597359,36.8182597,2026-08-20 20:00:00,20,3,0,0,50,100,1.0,14,0.2806,1
Unnamed Parking,-1.2641049,36.8117123,2026-08-20 20:00:00,20,3,0,0,50,100,1.0,16,0.3199,1
InterContinental Hotel Car Park,-1.2873717,36.8192911,2026-08-20 20:00:00,20,3,0,0,50,300,1.15,16,0.3262,1
Unnamed Parking,-1.25013,36.8202579,2026-08-20 20:00:00,20,3,0,0,50,100,1.16,16,0.3236,1
Olympic Bus Terminus,-1.3126351,36.7778212,2026-08-20 20:00:00,20,3,0,0,50,100,1.0,22,0.4415,1
Ayany Car Park,-1.3090339,36.7757579,2026-08-20 20:00:00,20,3,0,0,50,200,1.0,18,0.3595,1
Westgate Mall Car Park,-1.2566578,36.8035661,2026-08-20 20:00:00,20,3,0,0,50,50,1.0,19,0.3856,1
Student parking,-1.274479,36.805643,2026-08-20 20:00:00,20,3,0,0,50,100,1.0,24,0.4715,1
Kenton Rear Parking,-1.2809847,36.7869545,2026-08-20 20:00:00,20,3,0,0,50,100,1.0,17,0.3387,1
Unnamed Parking,-1.2553877,36.8667692,2026-08-20 20:00:00,20,3,0,0,50,100,1.0,19,0.3788,1
Unnamed Parking,-1.259848,36.8644681,2026-08-20 20:00:00,20,3,0,0,50,100,1.19,21,0.4293,1
Travel House Parking,-1.2861727,36.8214386,2026-08-20 20:00:00,20,3,0,0,50,100,1.18,12,0.2447,1
Lenana Parking Lot Area,-1.2900918,36.800209,2026-08-20 20:00:00,20,3,0,0,50,100,1.0,10,0.2092,1
Unnamed Parking,-1.2944773,36.8101427,2026-08-20 20:00:00,20,3,0,0,50,100,1.0,21,0.4277,1
Parking B,-1.2806414,36.8128716,2026-08-20 20:00:00,20,3,0,0,50,100,1.0,22,0.4394,1
MAIN PACKING,-1.2803274,36.8127162,2026-08-20 20:00:00,20,3,0,0,50,100,1.0,28,0.5651,1
YMCA STAFF PARKING,-1.2805756,36.8129968,2026-08-20 20:00:00,20,3,0,0,50,100,1.0,21,0.4126,1
Unnamed Parking,-1.2896057,36.8150615,2026-08-20 21:00:00,21,3,0,0,50,100,1.0,23,0.4656,1
Unnamed Parking,-1.2909796,36.8282672,2026-08-20 21:00:00,21,3,0,0,50,100,1.0,19,0.3844,1
Unnamed Parking,-1.2856445,36.8132893,2026-08-20 21:00:00,21,3,0,0,50,100,1.0,21,0.4238,1
Unnamed Parking,-1.2597359,36.8182597,2026-08-20 21:00:00,21,3,0,0,50,100,1.0,27,0.5334,1
Unnamed Parking,-1.2641049,36.8117123,2026-08-20 21:00:00,21,3,0,0,50,100,1.0,12,0.2301,1
InterContinental Hotel Car Park,-1.2873717,36.8192911,2026-08-20 21:00:00,21,3,0,0,50,300,1.15,22,0.4331,1
Unnamed Parking,-1.25013,36.8202579,2026-08-20 21:00:00,21,3,0,0,50,100,1.16,29,0.5708,1
Olympic Bus Terminus,-1.3126351,36.7778212,2026-08-20 21:00:00,21,3,0,0,50,100,1.0,21,0.4226,1
Ayany Car Park,-1.3090339,36.7757579,2026-08-20 21:00:00,21,3,0,0,50,200,1.0,27,0.532,1
Westgate Mall Car Park,-1.2566578,36.8035661,2026-08-20 21:00:00,21,3,0,0,50,50,1.0,17,0.3497,1
Student parking,-1.274479,36.805643,2026-08-20 21:00:00,21,3,0,0,50,100,1.0,20,0.3974,1
Kenton Rear Parking,-1.2809847,36.7869545,2026-08-20 21:00:00,21,3,0,0,50,100,1.0,20,0.4027,1
Unnamed Parking,-1.2553877,36.8667692,2026-08-20 21:00:00,21,3,0,0,50,100,1.0,11,0.2226,1
Unnamed Parking,-1.259848,36.8644681,2026-08-20 21:00:00,21,3,0,0,50,100,1.19,15,0.3065,1
Travel House Parking,-1.2861727,36.8214386,2026-08-20 21:00:00,21,3,0,0,50,100,1.18,16,0.3122,1
Lenana Parking Lot Area,-1.2900918,36.800209,2026-08-20 21:00:00,21,3,0,0,50,100,1.0,23,0.4658,1
Unnamed Parking,-1.2944773,36.8101427,2026-08-20 21:00:00,21,3,0,0,50,100,1.0,23,0.4698,1
Parking B,-1.2806414,36.8128716,2026-08-20 21:00:00,21,3,0,0,50,100,1.0,21,0.4259,1
MAIN PACKING,-1.2803274,36.8127162,2026-08-20 21:00:00,21,3,0,0,50,100,1.0,23,0.4659,1
YMCA STAFF PARKING,-1.2805756,36.8129968,2026-08-20 21:00:00,21,3,0,0,50,100,1.0,19,0.3869,1
Unnamed Parking,-1.2896057,36.8150615,2026-08-20 22:00:00,22,3,0,0,50,100,1.0,25,0.4962,1
Unnamed Parking,-1.2909796,36.8282672,2026-08-20 22:00:00,22,3,0,0,50,100,1.0,20,0.4007,1
Unnamed Parking,-1.2856445,36.8132893,2026-08-20 22:00:00,22,3,0,0,50,100,1.0,20,0.4046,1
Unnamed Parking,-1.2597359,36.8182597,2026-08-20 22:00:00,22,3,0,0,50,100,1.0,19,0.3788,1
Unnamed Parking,-1.2641049,36.8117123,2026-08-20 22:00:00,22,3,0,0,50,100,1.0,23,0.4548,1
InterContinental Hotel Car Park,-1.2873717,36.8192911,2026-08-20 22:00:00,22,3,0,0,50,300,1.15,18,0.3663,1
Unnamed Parking,-1.25013,36.8202579,2026-08-20 22:00:00,22,3,0,0,50,100,1.16,24,0.4781,1
Olympic Bus Terminus,-1.3126351,36.7778212,2026-08-20 22:00:00,22,3,0,0,50,100,1.0,15,0.3094,1
Ayany Car Park,-1.3090339,36.7757579,2026-08-20 22:00:00,22,3,0,0,50,200,1.0,16,0.3121,1
Westgate Mall Car Park,-1.2566578,36.8035661,2026-08-20 22:00:00,22,3,0,0,50,50,1.0,23,0.455,1
Student parking,-1.274479,36.805643,2026-08-20 22:00:00,22,3,0,0,50,100,1.0,20,0.3929,1
Kenton Rear Parking,-1.2809847,36.7869545,2026-08-20 22:00:00,22,3,0,0,50,100,1.0,18,0.3637,1
Unnamed Parking,-1.2553877,36.8667692,2026-08-20 22:00:00,22,3,0,0,50,100,1.0,24,0.4712,1
Unnamed Parking,-1.259848,36.8644681,2026-08-20 22:00:00,22,3,0,0,50,100,1.19,18,0.3514,1
Travel House Parking,-1.2861727,36.8214386,2026-08-20 22:00:00,22,3,0,0,50,100,1.18,19,0.384,1
Lenana Parking Lot Area,-1.2900918,36.800209,2026-08-20 22:00:00,22,3,0,0,50,100,1.0,26,0.5119,1
Unnamed Parking,-1.2944773,36.8101427,2026-08-20 22:00:00,22,3,0,0,50,100,1.0,26,0.5231,1
Parking B,-1.2806414,36.8128716,2026-08-20 22:00:00,22,3,0,0,50,100,1.0,26,0.5258,1
MAIN PACKING,-1.2803274,36.8127162,2026-08-20 22:00:00,22,3,0,0,50,100,1.0,19,0.3774,1
YMCA STAFF PARKING,-1.2805756,36.8129968,2026-08-20 22:00:00,22,3,0,0,50,100,1.0,25,0.4985,1
Unnamed Parking,-1.2896057,36.8150615,2026-08-21 06:00:00,6,4,0,0,50,100,1.0,16,0.3241,1
Unnamed Parking,-1.2909796,36.8282672,2026-08-21 06:00:00,6,4,0,0,50,100,1.0,16,0.3274,1
Unnamed Parking,-1.2856445,36.8132893,2026-08-21 06:00:00,6,4,0,0,50,100,1.0,11,0.212,1
Unnamed Parking,-1.2597359,36.8182597,2026-08-21 06:00:00,6,4,0,0,50,100,1.0,27,0.5338,1
Unnamed Parking,-1.2641049,36.8117123,2026-08-21 06:00:00,6,4,0,0,50,100,1.0,17,0.3309,1
InterContinental Hotel Car Park,-1.2873717,36.8192911,2026-08-21 06:00:00,6,4,0,0,50,300,1.15,19,0.3899,1
Unnamed Parking,-1.25013,36.8202579,2026-08-21 06:00:00,6,4,0,0,50,100,1.16,16,0.3272,1
Olympic Bus Terminus,-1.3126351,36.7778212,2026-08-21 06:00:00,6,4,0,0,50,100,1.0,23,0.4556,1
Ayany Car Park,-1.3090339,36.7757579,2026-08-21 06:00:00,6,4,0,0,50,200,1.0,18,0.3699,1
Westgate Mall Car Park,-1.2566578,36.8035661,2026-08-21 06:00:00,6,4,0,0,50,50,1.0,15,0.2956,1
Student parking,-1.274479,36.805643,2026-08-21 06:00:00,6,4,0,0,50,100,1.0,22,0.4353,1
Kenton Rear Parking,-1.2809847,36.7869545,2026-08-21 06:00:00,6,4,0,0,50,100,1.0,14,0.2853,1
Unnamed Parking,-1.2553877,36.8667692,2026-08-21 06:00:00,6,4,0,0,50,100,1.0,17,0.333,1
Unnamed Parking,-1.259848,36.8644681,2026-08-21 06:00:00,6,4,0,0,50,100,1.19,12,0.2314,1
Travel House Parking,-1.2861727,36.8214386,2026-08-21 06:00:00,6,4,0,0,50,100,1.18,14,0.2861,1
Lenana Parking Lot Area,-1.2900918,36.800209,2026-08-21 06:00:00,6,4,0,0,50,100,1.0,21,0.4143,1
Unnamed Parking,-1.2944773,36.8101427,2026-08-21 06:00:00,6,4,0,0,50,100,1.0,12,0.2428,1
Parking B,-1.2806414,36.8128716,2026-08-21 06:00:00,6,4,0,0,50,100,1.0,14,0.2815,1
MAIN PACKING,-1.2803274,36.8127162,2026-08-21 06:00:00,6,4,0,0,50,100,1.0,20,0.3998,1
YMCA STAFF PARKING,-1.2805756,36.8129968,2026-08-21 06:00:00,6,4,0,0,50,100,1.0,18,0.3565,1
Unnamed Parking,-1.2896057,36.8150615,2026-08-21 07:00:00,7,4,0,0,50,100,1.0,28,0.5594,1
Unnamed Parking,-1.2909796,36.8282672,2026-08-21 07:00:00,7,4,0,0,50,100,1.0,27,0.5467,1
Unnamed Parking,-1.2856445,36.8132893,2026-08-21 07:00:00,7,4,0,0,50,100,1.0,17,0.3306,1
Unnamed Parking,-1.2597359,36.8182597,2026-08-21 07:00:00,7,4,0,0,50,100,1.0,22,0.4446,1
Unnamed Parking,-1.2641049,36.8117123,2026-08-21 07:00:00,7,4,0,0,50,100,1.0,23,0.4599,1
InterContinental Hotel Car Park,-1.2873717,36.8192911,2026-08-21 07:00:00,7,4,0,0,50,300,1.15,18,0.3522,1
Unnamed Parking,-1.25013,36.8202579,2026-08-21 07:00:00,7,4,0,0,50,100,1.16,14,0.2804,1
Olympic Bus Terminus,-1.3126351,36.7778212,2026-08-21 07:00:00,7,4,0,0,50,100,1.0,20,0.399,1
Ayany Car Park,-1.3090339,36.7757579,2026-08-21 07:00:00,7,4,0,0,50,200,1.0,19,0.3862,1
Westgate Mall Car Park,-1.2566578,36.8035661,2026-08-21 07:00:00,7,4,0,0,50,50,1.0,18,0.3651,1
Student parking,-1.274479,36.805643,2026-08-21 07:00:00,7,4,0,0,50,100,1.0,22,0.4354,1
Kenton Rear Parking,-1.2809847,36.7869545,2026-08-21 07:00:00,7,4,0,0,50,100,1.0,17,0.3399,1
Unnamed Parking,-1.2553877,36.8667692,2026-08-21 07:00:00,7,4,0,0,50,100,1.0,15,0.3078,1
Unnamed Parking,-1.259848,36.8644681,2026-08-21 07:00:00,7,4,0,0,50,100,1.19,20,0.4087,1
Travel House Parking,-1.2861727,36.8214386,2026-08-21 07:00:00,7,4,0,0,50,100,1.18,22,0.4309,1
Lenana Parking Lot Area,-1.2900918,36.800209,2026-08-21 07:00:00,7,4,0,0,50,100,1.0,15,0.3059,1
Unnamed Parking,-1.2944773,36.8101427,2026-08-21 07:00:00,7,4,0,0,50,100,1.0,24,0.4742,1
Parking B,-1.2806414,36.8128716,2026-08-21 07:00:00,7,4,0,0,50,100,1.0,13,0.2584,1
MAIN PACKING,-1.2803274,36.8127162,2026-08-21 07:00:00,7,4,0,0,50,100,1.0,18,0.3538,1
YMCA STAFF PARKING,-1.2805756,36.8129968,2026-08-21 07:00:00,7,4,0,0,50,100,1.0,19,0.3794,1
Unnamed Parking,-1.2896057,36.8150615,2026-08-21 08:00:00,8,4,0,0,50,100,1.0,40,0.7991,1
Unnamed Parking,-1.2909796,36.8282672,2026-08-21 08:00:00,8,4,0,0,50,100,1.0,40,0.8048,1
Unnamed Parking,-1.2856445,36.8132893,2026-08-21 08:00:00,8,4,0,0,50,100,1.0,50,0.9997,0
Unnamed Parking,-1.2597359,36.8182597,2026-08-21 08:00:00,8,4,0,0,50,100,1.0,39,0.7819,1
Unnamed Parking,-1.2641049,36.8117123,2026-08-21 08:00:00,8,4,0,0,50,100,1.0,50,1.0,0
InterContinental Hotel Car Park,-1.2873717,36.8192911,2026-08-21 08:00:00,8,4,0,0,50,300,1.15,44,0.885,1
Unnamed Parking,-1.25013,36.8202579,2026-08-21 08:00:00,8,4,0,0,50,100,1.16,43,0.8574,1
Olympic Bus Terminus,-1.3126351,36.7778212,2026-08-21 08:00:00,8,4,0,0,50,100,1.0,44,0.8881,1
Ayany Car Park,-1.3090339,36.7757579,2026-08-21 08:00:00,8,4,0,0,50,200,1.0,50,1.0,0
Westgate Mall Car Park,-1.2566578,36.8035661,2026-08-21 08:00:00,8,4,0,0,50,50,1.0,39,0.7705,1
Student parking,-1.274479,36.805643,2026-08-21 08:00:00,8,4,0,0,50,100,1.0,38,0.7604,1
Kenton Rear Parking,-1.2809847,36.7869545,2026-08-21 08:00:00,8,4,0,0,50,100,1.0,39,0.7896,1
Unnamed Parking,-1.2553877,36.8667692,2026-08-21 08:00:00,8,4,0,0,50,100,1.0,43,0.8526,1
Unnamed Parking,-1.259848,36.8644681,2026-08-21 08:00:00,8,4,0,0,50,100,1.19,36,0.7119,1
Travel House Parking,-1.2861727,36.8214386,2026-08-21 08:00:00,8,4,0,0,50,100,1.18,43,0.8518,1
Lenana Parking Lot Area,-1.2900918,36.800209,2026-08-21 08:00:00,8,4,0,0,50,100,1.0,49,0.9855,0
Unnamed Parking,-1.2944773,36.8101427,2026-08-21 08:00:00,8,4,0,0,50,100,1.0,43,0.8621,1
Parking B,-1.2806414,36.8128716,2026-08-21 08:00:00,8,4,0,0,50,100,1.0,41,0.8266,1
MAIN PACKING,-1.2803274,36.8127162,2026-08-21 08:00:00,8,4,0,0,50,100,1.0,40,0.8005,1
YMCA STAFF PARKING,-1.2805756,36.8129968,2026-08-21 08:00:00,8,4,0,0,50,100,1.0,46,0.9219,1
Unnamed Parking,-1.2896057,36.8150615,2026-08-21 09:00:00,9,4,0,0,50,100,1.0,39,0.7839,1
Unnamed Parking,-1.2909796,36.8282672,2026-08-21 09:00:00,9,4,0,0,50,100,1.0,50,0.9977,0
Unnamed Parking,-1.2856445,36.8132893,2026-08-21 09:00:00,9,4,0,0,50,100,1.0,50,1.0,0
Unnamed Parking,-1.2597359,36.8182597,2026-08-21 09:00:00,9,4,0,0,50,100,1.0,44,0.8705,1
Unnamed Parking,-1.2641049,36.8117123,2026-08-21 09:00:00,9,4,0,0,50,100,1.0,42,0.8491,1
InterContinental Hotel Car Park,-1.2873717,36.8192911,2026-08-21 09:00:00,9,4,0,0,50,300,1.15,47,0.9325,1
Unnamed Parking,-1.25013,36.8202579,2026-08-21 09:00:00,9,4,0,0,50,100,1.16,47,0.9376,1
Olympic Bus Terminus,-1.3126351,36.7778212,2026-08-21 09:00:00,9,4,0,0,50,100,1.0,39,0.7855,1
Ayany Car Park,-1.3090339,36.7757579,2026-08-21 09:00:00,9,4,0,0,50,200,1.0,40,0.8079,1
Westgate Mall Car Park,-1.2566578,36.8035661,2026-08-21 09:00:00,9,4,0,0,50,50,1.0,37,0.7442,1
Student parking,-1.274479,36.805643,2026-08-21 09:00:00,9,4,0,0,50,100,1.0,44,0.8827,1
Kenton Rear Parking,-1.2809847,36.7869545,2026-08-21 09:00:00,9,4,0,0,50,100,1.0,45,0.9033,1
Unnamed Parking,-1.2553877,36.8667692,2026-08-21 09:00:00,9,4,0,0,50,100,1.0,37,0.742,1
Unnamed Parking,-1.259848,36.8644681,2026-08-21 09:00:00,9,4,0,0,50,100,1.19,41,0.8136,1
Travel House Parking,-1.2861727,36.8214386,2026-08-21 09:00:00,9,4,0,0,50,100,1.18,37,0.7422,1
Lenana Parking Lot Area,-1.2900918,36.800209,2026-08-21 09:00:00,9,4,0,0,50,100,1.0,39,0.7781,1
Unnamed Parking,-1.2944773,36.8101427,2026-08-21 09:00:00,9,4,0,0,50,100,1.0,45,0.8941,1
Parking B,-1.2806414,36.8128716,2026-08-21 09:00:00,9,4,0,0,50,100,1.0,40,0.7913,1
MAIN PACKING,-1.2803274,36.8127162,2026-08-21 09:00:00,9,4,0,0,50,100,1.0,41,0.8259,1
YMCA STAFF PARKING,-1.2805756,36.8129968,2026-08-21 09:00:00,9,4,0,0,50,100,1.0,36,0.7198,1
Unnamed Parking,-1.2896057,36.8150615,2026-08-21 10:00:00,10,4,0,0,50,100,1.0,43,0.865,1
Unnamed Parking,-1.2909796,36.8282672,2026-08-21 10:00:00,10,4,0,0,50,100,1.0,42,0.8465,1
Unnamed Parking,-1.2856445,36.8132893,2026-08-21 10:00:00,10,4,0,0,50,100,1.0,40,0.7917,1
Unnamed Parking,-1.2597359,36.8182597,2026-08-21 10:00:00,10,4,0,0,50,100,1.0,42,0.8349,1
Unnamed Parking,-1.2641049,36.8117123,2026-08-21 10:00:00,10,4,0,0,50,100,1.0,43,0.8644,1
InterContinental Hotel Car Park,-1.2873717,36.8192911,2026-08-21 10:00:00,10,4,0,0,50,300,1.15,39,0.7848,1
Unnamed Parking,-1.25013,36.8202579,2026-08-21 10:00:00,10,4,0,0,50,100,1.16,37,0.7319,1
Olympic Bus Terminus,-1.3126351,36.7778212,2026-08-21 10:00:00,10,4,0,0,50,100,1.0,50,0.9944,0
Ayany Car Park,-1.3090339,36.7757579,2026-08-21 10:00:00,10,4,0,0,50,200,1.0,40,0.7993,1
Westgate Mall Car Park,-1.2566578,36.8035661,2026-08-21 10:00:00,10,4,0,0,50,50,1.0,42,0.8423,1
Student parking,-1.274479,36.805643,2026-08-21 10:00:00,10,4,0,0,50,100,1.0,47,0.9309,1
Kenton Rear Parking,-1.2809847,36.7869545,2026-08-21 10:00:00,10,4,0,0,50,100,1.0,50,1.0,0
Unnamed Parking,-1.2553877,36.8667692,2026-08-21 10:00:00,10,4,0,0,50,100,1.0,38,0.7504,1
Unnamed Parking,-1.259848,36.8644681,2026-08-21 10:00:00,10,4,0,0,50,100,1.19,44,0.886,1
Travel House Parking,-1.2861727,36.8214386,2026-08-21 10:00:00,10,4,0,0,50,100,1.18,40,0.7934,1
Lenana Parking Lot Area,-1.2900918,36.800209,2026-08-21 10:00:00,10,4,0,0,50,100,1.0,40,0.8069,1
Unnamed Parking,-1.2944773,36.8101427,2026-08-21 10:00:00,10,4,0,0,50,100,1.0,40,0.7924,1
Parking B,-1.2806414,36.8128716,2026-08-21 10:00:00,10,4,0,0,50,100,1.0,38,0.7599,1
MAIN PACKING,-1.2803274,36.8127162,2026-08-21 10:00:00,10,4,0,0,50,100,1.0,42,0.8467,1
YMCA STAFF PARKING,-1.2805756,36.8129968,2026-08-21 10:00:00,10,4,0,0,50,100,1.0,37,0.732,1
Unnamed Parking,-1.2896057,36.8150615,2026-08-21 11:00:00,11,4,0,0,50,100,1.0,46,0.9257,1
Unnamed Parking,-1.2909796,36.8282672,2026-08-21 11:00:00,11,4,0,0,50,100,1.0,43,0.8544,1
Unnamed Parking,-1.2856445,36.8132893,2026-08-21 11:00:00,11,4,0,0,50,100,1.0,44,0.8838,1
Unnamed Parking,-1.2597359,36.8182597,2026-08-21 11:00:00,11,4,0,0,50,100,1.0,41,0.8127,1
Unnamed Parking,-1.2641049,36.8117123,2026-08-21 11:00:00,11,4,0,0,50,100,1.0,41,0.8206,1
InterContinental Hotel Car Park,-1.2873717,36.8192911,2026-08-21 11:00:00,11,4,0,0,50,300,1.15,44,0.873,1
Unnamed Parking,-1.25013,36.8202579,2026-08-21 11:00:00,11,4,0,0,50,100,1.16,38,0.7569,1
Olympic Bus Terminus,-1.3126351,36.7778212,2026-08-21 11:00:00,11,4,0,0,50,100,1.0,41,0.8214,1
Ayany Car Park,-1.3090339,36.7757579,2026-08-21 11:00:00,11,4,0,0,50,200,1.0,39,0.7812,1
Westgate Mall Car Park,-1.2566578,36.8035661,2026-08-21 11:00:00,11,4,0,0,50,50,1.0,39,0.7788,1
Student parking,-1.274479,36.805643,2026-08-21 11:00:00,11,4,0,0,50,100,1.0,34,0.6812,1
Kenton Rear Parking,-1.2809847,36.7869545,2026-08-21 11:00:00,11,4,0,0,50,100,1.0,48,0.9571,0
Unnamed Parking,-1.2553877,36.8667692,2026-08-21 11:00:00,11,4,0,0,50,100,1.0,40,0.7951,1
Unnamed Parking,-1.259848,36.8644681,2026-08-21 11:00:00,11,4,0,0,50,100,1.19,47,0.9431,1
Travel House Parking,-1.2861727,36.8214386,2026-08-21 11:00:00,11,4,0,0,50,100,1.18,47,0.9355,1
Lenana Parking Lot Area,-1.2900918,36.800209,2026-08-21 11:00:00,11,4,0,0,50,100,1.0,37,0.7471,1
Unnamed Parking,-1.2944773,36.8101427,2026-08-21 11:00:00,11,4,0,0,50,100,1.0,38,0.7629,1
Parking B,-1.2806414,36.8128716,2026-08-21 11:00:00,11,4,0,0,50,100,1.0,50,1.0,0
MAIN PACKING,-1.2803274,36.8127162,2026-08-21 11:00:00,11,4,0,0,50,100,1.0,50,0.9901,0
YMCA STAFF PARKING,-1.2805756,36.8129968,2026-08-21 11:00:00,11,4,0,0,50,100,1.0,42,0.8475,1
Unnamed Parking,-1.2896057,36.8150615,2026-08-21 12:00:00,12,4,0,0,50,100,1.0,36,0.7206,1
Unnamed Parking,-1.2909796,36.8282672,2026-08-21 12:00:00,12,4,0,0,50,100,1.0,32,0.6495,1
Unnamed Parking,-1.2856445,36.8132893,2026-08-21 12:00:00,12,4,0,0,50,100,1.0,37,0.7346,1
Unnamed Parking,-1.2597359,36.8182597,2026-08-21 12:00:00,12,4,0,0,50,100,1.0,32,0.6426,1
Unnamed Parking,-1.2641049,36.8117123,2026-08-21 12:00:00,12,4,0,0,50,100,1.0,27,0.5374,1
InterContinental Hotel Car Park,-1.2873717,36.8192911,2026-08-21 12:00:00,12,4,0,0,50,300,1.15,30,0.5943,1
Unnamed Parking,-1.25013,36.8202579,2026-08-21 12:00:00,12,4,0,0,50,100,1.16,35,0.7017,1
Olympic Bus Terminus,-1.3126351,36.7778212,2026-08-21 12:00:00,12,4,0,0,50,100,1.0,30,0.6095,1
Ayany Car Park,-1.3090339,36.7757579,2026-08-21 12:00:00,12,4,0,0,50,200,1.0,35,0.6946,1
Westgate Mall Car Park,-1.2566578,36.8035661,2026-08-21 12:00:00,12,4,0,0,50,50,1.0,31,0.614,1
Student parking,-1.274479,36.805643,2026-08-21 12:00:00,12,4,0,0,50,100,1.0,32,0.6374,1
Kenton Rear Parking,-1.2809847,36.7869545,2026-08-21 12:00:00,12,4,0,0,50,100,1.0,38,0.7683,1
Unnamed Parking,-1.2553877,36.8667692,2026-08-21 12:00:00,12,4,0,0,50,100,1.0,36,0.7198,1
Unnamed Parking,-1.259848,36.8644681,2026-08-21 12:00:00,12,4,0,0,50,100,1.19,35,0.6992,1
Travel House Parking,-1.2861727,36.8214386,2026-08-21 12:00:00,12,4,0,0,50,100,1.18,39,0.7703,1
Lenana Parking Lot Area,-1.2900918,36.800209,2026-08-21 12:00:00,12,4,0,0,50,100,1.0,37,0.7384,1
Unnamed Parking,-1.2944773,36.8101427,2026-08-21 12:00:00,12,4,0,0,50,100,1.0,41,0.8157,1
Parking B,-1.2806414,36.8128716,2026-08-21 12:00:00,12,4,0,0,50,100,1.0,33,0.6632,1
MAIN PACKING,-1.2803274,36.8127162,2026-08-21 12:00:00,12,4,0,0,50,100,1.0,33,0.6656,1
YMCA STAFF PARKING,-1.2805756,36.8129968,2026-08-21 12:00:00,12,4,0,0,50,100,1.0,30,0.5959,1
Unnamed Parking,-1.2896057,36.8150615,2026-08-21 13:00:00,13,4,0,0,50,100,1.0,41,0.8157,1
Unnamed Parking,-1.2909796,36.8282672,2026-08-21 13:00:00,13,4,0,0,50,100,1.0,46,0.9272,1
Unnamed Parking,-1.2856445,36.8132893,2026-08-21 13:00:00,13,4,0,0,50,100,1.0,48,0.954,0
Unnamed Parking,-1.2597359,36.8182597,2026-08-21 13:00:00,13,4,0,0,50,100,1.0,46,0.9268,1
Unnamed Parking,-1.2641049,36.8117123,2026-08-21 13:00:00,13,4,0,0,50,100,1.0,35,0.7065,1
InterContinental Hotel Car Park,-1.2873717,36.8192911,2026-08-21 13:00:00,13,4,0,0,50,300,1.15,47,0.9367,1
Unnamed Parking,-1.25013,36.8202579,2026-08-21 13:00:00,13,4,0,0,50,100,1.16,35,0.7029,1
Olympic Bus Terminus,-1.3126351,36.7778212,2026-08-21 13:00:00,13,4,0,0,50,100,1.0,46,0.9218,1
Ayany Car Park,-1.3090339,36.7757579,2026-08-21 13:00:00,13,4,0,0,50,200,1.0,41,0.8206,1
Westgate Mall Car Park,-1.2566578,36.8035661,2026-08-21 13:00:00,13,4,0,0,50,50,1.0,45,0.9062,1
Student parking,-1.274479,36.805643,2026-08-21 13:00:00,13,4,0,0,50,100,1.0,37,0.7434,1
Kenton Rear Parking,-1.2809847,36.7869545,2026-08-21 13:00:00,13,4,0,0,50,100,1.0,47,0.9437,1
Unnamed Parking,-1.2553877,36.8667692,2026-08-21 13:00:00,13,4,0,0,50,100,1.0,37,0.7328,1
Unnamed Parking,-1.259848,36.8644681,2026-08-21 13:00:00,13,4,0,0,50,100,1.19,40,0.7965,1
Travel House Parking,-1.2861727,36.8214386,2026-08-21 13:00:00,13,4,0,0,50,100,1.18,39,0.7702,1
Lenana Parking Lot Area,-1.2900918,36.800209,2026-08-21 13:00:00,13,4,0,0,50,100,1.0,35,0.7097,1
Unnamed Parking,-1.2944773,36.8101427,2026-08-21 13:00:00,13,4,0,0,50,100,1.0,43,0.8576,1
Parking B,-1.2806414,36.8128716,2026-08-21 13:00:00,13,4,0,0,50,100,1.0,50,0.9945,0
MAIN PACKING,-1.2803274,36.8127162,2026-08-21 13:00:00,13,4,0,0,50,100,1.0,50,1.0,0
YMCA STAFF PARKING,-1.2805756,36.8129968,2026-08-21 13:00:00,13,4,0,0,50,100,1.0,43,0.8578,1
Unnamed Parking,-1.2896057,36.8150615,2026-08-21 14:00:00,14,4,0,0,50,100,1.0,47,0.9393,1
Unnamed Parking,-1.2909796,36.8282672,2026-08-21 14:00:00,14,4,0,0,50,100,1.0,43,0.8686,1
Unnamed Parking,-1.2856445,36.8132893,2026-08-21 14:00:00,14,4,0,0,50,100,1.0,44,0.8899,1
Unnamed Parking,-1.2597359,36.8182597,2026-08-21 14:00:00,14,4,0,0,50,100,1.0,41,0.8226,1
Unnamed Parking,-1.2641049,36.8117123,2026-08-21 14:00:00,14,4,0,0,50,100,1.0,43,0.8656,1
InterContinental Hotel Car Park,-1.2873717,36.8192911,2026-08-21 14:00:00,14,4,0,0,50,300,1.15,45,0.893,1
Unnamed Parking,-1.25013,36.8202579,2026-08-21 14:00:00,14,4,0,0,50,100,1.16,40,0.8037,1
Olympic Bus Terminus,-1.3126351,36.7778212,2026-08-21 14:00:00,14,4,0,0,50,100,1.0,42,0.8438,1
Ayany Car Park,-1.3090339,36.7757579,2026-08-21 14:00:00,14,4,0,0,50,200,1.0,42,0.8453,1
Westgate Mall Car Park,-1.2566578,36.8035661,2026-08-21 14:00:00,14,4,0,0,50,50,1.0,46,0.9161,1
Student parking,-1.274479,36.805643,2026-08-21 14:00:00,14,4,0,0,50,100,1.0,38,0.7647,1
Kenton Rear Parking,-1.2809847,36.7869545,2026-08-21 14:00:00,14,4,0,0,50,100,1.0,42,0.8459,1
Unnamed Parking,-1.2553877,36.8667692,2026-08-21 14:00:00,14,4,0,0,50,100,1.0,50,1.0,0
Unnamed Parking,-1.259848,36.8644681,2026-08-21 14:00:00,14,4,0,0,50,100,1.19,47,0.9431,1
Travel House Parking,-1.2861727,36.8214386,2026-08-21 14:00:00,14,4,0,0,50,100,1.18,48,0.9579,0
Lenana Parking Lot Area,-1.2900918,36.800209,2026-08-21 14:00:00,14,4,0,0,50,100,1.0,43,0.852,1
Unnamed Parking,-1.2944773,36.8101427,2026-08-21 14:00:00,14,4,0,0,50,100,1.0,44,0.8757,1
Parking B,-1.2806414,36.8128716,2026-08-21 14:00:00,14,4,0,0,50,100,1.0,47,0.9302,1
MAIN PACKING,-1.2803274,36.8127162,2026-08-21 14:00:00,14,4,0,0,50,100,1.0,49,0.9748,0
YMCA STAFF PARKING,-1.2805756,36.8129968,2026-08-21 14:00:00,14,4,0,0,50,100,1.0,35,0.6939,1
Unnamed Parking,-1.2896057,36.8150615,2026-08-21 15:00:00,15,4,0,0,50,100,1.0,37,0.7448,1
Unnamed Parking,-1.2909796,36.8282672,2026-08-21 15:00:00,15,4,0,0,50,100,1.0,48,0.9548,0
Unnamed Parking,-1.2856445,36.8132893,2026-08-21 15:00:00,15,4,0,0,50,100,1.0,41,0.8278,1
Unnamed Parking,-1.2597359,36.8182597,2026-08-21 15:00:00,15,4,0,0,50,100,1.0,40,0.7963,1
Unnamed Parking,-1.2641049,36.8117123,2026-08-21 15:00:00,15,4,0,0,50,100,1.0,37,0.7497,1
InterContinental Hotel Car Park,-1.2873717,36.8192911,2026-08-21 15:00:00,15,4,0,0,50,300,1.15,40,0.8056,1
Unnamed Parking,-1.25013,36.8202579,2026-08-21 15:00:00,15,4,0,0,50,100,1.16,37,0.7378,1
Olympic Bus Terminus,-1.3126351,36.7778212,2026-08-21 15:00:00,15,4,0,0,50,100,1.0,50,1.0,0
Ayany Car Park,-1.3090339,36.7757579,2026-08-21 15:00:00,15,4,0,0,50,200,1.0,42,0.8482,1
Westgate Mall Car Park,-1.2566578,36.8035661,2026-08-21 15:00:00,15,4,0,0,50,50,1.0,42,0.8454,1
Student parking,-1.274479,36.805643,2026-08-21 15:00:00,15,4,0,0,50,100,1.0,45,0.897,1
Kenton Rear Parking,-1.2809847,36.7869545,2026-08-21 15:00:00,15,4,0,0,50,100,1.0,46,0.927,1
Unnamed Parking,-1.2553877,36.8667692,2026-08-21 15:00:00,15,4,0,0,50,100,1.0,46,0.9257,1
Unnamed Parking,-1.259848,36.8644681,2026-08-21 15:00:00,15,4,0,0,50,100,1.19,47,0.9359,1
Travel House Parking,-1.2861727,36.8214386,2026-08-21 15:00:00,15,4,0,0,50,100,1.18,40,0.7995,1
Lenana Parking Lot Area,-1.2900918,36.800209,2026-08-21 15:00:00,15,4,0,0,50,100,1.0,41,0.8262,1
Unnamed Parking,-1.2944773,36.8101427,2026-08-21 15:00:00,15,4,0,0,50,100,1.0,46,0.9115,1
Parking B,-1.2806414,36.8128716,2026-08-21 15:00:00,15,4,0,0,50,100,1.0,40,0.8078,1
MAIN PACKING,-1.2803274,36.8127162,2026-08-21 15:00:00,15,4,0,0,50,100,1.0,42,0.8496,1
YMCA STAFF PARKING,-1.2805756,36.8129968,2026-08-21 15:00:00,15,4,0,0,50,100,1.0,44,0.8819,1
Unnamed Parking,-1.2896057,36.8150615,2026-08-21 16:00:00,16,4,0,0,50,100,1.0,46,0.9128,1
Unnamed Parking,-1.2909796,36.8282672,2026-08-21 16:00:00,16,4,0,0,50,100,1.0,35,0.7078,1
Unnamed Parking,-1.2856445,36.8132893,2026-08-21 16:00:00,16,4,0,0,50,100,1.0,45,0.9072,1
Unnamed Parking,-1.2597359,36.8182597,2026-08-21 16:00:00,16,4,0,0,50,100,1.0,42,0.8313,1
Unnamed Parking,-1.2641049,36.8117123,2026-08-21 16:00:00,16,4,0,0,50,100,1.0,45,0.9066,1
InterContinental Hotel Car Park,-1.2873717,36.8192911,2026-08-21 16:00:00,16,4,0,0,50,300,1.15,46,0.9122,1
Unnamed Parking,-1.25013,36.8202579,2026-08-21 16:00:00,16,4,0,0,50,100,1.16,49,0.9786,0
Olympic Bus Terminus,-1.3126351,36.7778212,2026-08-21 16:00:00,16,4,0,0,50,100,1.0,48,0.9583,0
Ayany Car Park,-1.3090339,36.7757579,2026-08-21 16:00:00,16,4,0,0,50,200,1.0,48,0.9577,0
Westgate Mall Car Park,-1.2566578,36.8035661,2026-08-21 16:00:00,16,4,0,0,50,50,1.0,48,0.9655,0
Student parking,-1.274479,36.805643,2026-08-21 16:00:00,16,4,0,0,50,100,1.0,44,0.8733,1
Kenton Rear Parking,-1.2809847,36.7869545,2026-08-21 16:00:00,16,4,0,0,50,100,1.0,43,0.8526,1
Unnamed Parking,-1.2553877,36.8667692,2026-08-21 16:00:00,16,4,0,0,50,100,1.0,46,0.9198,1
Unnamed Parking,-1.259848,36.8644681,2026-08-21 16:00:00,16,4,0,0,50,100,1.19,45,0.9086,1
Travel House Parking,-1.2861727,36.8214386,2026-08-21 16:00:00,16,4,0,0,50,100,1.18,41,0.8253,1
Lenana Parking Lot Area,-1.2900918,36.800209,2026-08-21 16:00:00,16,4,0,0,50,100,1.0,44,0.8824,1
Unnamed Parking,-1.2944773,36.8101427,2026-08-21 16:00:00,16,4,0,0,50,100,1.0,42,0.8472,1
Parking B,-1.2806414,36.8128716,2026-08-21 16:00:00,16,4,0,0,50,100,1.0,39,0.7817,1
MAIN PACKING,-1.2803274,36.8127162,2026-08-21 16:00:00,16,4,0,0,50,100,1.0,48,0.9532,0
YMCA STAFF PARKING,-1.2805756,36.8129968,2026-08-21 16:00:00,16,4,0,0,50,100,1.0,43,0.8544,1
Unnamed Parking,-1.2896057,36.8150615,2026-08-21 17:00:00,17,4,0,0,50,100,1.0,43,0.8639,1
Unnamed Parking,-1.2909796,36.8282672,2026-08-21 17:00:00,17,4,0,0,50,100,1.0,28,0.57,1
Unnamed Parking,-1.2856445,36.8132893,2026-08-21 17:00:00,17,4,0,0,50,100,1.0,33,0.6555,1
Unnamed Parking,-1.2597359,36.8182597,2026-08-21 17:00:00,17,4,0,0,50,100,1.0,35,0.7026,1
Unnamed Parking,-1.2641049,36.8117123,2026-08-21 17:00:00,17,4,0,0,50,100,1.0,40,0.791,1
InterContinental Hotel Car Park,-1.2873717,36.8192911,2026-08-21 17:00:00,17,4,0,0,50,300,1.15,37,0.732,1
Unnamed Parking,-1.25013,36.8202579,2026-08-21 17:00:00,17,4,0,0,50,100,1.16,36,0.7248,1
Olympic Bus Terminus,-1.3126351,36.7778212,2026-08-21 17:00:00,17,4,0,0,50,100,1.0,30,0.6098,1
Ayany Car Park,-1.3090339,36.7757579,2026-08-21 17:00:00,17,4,0,0,50,200,1.0,30,0.6074,1
Westgate Mall Car Park,-1.2566578,36.8035661,2026-08-21 17:00:00,17,4,0,0,50,50,1.0,36,0.7258,1
Student parking,-1.274479,36.805643,2026-08-21 17:00:00,17,4,0,0,50,100,1.0,30,0.5909,1
Kenton Rear Parking,-1.2809847,36.7869545,2026-08-21 17:00:00,17,4,0,0,50,100,1.0,33,0.6574,1
Unnamed Parking,-1.2553877,36.8667692,2026-08-21 17:00:00,17,4,0,0,50,100,1.0,37,0.7401,1
Unnamed Parking,-1.259848,36.8644681,2026-08-21 17:00:00,17,4,0,0,50,100,1.19,31,0.6214,1
Travel House Parking,-1.2861727,36.8214386,2026-08-21 17:00:00,17,4,0,0,50,100,1.18,41,0.8284,1
Lenana Parking Lot Area,-1.2900918,36.800209,2026-08-21 17:00:00,17,4,0,0,50,100,1.0,40,0.7979,1
Unnamed Parking,-1.2944773,36.8101427,2026-08-21 17:00:00,17,4,0,0,50,100,1.0,29,0.5743,1
Parking B,-1.2806414,36.8128716,2026-08-21 17:00:00,17,4,0,0,50,100,1.0,31,0.6254,1
MAIN PACKING,-1.2803274,36.8127162,2026-08-21 17:00:00,17,4,0,0,50,100,1.0,26,0.5171,1
YMCA STAFF PARKING,-1.2805756,36.8129968,2026-08-21 17:00:00,17,4,0,0,50,100,1.0,32,0.6374,1
Unnamed Parking,-1.2896057,36.8150615,2026-08-21 18:00:00,18,4,0,0,50,100,1.0,38,0.7613,1
Unnamed Parking,-1.2909796,36.8282672,2026-08-21 18:00:00,18,4,0,0,50,100,1.0,33,0.6669,1
Unnamed Parking,-1.2856445,36.8132893,2026-08-21 18:00:00,18,4,0,0,50,100,1.0,37,0.7369,1
Unnamed Parking,-1.2597359,36.8182597,2026-08-21 18:00:00,18,4,0,0,50,100,1.0,29,0.5782,1
Unnamed Parking,-1.2641049,36.8117123,2026-08-21 18:00:00,18,4,0,0,50,100,1.0,38,0.7638,1
InterContinental Hotel Car Park,-1.2873717,36.8192911,2026-08-21 18:00:00,18,4,0,0,50,300,1.15,33,0.6556,1
Unnamed Parking,-1.25013,36.8202579,2026-08-21 18:00:00,18,4,0,0,50,100,1.16,35,0.701,1
Olympic Bus Terminus,-1.3126351,36.7778212,2026-08-21 18:00:00,18,4,0,0,50,100,1.0,35,0.6926,1
Ayany Car Park,-1.3090339,36.7757579,2026-08-21 18:00:00,18,4,0,0,50,200,1.0,30,0.5983,1
Westgate Mall Car Park,-1.2566578,36.8035661,2026-08-21 18:00:00,18,4,0,0,50,50,1.0,30,0.6078,1
Student parking,-1.274479,36.805643,2026-08-21 18:00:00,18,4,0,0,50,100,1.0,39,0.7774,1
Kenton Rear Parking,-1.2809847,36.7869545,2026-08-21 18:00:00,18,4,0,0,50,100,1.0,37,0.7319,1
Unnamed Parking,-1.2553877,36.8667692,2026-08-21 18:00:00,18,4,0,0,50,100,1.0,39,0.784,1
Unnamed Parking,-1.259848,36.8644681,2026-08-21 18:00:00,18,4,0,0,50,100,1.19,36,0.726,1
Travel House Parking,-1.2861727,36.8214386,2026-08-21 18:00:00,18,4,0,0,50,100,1.18,36,0.7114,1
Lenana Parking Lot Area,-1.2900918,36.800209,2026-08-21 18:00:00,18,4,0,0,50,100,1.0,28,0.5619,1
Unnamed Parking,-1.2944773,36.8101427,2026-08-21 18:00:00,18,4,0,0,50,100,1.0,34,0.6784,1
Parking B,-1.2806414,36.8128716,2026-08-21 18:00:00,18,4,0,0,50,100,1.0,35,0.6978,1
MAIN PACKING,-1.2803274,36.8127162,2026-08-21 18:00:00,18,4,0,0,50,100,1.0,43,0.8562,1
YMCA STAFF PARKING,-1.2805756,36.8129968,2026-08-21 18:00:00,18,4,0,0,50,100,1.0,38,0.755,1
Unnamed Parking,-1.2896057,36.8150615,2026-08-21 19:00:00,19,4,0,0,50,100,1.0,26,0.5229,1
Unnamed Parking,-1.2909796,36.8282672,2026-08-21 19:00:00,19,4,0,0,50,100,1.0,22,0.4478,1
Unnamed Parking,-1.2856445,36.8132893,2026-08-21 19:00:00,19,4,0,0,50,100,1.0,17,0.3431,1
Unnamed Parking,-1.2597359,36.8182597,2026-08-21 19:00:00,19,4,0,0,50,100,1.0,20,0.4094,1
Unnamed Parking,-1.2641049,36.8117123,2026-08-21 19:00:00,19,4,0,0,50,100,1.0,21,0.4189,1
InterContinental Hotel Car Park,-1.2873717,36.8192911,2026-08-21 19:00:00,19,4,0,0,50,300,1.15,16,0.3249,1
Unnamed Parking,-1.25013,36.8202579,2026-08-21 19:00:00,19,4,0,0,50,100,1.16,18,0.3692,1
Olympic Bus Terminus,-1.3126351,36.7778212,2026-08-21 19:00:00,19,4,0,0,50,100,1.0,19,0.3835,1
Ayany Car Park,-1.3090339,36.7757579,2026-08-21 19:00:00,19,4,0,0,50,200,1.0,26,0.5284,1
Westgate Mall Car Park,-1.2566578,36.8035661,2026-08-21 19:00:00,19,4,0,0,50,50,1.0,12,0.2335,1
Student parking,-1.274479,36.805643,2026-08-21 19:00:00,19,4,0,0,50,100,1.0,25,0.4965,1
Kenton Rear Parking,-1.2809847,36.7869545,2026-08-21 19:00:00,19,4,0,0,50,100,1.0,16,0.3251,1
Unnamed Parking,-1.2553877,36.8667692,2026-08-21 19:00:00,19,4,0,0,50,100,1.0,15,0.2902,1
Unnamed Parking,-1.259848,36.8644681,2026-08-21 19:00:00,19,4,0,0,50,100,1.19,25,0.4944,1
Travel House Parking,-1.2861727,36.8214386,2026-08-21 19:00:00,19,4,0,0,50,100,1.18,23,0.4586,1
Lenana Parking Lot Area,-1.2900918,36.800209,2026-08-21 19:00:00,19,4,0,0,50,100,1.0,25,0.5004,1
Unnamed Parking,-1.2944773,36.8101427,2026-08-21 19:00:00,19,4,0,0,50,100,1.0,23,0.4641,1
Parking B,-1.2806414,36.8128716,2026-08-21 19:00:00,19,4,0,0,50,100,1.0,28,0.5648,1
MAIN PACKING,-1.2803274,36.8127162,2026-08-21 19:00:00,19,4,0,0,50,100,1.0,22,0.4447,1
YMCA STAFF PARKING,-1.2805756,36.8129968,2026-08-21 19:00:00,19,4,0,0,50,100,1.0,19,0.3875,1
Unnamed Parking,-1.2896057,36.8150615,2026-08-21 20:00:00,20,4,0,0,50,100,1.0,21,0.4274,1
Unnamed Parking,-1.2909796,36.8282672,2026-08-21 20:00:00,20,4,0,0,50,100,1.0,25,0.4995,1
Unnamed Parking,-1.2856445,36.8132893,2026-08-21 20:00:00,20,4,0,0,50,100,1.0,17,0.3376,1
Unnamed Parking,-1.2597359,36.8182597,2026-08-21 20:00:00,20,4,0,0,50,100,1.0,17,0.3478,1
Unnamed Parking,-1.2641049,36.8117123,2026-08-21 20:00:00,20,4,0,0,50,100,1.0,19,0.3753,1
InterContinental Hotel Car Park,-1.2873717,36.8192911,2026-08-21 20:00:00,20,4,0,0,50,300,1.15,12,0.2316,1
Unnamed Parking,-1.25013,36.8202579,2026-08-21 20:00:00,20,4,0,0,50,100,1.16,21,0.411,1
Olympic Bus Terminus,-1.3126351,36.7778212,2026-08-21 20:00:00,20,4,0,0,50,100,1.0,12,0.2491,1
Ayany Car Park,-1.3090339,36.7757579,2026-08-21 20:00:00,20,4,0,0,50,200,1.0,20,0.4042,1
Westgate Mall Car Park,-1.2566578,36.8035661,2026-08-21 20:00:00,20,4,0,0,50,50,1.0,23,0.4692,1
Student parking,-1.274479,36.805643,2026-08-21 20:00:00,20,4,0,0,50,100,1.0,18,0.3618,1
Kenton Rear Parking,-1.2809847,36.7869545,2026-08-21 20:00:00,20,4,0,0,50,100,1.0,27,0.5342,1
Unnamed Parking,-1.2553877,36.8667692,2026-08-21 20:00:00,20,4,0,0,50,100,1.0,14,0.2832,1
Unnamed Parking,-1.259848,36.8644681,2026-08-21 20:00:00,20,4,0,0,50,100,1.19,25,0.4953,1
Travel House Parking,-1.2861727,36.8214386,2026-08-21 20:00:00,20,4,0,0,50,100,1.18,23,0.454,1
Lenana Parking Lot Area,-1.2900918,36.800209,2026-08-21 20:00:00,20,4,0,0,50,100,1.0,13,0.2627,1
Unnamed Parking,-1.2944773,36.8101427,2026-08-21 20:00:00,20,4,0,0,50,100,1.0,31,0.6169,1
Parking B,-1.2806414,36.8128716,2026-08-21 20:00:00,20,4,0,0,50,100,1.0,20,0.3949,1
MAIN PACKING,-1.2803274,36.8127162,2026-08-21 20:00:00,20,4,0,0,50,100,1.0,16,0.3298,1
YMCA STAFF PARKING,-1.2805756,36.8129968,2026-08-21 20:00:00,20,4,0,0,50,100,1.0,14,0.2874,1
Unnamed Parking,-1.2896057,36.8150615,2026-08-21 21:00:00,21,4,0,0,50,100,1.0,19,0.3824,1
Unnamed Parking,-1.2909796,36.8282672,2026-08-21 21:00:00,21,4,0,0,50,100,1.0,19,0.3898,1
Unnamed Parking,-1.2856445,36.8132893,2026-08-21 21:00:00,21,4,0,0,50,100,1.0,20,0.4082,1
Unnamed Parking,-1.2597359,36.8182597,2026-08-21 21:00:00,21,4,0,0,50,100,1.0,19,0.3762,1
Unnamed Parking,-1.2641049,36.8117123,2026-08-21 21:00:00,21,4,0,0,50,100,1.0,23,0.4507,1
InterContinental Hotel Car Park,-1.2873717,36.8192911,2026-08-21 21:00:00,21,4,0,0,50,300,1.15,18,0.369,1
Unnamed Parking,-1.25013,36.8202579,2026-08-21 21:00:00,21,4,0,0,50,100,1.16,12,0.2452,1
Olympic Bus Terminus,-1.3126351,36.7778212,2026-08-21 21:00:00,21,4,0,0,50,100,1.0,19,0.3881,1
Ayany Car Park,-1.3090339,36.7757579,2026-08-21 21:00:00,21,4,0,0,50,200,1.0,11,0.2106,1
Westgate Mall Car Park,-1.2566578,36.8035661,2026-08-21 21:00:00,21,4,0,0,50,50,1.0,21,0.4283,1
Student parking,-1.274479,36.805643,2026-08-21 21:00:00,21,4,0,0,50,100,1.0,16,0.3217,1
Kenton Rear Parking,-1.2809847,36.7869545,2026-08-21 21:00:00,21,4,0,0,50,100,1.0,21,0.4131,1
Unnamed Parking,-1.2553877,36.8667692,2026-08-21 21:00:00,21,4,0,0,50,100,1.0,25,0.5051,1
Unnamed Parking,-1.259848,36.8644681,2026-08-21 21:00:00,21,4,0,0,50,100,1.19,16,0.3241,1
Travel House Parking,-1.2861727,36.8214386,2026-08-21 21:00:00,21,4,0,0,50,100,1.18,24,0.4849,1
Lenana Parking Lot Area,-1.2900918,36.800209,2026-08-21 21:00:00,21,4,0,0,50,100,1.0,18,0.3653,1
Unnamed Parking,-1.2944773,36.8101427,2026-08-21 21:00:00,21,4,0,0,50,100,1.0,27,0.5403,1
Parking B,-1.2806414,36.8128716,2026-08-21 21:00:00,21,4,0,0,50,100,1.0,19,0.3708,1
MAIN PACKING,-1.2803274,36.8127162,2026-08-21 21:00:00,21,4,0,0,50,100,1.0,17,0.3328,1
YMCA STAFF PARKING,-1.2805756,36.8129968,2026-08-21 21:00:00,21,4,0,0,50,100,1.0,23,0.455,1
Unnamed Parking,-1.2896057,36.8150615,2026-08-21 22:00:00,22,4,0,0,50,100,1.0,18,0.3651,1
Unnamed Parking,-1.2909796,36.8282672,2026-08-21 22:00:00,22,4,0,0,50,100,1.0,17,0.3327,1
Unnamed Parking,-1.2856445,36.8132893,2026-08-21 22:00:00,22,4,0,0,50,100,1.0,18,0.3618,1
Unnamed Parking,-1.2597359,36.8182597,2026-08-21 22:00:00,22,4,0,0,50,100,1.0,20,0.3964,1
Unnamed Parking,-1.2641049,36.8117123,2026-08-21 22:00:00,22,4,0,0,50,100,1.0,25,0.5074,1
InterContinental Hotel Car Park,-1.2873717,36.8192911,2026-08-21 22:00:00,22,4,0,0,50,300,1.15,12,0.2453,1
Unnamed Parking,-1.25013,36.8202579,2026-08-21 22:00:00,22,4,0,0,50,100,1.16,20,0.4018,1
Olympic Bus Terminus,-1.3126351,36.7778212,2026-08-21 22:00:00,22,4,0,0,50,100,1.0,22,0.45,1
Ayany Car Park,-1.3090339,36.7757579,2026-08-21 22:00:00,22,4,0,0,50,200,1.0,21,0.4155,1
Westgate Mall Car Park,-1.2566578,36.8035661,2026-08-21 22:00:00,22,4,0,0,50,50,1.0,25,0.5048,1
Student parking,-1.274479,36.805643,2026-08-21 22:00:00,22,4,0,0,50,100,1.0,20,0.3941,1
Kenton Rear Parking,-1.2809847,36.7869545,2026-08-21 22:00:00,22,4,0,0,50,100,1.0,19,0.3852,1
Unnamed Parking,-1.2553877,36.8667692,2026-08-21 22:00:00,22,4,0,0,50,100,1.0,22,0.4474,1
Unnamed Parking,-1.259848,36.8644681,2026-08-21 22:00:00,22,4,0,0,50,100,1.19,20,0.4079,1
Travel House Parking,-1.2861727,36.8214386,2026-08-21 22:00:00,22,4,0,0,50,100,1.18,18,0.3688,1
Lenana Parking Lot Area,-1.2900918,36.800209,2026-08-21 22:00:00,22,4,0,0,50,100,1.0,22,0.4413,1
Unnamed Parking,-1.2944773,36.8101427,2026-08-21 22:00:00,22,4,0,0,50,100,1.0,17,0.3478,1
Parking B,-1.2806414,36.8128716,2026-08-21 22:00:00,22,4,0,0,50,100,1.0,18,0.3511,1
MAIN PACKING,-1.2803274,36.8127162,2026-08-21 22:00:00,22,4,0,0,50,100,1.0,18,0.3578,1
YMCA STAFF PARKING,-1.2805756,36.8129968,2026-08-21 22:00:00,22,4,0,0,50,100,1.0,25,0.5082,1
Unnamed Parking,-1.2896057,36.8150615,2026-08-22 06:00:00,6,5,1,0,50,100,1.0,5,0.1,1
Unnamed Parking,-1.2909796,36.8282672,2026-08-22 06:00:00,6,5,1,0,50,100,1.0,14,0.2716,1
Unnamed Parking,-1.2856445,36.8132893,2026-08-22 06:00:00,6,5,1,0,50,100,1.0,12,0.2427,1
Unnamed Parking,-1.2597359,36.8182597,2026-08-22 06:00:00,6,5,1,0,50,100,1.0,5,0.1055,1
Unnamed Parking,-1.2641049,36.8117123,2026-08-22 06:00:00,6,5,1,0,50,100,1.0,13,0.2648,1
InterContinental Hotel Car Park,-1.2873717,36.8192911,2026-08-22 06:00:00,6,5,1,0,50,300,1.15,14,0.2781,1
Unnamed Parking,-1.25013,36.8202579,2026-08-22 06:00:00,6,5,1,0,50,100,1.16,14,0.2872,1
Olympic Bus Terminus,-1.3126351,36.7778212,2026-08-22 06:00:00,6,5,1,0,50,100,1.0,5,0.1,1
Ayany Car Park,-1.3090339,36.7757579,2026-08-22 06:00:00,6,5,1,0,50,200,1.0,17,0.3493,1
Westgate Mall Car Park,-1.2566578,36.8035661,2026-08-22 06:00:00,6,5,1,0,50,50,1.0,9,0.181,1
Student parking,-1.274479,36.805643,2026-08-22 06:00:00,6,5,1,0,50,100,1.0,15,0.2949,1
Kenton Rear Parking,-1.2809847,36.7869545,2026-08-22 06:00:00,6,5,1,0,50,100,1.0,15,0.2993,1
Unnamed Parking,-1.2553877,36.8667692,2026-08-22 06:00:00,6,5,1,0,50,100,1.0,8,0.1699,1
Unnamed Parking,-1.259848,36.8644681,2026-08-22 06:00:00,6,5,1,0,50,100,1.19,15,0.2928,1
Travel House Parking,-1.2861727,36.8214386,2026-08-22 06:00:00,6,5,1,0,50,100,1.18,10,0.2092,1
Lenana Parking Lot Area,-1.2900918,36.800209,2026-08-22 06:00:00,6,5,1,0,50,100,1.0,5,0.1,1
Unnamed Parking,-1.2944773,36.8101427,2026-08-22 06:00:00,6,5,1,0,50,100,1.0,17,0.3334,1
Parking B,-1.2806414,36.8128716,2026-08-22 06:00:00,6,5,1,0,50,100,1.0,9,0.178,1
MAIN PACKING,-1.2803274,36.8127162,2026-08-22 06:00:00,6,5,1,0,50,100,1.0,9,0.1716,1
YMCA STAFF PARKING,-1.2805756,36.8129968,2026-08-22 06:00:00,6,5,1,0,50,100,1.0,10,0.2078,1
Unnamed Parking,-1.2896057,36.8150615,2026-08-22 07:00:00,7,5,1,0,50,100,1.0,13,0.2618,1
Unnamed Parking,-1.2909796,36.8282672,2026-08-22 07:00:00,7,5,1,0,50,100,1.0,12,0.2354,1
Unnamed Parking,-1.2856445,36.8132893,2026-08-22 07:00:00,7,5,1,0,50,100,1.0,14,0.2838,1
Unnamed Parking,-1.2597359,36.8182597,2026-08-22 07:00:00,7,5,1,0,50,100,1.0,7,0.1328,1
Unnamed Parking,-1.2641049,36.8117123,2026-08-22 07:00:00,7,5,1,0,50,100,1.0,9,0.1806,1
InterContinental Hotel Car Park,-1.2873717,36.8192911,2026-08-22 07:00:00,7,5,1,0,50,300,1.15,12,0.2307,1
Unnamed Parking,-1.25013,36.8202579,2026-08-22 07:00:00,7,5,1,0,50,100,1.16,20,0.3918,1
Olympic Bus Terminus,-1.3126351,36.7778212,2026-08-22 07:00:00,7,5,1,0,50,100,1.0,12,0.2309,1
Ayany Car Park,-1.3090339,36.7757579,2026-08-22 07:00:00,7,5,1,0,50,200,1.0,16,0.3268,1
Westgate Mall Car Park,-1.2566578,36.8035661,2026-08-22 07:00:00,7,5,1,0,50,50,1.0,12,0.2431,1
Student parking,-1.274479,36.805643,2026-08-22 07:00:00,7,5,1,0,50,100,1.0,10,0.2013,1
Kenton Rear Parking,-1.2809847,36.7869545,2026-08-22 07:00:00,7,5,1,0,50,100,1.0,11,0.2203,1
Unnamed Parking,-1.2553877,36.8667692,2026-08-22 07:00:00,7,5,1,0,50,100,1.0,11,0.2265,1
Unnamed Parking,-1.259848,36.8644681,2026-08-22 07:00:00,7,5,1,0,50,100,1.19,14,0.2883,1
Travel House Parking,-1.2861727,36.8214386,2026-08-22 07:00:00,7,5,1,0,50,100,1.18,17,0.35,1
Lenana Parking Lot Area,-1.2900918,36.800209,2026-08-22 07:00:00,7,5,1,0,50,100,1.0,13,0.2688,1
Unnamed Parking,-1.2944773,36.8101427,2026-08-22 07:00:00,7,5,1,0,50,100,1.0,17,0.335,1
Parking B,-1.2806414,36.8128716,2026-08-22 07:00:00,7,5,1,0,50,100,1.0,8,0.1628,1
MAIN PACKING,-1.2803274,36.8127162,2026-08-22 07:00:00,7,5,1,0,50,100,1.0,10,0.2068,1
YMCA STAFF PARKING,-1.2805756,36.8129968,2026-08-22 07:00:00,7,5,1,0,50,100,1.0,9,0.1821,1
Unnamed Parking,-1.2896057,36.8150615,2026-08-22 08:00:00,8,5,1,0,50,100,1.0,27,0.5352,1
Unnamed Parking,-1.2909796,36.8282672,2026-08-22 08:00:00,8,5,1,0,50,100,1.0,24,0.4813,1
Unnamed Parking,-1.2856445,36.8132893,2026-08-22 08:00:00,8,5,1,0,50,100,1.0,28,0.5684,1
Unnamed Parking,-1.2597359,36.8182597,2026-08-22 08:00:00,8,5,1,0,50,100,1.0,22,0.4355,1
Unnamed Parking,-1.2641049,36.8117123,2026-08-22 08:00:00,8,5,1,0,50,100,1.0,26,0.5134,1
InterContinental Hotel Car Park,-1.2873717,36.8192911,2026-08-22 08:00:00,8,5,1,0,50,300,1.15,28,0.5649,1
Unnamed Parking,-1.25013,36.8202579,2026-08-22 08:00:00,8,5,1,0,50,100,1.16,17,0.3448,1
Olympic Bus Terminus,-1.3126351,36.7778212,2026-08-22 08:00:00,8,5,1,0,50,100,1.0,34,0.6797,1
Ayany Car Park,-1.3090339,36.7757579,2026-08-22 08:00:00,8,5,1,0,50,200,1.0,24,0.4873,1
Westgate Mall Car Park,-1.2566578,36.8035661,2026-08-22 08:00:00,8,5,1,0,50,50,1.0,17,0.348,1
Student parking,-1.274479,36.805643,2026-08-22 08:00:00,8,5,1,0,50,100,1.0,26,0.5226,1
Kenton Rear Parking,-1.2809847,36.7869545,2026-08-22 08:00:00,8,5,1,0,50,100,1.0,26,0.5127,1
Unnamed Parking,-1.2553877,36.8667692,2026-08-22 08:00:00,8,5,1,0,50,100,1.0,25,0.5034,1
Unnamed Parking,-1.259848,36.8644681,2026-08-22 08:00:00,8,5,1,0,50,100,1.19,29,0.5893,1
Travel House Parking,-1.2861727,36.8214386,2026-08-22 08:00:00,8,5,1,0,50,100,1.18,28,0.5698,1
Lenana Parking Lot Area,-1.2900918,36.800209,2026-08-22 08:00:00,8,5,1,0,50,100,1.0,27,0.5338,1
Unnamed Parking,-1.2944773,36.8101427,2026-08-22 08:00:00,8,5,1,0,50,100,1.0,27,0.546,1
Parking B,-1.2806414,36.8128716,2026-08-22 08:00:00,8,5,1,0,50,100,1.0,25,0.5017,1
MAIN PACKING,-1.2803274,36.8127162,2026-08-22 08:00:00,8,5,1,0,50,100,1.0,33,0.652,1
YMCA STAFF PARKING,-1.2805756,36.8129968,2026-08-22 08:00:00,8,5,1,0,50,100,1.0,20,0.3917,1
Unnamed Parking,-1.2896057,36.8150615,2026-08-22 09:00:00,9,5,1,0,50,100,1.0,26,0.5212,1
Unnamed Parking,-1.2909796,36.8282672,2026-08-22 09:00:00,9,5,1,0,50,100,1.0,26,0.5152,1
Unnamed Parking,-1.2856445,36.8132893,2026-08-22 09:00:00,9,5,1,0,50,100,1.0,29,0.5751,1
Unnamed Parking,-1.2597359,36.8182597,2026-08-22 09:00:00,9,5,1,0,50,100,1.0,22,0.4425,1
Unnamed Parking,-1.2641049,36.8117123,2026-08-22 09:00:00,9,5,1,0,50,100,1.0,19,0.3705,1
InterContinental Hotel Car Park,-1.2873717,36.8192911,2026-08-22 09:00:00,9,5,1,0,50,300,1.15,26,0.5225,1
Unnamed Parking,-1.25013,36.8202579,2026-08-22 09:00:00,9,5,1,0,50,100,1.16,27,0.5325,1
Olympic Bus Terminus,-1.3126351,36.7778212,2026-08-22 09:00:00,9,5,1,0,50,100,1.0,31,0.6292,1
Ayany Car Park,-1.3090339,36.7757579,2026-08-22 09:00:00,9,5,1,0,50,200,1.0,20,0.4084,1
Westgate Mall Car Park,-1.2566578,36.8035661,2026-08-22 09:00:00,9,5,1,0,50,50,1.0,30,0.6024,1
Student parking,-1.274479,36.805643,2026-08-22 09:00:00,9,5,1,0,50,100,1.0,35,0.6994,1
Kenton Rear Parking,-1.2809847,36.7869545,2026-08-22 09:00:00,9,5,1,0,50,100,1.0,24,0.4798,1
Unnamed Parking,-1.2553877,36.8667692,2026-08-22 09:00:00,9,5,1,0,50,100,1.0,20,0.4067,1
Unnamed Parking,-1.259848,36.8644681,2026-08-22 09:00:00,9,5,1,0,50,100,1.19,24,0.4774,1
Travel House Parking,-1.2861727,36.8214386,2026-08-22 09:00:00,9,5,1,0,50,100,1.18,26,0.5111,1
Lenana Parking Lot Area,-1.2900918,36.800209,2026-08-22 09:00:00,9,5,1,0,50,100,1.0,28,0.5551,1
Unnamed Parking,-1.2944773,36.8101427,2026-08-22 09:00:00,9,5,1,0,50,100,1.0,23,0.4627,1
Parking B,-1.2806414,36.8128716,2026-08-22 09:00:00,9,5,1,0,50,100,1.0,32,0.6344,1
MAIN PACKING,-1.2803274,36.8127162,2026-08-22 09:00:00,9,5,1,0,50,100,1.0,21,0.4208,1
YMCA STAFF PARKING,-1.2805756,36.8129968,2026-08-22 09:00:00,9,5,1,0,50,100,1.0,19,0.3709,1
Unnamed Parking,-1.2896057,36.8150615,2026-08-22 10:00:00,10,5,1,0,50,100,1.0,30,0.5985,1
Unnamed Parking,-1.2909796,36.8282672,2026-08-22 10:00:00,10,5,1,0,50,100,1.0,16,0.328,1
Unnamed Parking,-1.2856445,36.8132893,2026-08-22 10:00:00,10,5,1,0,50,100,1.0,25,0.4937,1
Unnamed Parking,-1.2597359,36.8182597,2026-08-22 10:00:00,10,5,1,0,50,100,1.0,38,0.7594,1
Unnamed Parking,-1.2641049,36.8117123,2026-08-22 10:00:00,10,5,1,0,50,100,1.0,25,0.509,1
InterContinental Hotel Car Park,-1.2873717,36.8192911,2026-08-22 10:00:00,10,5,1,0,50,300,1.15,21,0.4203,1
Unnamed Parking,-1.25013,36.8202579,2026-08-22 10:00:00,10,5,1,0,50,100,1.16,25,0.5054,1
Olympic Bus Terminus,-1.3126351,36.7778212,2026-08-22 10:00:00,10,5,1,0,50,100,1.0,25,0.5059,1
Ayany Car Park,-1.3090339,36.7757579,2026-08-22 10:00:00,10,5,1,0,50,200,1.0,26,0.5229,1
Westgate Mall Car Park,-1.2566578,36.8035661,2026-08-22 10:00:00,10,5,1,0,50,50,1.0,28,0.563,1
Student parking,-1.274479,36.805643,2026-08-22 10:00:00,10,5,1,0,50,100,1.0,21,0.4269,1
Kenton Rear Parking,-1.2809847,36.7869545,2026-08-22 10:00:00,10,5,1,0,50,100,1.0,32,0.645,1
Unnamed Parking,-1.2553877,36.8667692,2026-08-22 10:00:00,10,5,1,0,50,100,1.0,26,0.5296,1
Unnamed Parking,-1.259848,36.8644681,2026-08-22 10:00:00,10,5,1,0,50,100,1.19,28,0.5681,1
Travel House Parking,-1.2861727,36.8214386,2026-08-22 10:00:00,10,5,1,0,50,100,1.18,23,0.4597,1
Lenana Parking Lot Area,-1.2900918,36.800209,2026-08-22 10:00:00,10,5,1,0,50,100,1.0,31,0.6129,1
Unnamed Parking,-1.2944773,36.8101427,2026-08-22 10:00:00,10,5,1,0,50,100,1.0,24,0.4894,1
Parking B,-1.2806414,36.8128716,2026-08-22 10:00:00,10,5,1,0,50,100,1.0,27,0.5322,1
MAIN PACKING,-1.2803274,36.8127162,2026-08-22 10:00:00,10,5,1,0,50,100,1.0,22,0.4354,1
YMCA STAFF PARKING,-1.2805756,36.8129968,2026-08-22 10:00:00,10,5,1,0,50,100,1.0,22,0.4302,1
Unnamed Parking,-1.2896057,36.8150615,2026-08-22 11:00:00,11,5,1,0,50,100,1.0,28,0.5651,1
Unnamed Parking,-1.2909796,36.8282672,2026-08-22 11:00:00,11,5,1,0,50,100,1.0,24,0.4745,1
Unnamed Parking,-1.2856445,36.8132893,2026-08-22 11:00:00,11,5,1,0,50,100,1.0,22,0.4417,1
Unnamed Parking,-1.2597359,36.8182597,2026-08-22 11:00:00,11,5,1,0,50,100,1.0,23,0.4585,1
Unnamed Parking,-1.2641049,36.8117123,2026-08-22 11:00:00,11,5,1,0,50,100,1.0,28,0.5659,1
InterContinental Hotel Car Park,-1.2873717,36.8192911,2026-08-22 11:00:00,11,5,1,0,50,300,1.15,23,0.4597,1
Unnamed Parking,-1.25013,36.8202579,2026-08-22 11:00:00,11,5,1,0,50,100,1.16,25,0.5006,1
Olympic Bus Terminus,-1.3126351,36.7778212,2026-08-22 11:00:00,11,5,1,0,50,100,1.0,26,0.5112,1
Ayany Car Park,-1.3090339,36.7757579,2026-08-22 11:00:00,11,5,1,0,50,200,1.0,18,0.3566,1
Westgate Mall Car Park,-1.2566578,36.8035661,2026-08-22 11:00:00,11,5,1,0,50,50,1.0,20,0.3923,1
Student parking,-1.274479,36.805643,2026-08-22 11:00:00,11,5,1,0,50,100,1.0,27,0.5369,1
Kenton Rear Parking,-1.2809847,36.7869545,2026-08-22 11:00:00,11,5,1,0,50,100,1.0,23,0.451,1
Unnamed Parking,-1.2553877,36.8667692,2026-08-22 11:00:00,11,5,1,0,50,100,1.0,30,0.5945,1
Unnamed Parking,-1.259848,36.8644681,2026-08-22 11:00:00,11,5,1,0,50,100,1.19,29,0.5873,1
Travel House Parking,-1.2861727,36.8214386,2026-08-22 11:00:00,11,5,1,0,50,100,1.18,28,0.5675,1
Lenana Parking Lot Area,-1.2900918,36.800209,2026-08-22 11:00:00,11,5,1,0,50,100,1.0,33,0.6556,1
Unnamed Parking,-1.2944773,36.8101427,2026-08-22 11:00:00,11,5,1,0,50,100,1.0,25,0.5034,1
Parking B,-1.2806414,36.8128716,2026-08-22 11:00:00,11,5,1,0,50,100,1.0,28,0.5619,1
MAIN PACKING,-1.2803274,36.8127162,2026-08-22 11:00:00,11,5,1,0,50,100,1.0,23,0.4632,1
YMCA STAFF PARKING,-1.2805756,36.8129968,2026-08-22 11:00:00,11,5,1,0,50,100,1.0,35,0.7062,1
Unnamed Parking,-1.2896057,36.8150615,2026-08-22 12:00:00,12,5,1,0,50,100,1.0,29,0.5787,1
Unnamed Parking,-1.2909796,36.8282672,2026-08-22 12:00:00,12,5,1,0,50,100,1.0,21,0.421,1
Unnamed Parking,-1.2856445,36.8132893,2026-08-22 12:00:00,12,5,1,0,50,100,1.0,23,0.4509,1
Unnamed Parking,-1.2597359,36.8182597,2026-08-22 12:00:00,12,5,1,0,50,100,1.0,26,0.5287,1
Unnamed Parking,-1.2641049,36.8117123,2026-08-22 12:00:00,12,5,1,0,50,100,1.0,20,0.4082,1
InterContinental Hotel Car Park,-1.2873717,36.8192911,2026-08-22 12:00:00,12,5,1,0,50,300,1.15,18,0.3675,1
Unnamed Parking,-1.25013,36.8202579,2026-08-22 12:00:00,12,5,1,0,50,100,1.16,24,0.4899,1
Olympic Bus Terminus,-1.3126351,36.7778212,2026-08-22 12:00:00,12,5,1,0,50,100,1.0,21,0.4263,1
Ayany Car Park,-1.3090339,36.7757579,2026-08-22 12:00:00,12,5,1,0,50,200,1.0,22,0.4346,1
Westgate Mall Car Park,-1.2566578,36.8035661,2026-08-22 12:00:00,12,5,1,0,50,50,1.0,18,0.3533,1
Student parking,-1.274479,36.805643,2026-08-22 12:00:00,12,5,1,0,50,100,1.0,14,0.2826,1
Kenton Rear Parking,-1.2809847,36.7869545,2026-08-22 12:00:00,12,5,1,0,50,100,1.0,22,0.4389,1
Unnamed Parking,-1.2553877,36.8667692,2026-08-22 12:00:00,12,5,1,0,50,100,1.0,25,0.4924,1
Unnamed Parking,-1.259848,36.8644681,2026-08-22 12:00:00,12,5,1,0,50,100,1.19,20,0.4019,1
Travel House Parking,-1.2861727,36.8214386,2026-08-22 12:00:00,12,5,1,0,50,100,1.18,27,0.5349,1
Lenana Parking Lot Area,-1.2900918,36.800209,2026-08-22 12:00:00,12,5,1,0,50,100,1.0,18,0.3637,1
Unnamed Parking,-1.2944773,36.8101427,2026-08-22 12:00:00,12,5,1,0,50,100,1.0,17,0.3356,1
Parking B,-1.2806414,36.8128716,2026-08-22 12:00:00,12,5,1,0,50,100,1.0,21,0.4146,1
MAIN PACKING,-1.2803274,36.8127162,2026-08-22 12:00:00,12,5,1,0,50,100,1.0,21,0.4134,1
YMCA STAFF PARKING,-1.2805756,36.8129968,2026-08-22 12:00:00,12,5,1,0,50,100,1.0,24,0.4816,1
Unnamed Parking,-1.2896057,36.8150615,2026-08-22 13:00:00,13,5,1,0,50,100,1.0,22,0.448,1
Unnamed Parking,-1.2909796,36.8282672,2026-08-22 13:00:00,13,5,1,0,50,100,1.0,31,0.6194,1
Unnamed Parking,-1.2856445,36.8132893,2026-08-22 13:00:00,13,5,1,0,50,100,1.0,33,0.6674,1
Unnamed Parking,-1.2597359,36.8182597,2026-08-22 13:00:00,13,5,1,0,50,100,1.0,25,0.5069,1
Unnamed Parking,-1.2641049,36.8117123,2026-08-22 13:00:00,13,5,1,0,50,100,1.0,30,0.61,1
InterContinental Hotel Car Park,-1.2873717,36.8192911,2026-08-22 13:00:00,13,5,1,0,50,300,1.15,21,0.4255,1
Unnamed Parking,-1.25013,36.8202579,2026-08-22 13:00:00,13,5,1,0,50,100,1.16,30,0.596,1
Olympic Bus Terminus,-1.3126351,36.7778212,2026-08-22 13:00:00,13,5,1,0,50,100,1.0,30,0.5938,1
Ayany Car Park,-1.3090339,36.7757579,2026-08-22 13:00:00,13,5,1,0,50,200,1.0,29,0.5791,1
Westgate Mall Car Park,-1.2566578,36.8035661,2026-08-22 13:00:00,13,5,1,0,50,50,1.0,25,0.5088,1
Student parking,-1.274479,36.805643,2026-08-22 13:00:00,13,5,1,0,50,100,1.0,14,0.2737,1
Kenton Rear Parking,-1.2809847,36.7869545,2026-08-22 13:00:00,13,5,1,0,50,100,1.0,23,0.4587,1
Unnamed Parking,-1.2553877,36.8667692,2026-08-22 13:00:00,13,5,1,0,50,100,1.0,23,0.4599,1
Unnamed Parking,-1.259848,36.8644681,2026-08-22 13:00:00,13,5,1,0,50,100,1.19,22,0.4317,1
Travel House Parking,-1.2861727,36.8214386,2026-08-22 13:00:00,13,5,1,0,50,100,1.18,26,0.5198,1
Lenana Parking Lot Area,-1.2900918,36.800209,2026-08-22 13:00:00,13,5,1,0,50,100,1.0,24,0.4765,1
Unnamed Parking,-1.2944773,36.8101427,2026-08-22 13:00:00,13,5,1,0,50,100,1.0,22,0.444,1
Parking B,-1.2806414,36.8128716,2026-08-22 13:00:00,13,5,1,0,50,100,1.0,21,0.4253,1
MAIN PACKING,-1.2803274,36.8127162,2026-08-22 13:00:00,13,5,1,0,50,100,1.0,23,0.4528,1
YMCA STAFF PARKING,-1.2805756,36.8129968,2026-08-22 13:00:00,13,5,1,0,50,100,1.0,30,0.5997,1
Unnamed Parking,-1.2896057,36.8150615,2026-08-22 14:00:00,14,5,1,0,50,100,1.0,23,0.4571,1
Unnamed Parking,-1.2909796,36.8282672,2026-08-22 14:00:00,14,5,1,0,50,100,1.0,23,0.4688,1
Unnamed Parking,-1.2856445,36.8132893,2026-08-22 14:00:00,14,5,1,0,50,100,1.0,24,0.4735,1
Unnamed Parking,-1.2597359,36.8182597,2026-08-22 14:00:00,14,5,1,0,50,100,1.0,27,0.5371,1
Unnamed Parking,-1.2641049,36.8117123,2026-08-22 14:00:00,14,5,1,0,50,100,1.0,27,0.5465,1
InterContinental Hotel Car Park,-1.2873717,36.8192911,2026-08-22 14:00:00,14,5,1,0,50,300,1.15,13,0.2664,1
Unnamed Parking,-1.25013,36.8202579,2026-08-22 14:00:00,14,5,1,0,50,100,1.16,30,0.5917,1
Olympic Bus Terminus,-1.3126351,36.7778212,2026-08-22 14:00:00,14,5,1,0,50,100,1.0,31,0.6249,1
Ayany Car Park,-1.3090339,36.7757579,2026-08-22 14:00:00,14,5,1,0,50,200,1.0,21,0.426,1
Westgate Mall Car Park,-1.2566578,36.8035661,2026-08-22 14:00:00,14,5,1,0,50,50,1.0,22,0.4322,1
Student parking,-1.274479,36.805643,2026-08-22 14:00:00,14,5,1,0,50,100,1.0,24,0.474,1
Kenton Rear Parking,-1.2809847,36.7869545,2026-08-22 14:00:00,14,5,1,0,50,100,1.0,22,0.4495,1
Unnamed Parking,-1.2553877,36.8667692,2026-08-22 14:00:00,14,5,1,0,50,100,1.0,26,0.5279,1
Unnamed Parking,-1.259848,36.8644681,2026-08-22 14:00:00,14,5,1,0,50,100,1.19,18,0.3543,1
Travel House Parking,-1.2861727,36.8214386,2026-08-22 14:00:00,14,5,1,0,50,100,1.18,21,0.4206,1
Lenana Parking Lot Area,-1.2900918,36.800209,2026-08-22 14:00:00,14,5,1,0,50,100,1.0,32,0.6331,1
Unnamed Parking,-1.2944773,36.8101427,2026-08-22 14:00:00,14,5,1,0,50,100,1.0,22,0.4357,1
Parking B,-1.2806414,36.8128716,2026-08-22 14:00:00,14,5,1,0,50,100,1.0,30,0.6095,1
MAIN PACKING,-1.2803274,36.8127162,2026-08-22 14:00:00,14,5,1,0,50,100,1.0,27,0.5384,1
YMCA STAFF PARKING,-1.2805756,36.8129968,2026-08-22 14:00:00,14,5,1,0,50,100,1.0,18,0.3653,1
Unnamed Parking,-1.2896057,36.8150615,2026-08-22 15:00:00,15,5,1,0,50,100,1.0,28,0.5608,1
Unnamed Parking,-1.2909796,36.8282672,2026-08-22 15:00:00,15,5,1,0,50,100,1.0,25,0.5006,1
Unnamed Parking,-1.2856445,36.8132893,2026-08-22 15:00:00,15,5,1,0,50,100,1.0,24,0.4736,1
Unnamed Parking,-1.2597359,36.8182597,2026-08-22 15:00:00,15,5,1,0,50,100,1.0,26,0.5296,1
Unnamed Parking,-1.2641049,36.8117123,2026-08-22 15:00:00,15,5,1,0,50,100,1.0,27,0.548,1
InterContinental Hotel Car Park,-1.2873717,36.8192911,2026-08-22 15:00:00,15,5,1,0,50,300,1.15,28,0.5666,1
Unnamed Parking,-1.25013,36.8202579,2026-08-22 15:00:00,15,5,1,0,50,100,1.16,30,0.6043,1
Olympic Bus Terminus,-1.3126351,36.7778212,2026-08-22 15:00:00,15,5,1,0,50,100,1.0,27,0.5427,1
Ayany Car Park,-1.3090339,36.7757579,2026-08-22 15:00:00,15,5,1,0,50,200,1.0,20,0.3999,1
Westgate Mall Car Park,-1.2566578,36.8035661,2026-08-22 15:00:00,15,5,1,0,50,50,1.0,24,0.4721,1
Student parking,-1.274479,36.805643,2026-08-22 15:00:00,15,5,1,0,50,100,1.0,37,0.7454,1
Kenton Rear Parking,-1.2809847,36.7869545,2026-08-22 15:00:00,15,5,1,0,50,100,1.0,28,0.568,1
Unnamed Parking,-1.2553877,36.8667692,2026-08-22 15:00:00,15,5,1,0,50,100,1.0,35,0.6995,1
Unnamed Parking,-1.259848,36.8644681,2026-08-22 15:00:00,15,5,1,0,50,100,1.19,31,0.6216,1
Travel House Parking,-1.2861727,36.8214386,2026-08-22 15:00:00,15,5,1,0,50,100,1.18,26,0.5293,1
Lenana Parking Lot Area,-1.2900918,36.800209,2026-08-22 15:00:00,15,5,1,0,50,100,1.0,27,0.5341,1
Unnamed Parking,-1.2944773,36.8101427,2026-08-22 15:00:00,15,5,1,0,50,100,1.0,25,0.5071,1
Parking B,-1.2806414,36.8128716,2026-08-22 15:00:00,15,5,1,0,50,100,1.0,19,0.371,1
MAIN PACKING,-1.2803274,36.8127162,2026-08-22 15:00:00,15,5,1,0,50,100,1.0,26,0.5114,1
YMCA STAFF PARKING,-1.2805756,36.8129968,2026-08-22 15:00:00,15,5,1,0,50,100,1.0,30,0.6069,1
Unnamed Parking,-1.2896057,36.8150615,2026-08-22 16:00:00,16,5,1,0,50,100,1.0,23,0.462,1
Unnamed Parking,-1.2909796,36.8282672,2026-08-22 16:00:00,16,5,1,0,50,100,1.0,27,0.543,1
Unnamed Parking,-1.2856445,36.8132893,2026-08-22 16:00:00,16,5,1,0,50,100,1.0,29,0.5781,1
Unnamed Parking,-1.2597359,36.8182597,2026-08-22 16:00:00,16,5,1,0,50,100,1.0,22,0.4372,1
Unnamed Parking,-1.2641049,36.8117123,2026-08-22 16:00:00,16,5,1,0,50,100,1.0,24,0.4739,1
InterContinental Hotel Car Park,-1.2873717,36.8192911,2026-08-22 16:00:00,16,5,1,0,50,300,1.15,21,0.4286,1
Unnamed Parking,-1.25013,36.8202579,2026-08-22 16:00:00,16,5,1,0,50,100,1.16,22,0.4442,1
Olympic Bus Terminus,-1.3126351,36.7778212,2026-08-22 16:00:00,16,5,1,0,50,100,1.0,20,0.407,1
Ayany Car Park,-1.3090339,36.7757579,2026-08-22 16:00:00,16,5,1,0,50,200,1.0,22,0.438,1
Westgate Mall Car Park,-1.2566578,36.8035661,2026-08-22 16:00:00,16,5,1,0,50,50,1.0,31,0.6236,1
Student parking,-1.274479,36.805643,2026-08-22 16:00:00,16,5,1,0,50,100,1.0,22,0.4368,1
Kenton Rear Parking,-1.2809847,36.7869545,2026-08-22 16:00:00,16,5,1,0,50,100,1.0,26,0.5201,1
Unnamed Parking,-1.2553877,36.8667692,2026-08-22 16:00:00,16,5,1,0,50,100,1.0,23,0.4698,1
Unnamed Parking,-1.259848,36.8644681,2026-08-22 16:00:00,16,5,1,0,50,100,1.19,30,0.6043,1
Travel House Parking,-1.2861727,36.8214386,2026-08-22 16:00:00,16,5,1,0,50,100,1.18,31,0.6149,1
Lenana Parking Lot Area,-1.2900918,36.800209,2026-08-22 16:00:00,16,5,1,0,50,100,1.0,29,0.5791,1
Unnamed Parking,-1.2944773,36.8101427,2026-08-22 16:00:00,16,5,1,0,50,100,1.0,27,0.5345,1
Parking B,-1.2806414,36.8128716,2026-08-22 16:00:00,16,5,1,0,50,100,1.0,25,0.4915,1
MAIN PACKING,-1.2803274,36.8127162,2026-08-22 16:00:00,16,5,1,0,50,100,1.0,21,0.4147,1
YMCA STAFF PARKING,-1.2805756,36.8129968,2026-08-22 16:00:00,16,5,1,0,50,100,1.0,33,0.6655,1
Unnamed Parking,-1.2896057,36.8150615,2026-08-22 17:00:00,17,5,1,0,50,100,1.0,18,0.3592,1
Unnamed Parking,-1.2909796,36.8282672,2026-08-22 17:00:00,17,5,1,0,50,100,1.0,24,0.4731,1
Unnamed Parking,-1.2856445,36.8132893,2026-08-22 17:00:00,17,5,1,0,50,100,1.0,25,0.5048,1
Unnamed Parking,-1.2597359,36.8182597,2026-08-22 17:00:00,17,5,1,0,50,100,1.0,19,0.3756,1
Unnamed Parking,-1.2641049,36.8117123,2026-08-22 17:00:00,17,5,1,0,50,100,1.0,25,0.503,1
InterContinental Hotel Car Park,-1.2873717,36.8192911,2026-08-22 17:00:00,17,5,1,0,50,300,1.15,24,0.4811,1
Unnamed Parking,-1.25013,36.8202579,2026-08-22 17:00:00,17,5,1,0,50,100,1.16,28,0.5582,1
Olympic Bus Terminus,-1.3126351,36.7778212,2026-08-22 17:00:00,17,5,1,0,50,100,1.0,19,0.3825,1
Ayany Car Park,-1.3090339,36.7757579,2026-08-22 17:00:00,17,5,1,0,50,200,1.0,16,0.3171,1
Westgate Mall Car Park,-1.2566578,36.8035661,2026-08-22 17:00:00,17,5,1,0,50,50,1.0,19,0.3796,1
Student parking,-1.274479,36.805643,2026-08-22 17:00:00,17,5,1,0,50,100,1.0,22,0.4367,1
Kenton Rear Parking,-1.2809847,36.7869545,2026-08-22 17:00:00,17,5,1,0,50,100,1.0,21,0.4247,1
Unnamed Parking,-1.2553877,36.8667692,2026-08-22 17:00:00,17,5,1,0,50,100,1.0,19,0.3885,1
Unnamed Parking,-1.259848,36.8644681,2026-08-22 17:00:00,17,5,1,0,50,100,1.19,13,0.2673,1
Travel House Parking,-1.2861727,36.8214386,2026-08-22 17:00:00,17,5,1,0,50,100,1.18,23,0.4576,1
Lenana Parking Lot Area,-1.2900918,36.800209,2026-08-22 17:00:00,17,5,1,0,50,100,1.0,29,0.5778,1
Unnamed Parking,-1.2944773,36.8101427,2026-08-22 17:00:00,17,5,1,0,50,100,1.0,23,0.4571,1
Parking B,-1.2806414,36.8128716,2026-08-22 17:00:00,17,5,1,0,50,100,1.0,23,0.4687,1
MAIN PACKING,-1.2803274,36.8127162,2026-08-22 17:00:00,17,5,1,0,50,100,1.0,23,0.4658,1
YMCA STAFF PARKING,-1.2805756,36.8129968,2026-08-22 17:00:00,17,5,1,0,50,100,1.0,23,0.4518,1
Unnamed Parking,-1.2896057,36.8150615,2026-08-22 18:00:00,18,5,1,0,50,100,1.0,25,0.4945,1
Unnamed Parking,-1.2909796,36.8282672,2026-08-22 18:00:00,18,5,1,0,50,100,1.0,23,0.4516,1
Unnamed Parking,-1.2856445,36.8132893,2026-08-22 18:00:00,18,5,1,0,50,100,1.0,20,0.395,1
Unnamed Parking,-1.2597359,36.8182597,2026-08-22 18:00:00,18,5,1,0,50,100,1.0,18,0.3563,1
Unnamed Parking,-1.2641049,36.8117123,2026-08-22 18:00:00,18,5,1,0,50,100,1.0,20,0.4001,1
InterContinental Hotel Car Park,-1.2873717,36.8192911,2026-08-22 18:00:00,18,5,1,0,50,300,1.15,22,0.4451,1
Unnamed Parking,-1.25013,36.8202579,2026-08-22 18:00:00,18,5,1,0,50,100,1.16,20,0.3947,1
Olympic Bus Terminus,-1.3126351,36.7778212,2026-08-22 18:00:00,18,5,1,0,50,100,1.0,22,0.4451,1
Ayany Car Park,-1.3090339,36.7757579,2026-08-22 18:00:00,18,5,1,0,50,200,1.0,23,0.4551,1
Westgate Mall Car Park,-1.2566578,36.8035661,2026-08-22 18:00:00,18,5,1,0,50,50,1.0,24,0.4867,1
Student parking,-1.274479,36.805643,2026-08-22 18:00:00,18,5,1,0,50,100,1.0,26,0.5226,1
Kenton Rear Parking,-1.2809847,36.7869545,2026-08-22 18:00:00,18,5,1,0,50,100,1.0,21,0.4262,1
Unnamed Parking,-1.2553877,36.8667692,2026-08-22 18:00:00,18,5,1,0,50,100,1.0,16,0.3154,1
Unnamed Parking,-1.259848,36.8644681,2026-08-22 18:00:00,18,5,1,0,50,100,1.19,20,0.3924,1
Travel House Parking,-1.2861727,36.8214386,2026-08-22 18:00:00,18,5,1,0,50,100,1.18,21,0.4235,1
Lenana Parking Lot Area,-1.2900918,36.800209,2026-08-22 18:00:00,18,5,1,0,50,100,1.0,14,0.2731,1
Unnamed Parking,-1.2944773,36.8101427,2026-08-22 18:00:00,18,5,1,0,50,100,1.0,27,0.5311,1
Parking B,-1.2806414,36.8128716,2026-08-22 18:00:00,18,5,1,0,50,100,1.0,22,0.4314,1
MAIN PACKING,-1.2803274,36.8127162,2026-08-22 18:00:00,18,5,1,0,50,100,1.0,23,0.4505,1
YMCA STAFF PARKING,-1.2805756,36.8129968,2026-08-22 18:00:00,18,5,1,0,50,100,1.0,26,0.5292,1
Unnamed Parking,-1.2896057,36.8150615,2026-08-22 19:00:00,19,5,1,0,50,100,1.0,9,0.1896,1
Unnamed Parking,-1.2909796,36.8282672,2026-08-22 19:00:00,19,5,1,0,50,100,1.0,14,0.2859,1
Unnamed Parking,-1.2856445,36.8132893,2026-08-22 19:00:00,19,5,1,0,50,100,1.0,12,0.2312,1
Unnamed Parking,-1.2597359,36.8182597,2026-08-22 19:00:00,19,5,1,0,50,100,1.0,11,0.2253,1
Unnamed Parking,-1.2641049,36.8117123,2026-08-22 19:00:00,19,5,1,0,50,100,1.0,9,0.1782,1
InterContinental Hotel Car Park,-1.2873717,36.8192911,2026-08-22 19:00:00,19,5,1,0,50,300,1.15,19,0.3732,1
Unnamed Parking,-1.25013,36.8202579,2026-08-22 19:00:00,19,5,1,0,50,100,1.16,10,0.21,1
Olympic Bus Terminus,-1.3126351,36.7778212,2026-08-22 19:00:00,19,5,1,0,50,100,1.0,15,0.296,1
Ayany Car Park,-1.3090339,36.7757579,2026-08-22 19:00:00,19,5,1,0,50,200,1.0,5,0.1,1
Westgate Mall Car Park,-1.2566578,36.8035661,2026-08-22 19:00:00,19,5,1,0,50,50,1.0,17,0.3344,1
Student parking,-1.274479,36.805643,2026-08-22 19:00:00,19,5,1,0,50,100,1.0,16,0.3242,1
Kenton Rear Parking,-1.2809847,36.7869545,2026-08-22 19:00:00,19,5,1,0,50,100,1.0,12,0.2478,1
Unnamed Parking,-1.2553877,36.8667692,2026-08-22 19:00:00,19,5,1,0,50,100,1.0,11,0.2218,1
Unnamed Parking,-1.259848,36.8644681,2026-08-22 19:00:00,19,5,1,0,50,100,1.19,14,0.272,1
Travel House Parking,-1.2861727,36.8214386,2026-08-22 19:00:00,19,5,1,0,50,100,1.18,21,0.4231,1
Lenana Parking Lot Area,-1.2900918,36.800209,2026-08-22 19:00:00,19,5,1,0,50,100,1.0,5,0.1,1
Unnamed Parking,-1.2944773,36.8101427,2026-08-22 19:00:00,19,5,1,0,50,100,1.0,15,0.3026,1
Parking B,-1.2806414,36.8128716,2026-08-22 19:00:00,19,5,1,0,50,100,1.0,8,0.1671,1
MAIN PACKING,-1.2803274,36.8127162,2026-08-22 19:00:00,19,5,1,0,50,100,1.0,12,0.2384,1
YMCA STAFF PARKING,-1.2805756,36.8129968,2026-08-22 19:00:00,19,5,1,0,50,100,1.0,11,0.2202,1
Unnamed Parking,-1.2896057,36.8150615,2026-08-22 20:00:00,20,5,1,0,50,100,1.0,10,0.2057,1
Unnamed Parking,-1.2909796,36.8282672,2026-08-22 20:00:00,20,5,1,0,50,100,1.0,12,0.2392,1
Unnamed Parking,-1.2856445,36.8132893,2026-08-22 20:00:00,20,5,1,0,50,100,1.0,7,0.1493,1
Unnamed Parking,-1.2597359,36.8182597,2026-08-22 20:00:00,20,5,1,0,50,100,1.0,16,0.3223,1
Unnamed Parking,-1.2641049,36.8117123,2026-08-22 20:00:00,20,5,1,0,50,100,1.0,5,0.1,1
InterContinental Hotel Car Park,-1.2873717,36.8192911,2026-08-22 20:00:00,20,5,1,0,50,300,1.15,14,0.2832,1
Unnamed Parking,-1.25013,36.8202579,2026-08-22 20:00:00,20,5,1,0,50,100,1.16,11,0.2139,1
Olympic Bus Terminus,-1.3126351,36.7778212,2026-08-22 20:00:00,20,5,1,0,50,100,1.0,7,0.1463,1
Ayany Car Park,-1.3090339,36.7757579,2026-08-22 20:00:00,20,5,1,0,50,200,1.0,13,0.2562,1
Westgate Mall Car Park,-1.2566578,36.8035661,2026-08-22 20:00:00,20,5,1,0,50,50,1.0,6,0.1154,1
Student parking,-1.274479,36.805643,2026-08-22 20:00:00,20,5,1,0,50,100,1.0,12,0.2432,1
Kenton Rear Parking,-1.2809847,36.7869545,2026-08-22 20:00:00,20,5,1,0,50,100,1.0,6,0.1262,1
Unnamed Parking,-1.2553877,36.8667692,2026-08-22 20:00:00,20,5,1,0,50,100,1.0,14,0.2769,1
Unnamed Parking,-1.259848,36.8644681,2026-08-22 20:00:00,20,5,1,0,50,100,1.19,8,0.1661,1
Travel House Parking,-1.2861727,36.8214386,2026-08-22 20:00:00,20,5,1,0,50,100,1.18,10,0.2039,1
Lenana Parking Lot Area,-1.2900918,36.800209,2026-08-22 20:00:00,20,5,1,0,50,100,1.0,13,0.2635,1
Unnamed Parking,-1.2944773,36.8101427,2026-08-22 20:00:00,20,5,1,0,50,100,1.0,9,0.1782,1
Parking B,-1.2806414,36.8128716,2026-08-22 20:00:00,20,5,1,0,50,100,1.0,12,0.2354,1
MAIN PACKING,-1.2803274,36.8127162,2026-08-22 20:00:00,20,5,1,0,50,100,1.0,6,0.1189,1
YMCA STAFF PARKING,-1.2805756,36.8129968,2026-08-22 20:00:00,20,5,1,0,50,100,1.0,15,0.2905,1
Unnamed Parking,-1.2896057,36.8150615,2026-08-22 21:00:00,21,5,1,0,50,100,1.0,19,0.3812,1
Unnamed Parking,-1.2909796,36.8282672,2026-08-22 21:00:00,21,5,1,0,50,100,1.0,23,0.4634,1
Unnamed Parking,-1.2856445,36.8132893,2026-08-22 21:00:00,21,5,1,0,50,100,1.0,12,0.2473,1
Unnamed Parking,-1.2597359,36.8182597,2026-08-22 21:00:00,21,5,1,0,50,100,1.0,15,0.3031,1
Unnamed Parking,-1.2641049,36.8117123,2026-08-22 21:00:00,21,5,1,0,50,100,1.0,5,0.1,1
InterContinental Hotel Car Park,-1.2873717,36.8192911,2026-08-22 21:00:00,21,5,1,0,50,300,1.15,18,0.3602,1
Unnamed Parking,-1.25013,36.8202579,2026-08-22 21:00:00,21,5,1,0,50,100,1.16,15,0.3021,1
Olympic Bus Terminus,-1.3126351,36.7778212,2026-08-22 21:00:00,21,5,1,0,50,100,1.0,10,0.2013,1
Ayany Car Park,-1.3090339,36.7757579,2026-08-22 21:00:00,21,5,1,0,50,200,1.0,17,0.339,1
Westgate Mall Car Park,-1.2566578,36.8035661,2026-08-22 21:00:00,21,5,1,0,50,50,1.0,11,0.2196,1
Student parking,-1.274479,36.805643,2026-08-22 21:00:00,21,5,1,0,50,100,1.0,10,0.2034,1
Kenton Rear Parking,-1.2809847,36.7869545,2026-08-22 21:00:00,21,5,1,0,50,100,1.0,14,0.278,1
Unnamed Parking,-1.2553877,36.8667692,2026-08-22 21:00:00,21,5,1,0,50,100,1.0,8,0.1549,1
Unnamed Parking,-1.259848,36.8644681,2026-08-22 21:00:00,21,5,1,0,50,100,1.19,16,0.3217,1
Travel House Parking,-1.2861727,36.8214386,2026-08-22 21:00:00,21,5,1,0,50,100,1.18,8,0.1555,1
Lenana Parking Lot Area,-1.2900918,36.800209,2026-08-22 21:00:00,21,5,1,0,50,100,1.0,8,0.156,1
Unnamed Parking,-1.2944773,36.8101427,2026-08-22 21:00:00,21,5,1,0,50,100,1.0,8,0.1672,1
Parking B,-1.2806414,36.8128716,2026-08-22 21:00:00,21,5,1,0,50,100,1.0,15,0.3008,1
MAIN PACKING,-1.2803274,36.8127162,2026-08-22 21:00:00,21,5,1,0,50,100,1.0,10,0.1907,1
YMCA STAFF PARKING,-1.2805756,36.8129968,2026-08-22 21:00:00,21,5,1,0,50,100,1.0,7,0.1322,1
Unnamed Parking,-1.2896057,36.8150615,2026-08-22 22:00:00,22,5,1,0,50,100,1.0,10,0.1915,1
Unnamed Parking,-1.2909796,36.8282672,2026-08-22 22:00:00,22,5,1,0,50,100,1.0,12,0.2374,1
Unnamed Parking,-1.2856445,36.8132893,2026-08-22 22:00:00,22,5,1,0,50,100,1.0,7,0.1455,1
Unnamed Parking,-1.2597359,36.8182597,2026-08-22 22:00:00,22,5,1,0,50,100,1.0,7,0.1479,1
Unnamed Parking,-1.2641049,36.8117123,2026-08-22 22:00:00,22,5,1,0,50,100,1.0,20,0.4089,1
InterContinental Hotel Car Park,-1.2873717,36.8192911,2026-08-22 22:00:00,22,5,1,0,50,300,1.15,9,0.1712,1
Unnamed Parking,-1.25013,36.8202579,2026-08-22 22:00:00,22,5,1,0,50,100,1.16,11,0.2142,1
Olympic Bus Terminus,-1.3126351,36.7778212,2026-08-22 22:00:00,22,5,1,0,50,100,1.0,11,0.2106,1
Ayany Car Park,-1.3090339,36.7757579,2026-08-22 22:00:00,22,5,1,0,50,200,1.0,10,0.2063,1
Westgate Mall Car Park,-1.2566578,36.8035661,2026-08-22 22:00:00,22,5,1,0,50,50,1.0,14,0.2897,1
Student parking,-1.274479,36.805643,2026-08-22 22:00:00,22,5,1,0,50,100,1.0,16,0.3159,1
Kenton Rear Parking,-1.2809847,36.7869545,2026-08-22 22:00:00,22,5,1,0,50,100,1.0,11,0.2155,1
Unnamed Parking,-1.2553877,36.8667692,2026-08-22 22:00:00,22,5,1,0,50,100,1.0,7,0.1411,1
Unnamed Parking,-1.259848,36.8644681,2026-08-22 22:00:00,22,5,1,0,50,100,1.19,17,0.342,1
Travel House Parking,-1.2861727,36.8214386,2026-08-22 22:00:00,22,5,1,0,50,100,1.18,12,0.2324,1
Lenana Parking Lot Area,-1.2900918,36.800209,2026-08-22 22:00:00,22,5,1,0,50,100,1.0,19,0.3784,1
Unnamed Parking,-1.2944773,36.8101427,2026-08-22 22:00:00,22,5,1,0,50,100,1.0,5,0.1,1
Parking B,-1.2806414,36.8128716,2026-08-22 22:00:00,22,5,1,0,50,100,1.0,13,0.2556,1
MAIN PACKING,-1.2803274,36.8127162,2026-08-22 22:00:00,22,5,1,0,50,100,1.0,20,0.3935,1
YMCA STAFF PARKING,-1.2805756,36.8129968,2026-08-22 22:00:00,22,5,1,0,50,100,1.0,11,0.2117,1
Unnamed Parking,-1.2896057,36.8150615,2026-08-23 06:00:00,6,6,1,0,50,100,1.0,11,0.222,1
Unnamed Parking,-1.2909796,36.8282672,2026-08-23 06:00:00,6,6,1,0,50,100,1.0,13,0.2636,1
Unnamed Parking,-1.2856445,36.8132893,2026-08-23 06:00:00,6,6,1,0,50,100,1.0,10,0.1953,1
Unnamed Parking,-1.2597359,36.8182597,2026-08-23 06:00:00,6,6,1,0,50,100,1.0,11,0.215,1
Unnamed Parking,-1.2641049,36.8117123,2026-08-23 06:00:00,6,6,1,0,50,100,1.0,11,0.213,1
InterContinental Hotel Car Park,-1.2873717,36.8192911,2026-08-23 06:00:00,6,6,1,0,50,300,1.15,9,0.1898,1
Unnamed Parking,-1.25013,36.8202579,2026-08-23 06:00:00,6,6,1,0,50,100,1.16,17,0.3383,1
Olympic Bus Terminus,-1.3126351,36.7778212,2026-08-23 06:00:00,6,6,1,0,50,100,1.0,14,0.2769,1
Ayany Car Park,-1.3090339,36.7757579,2026-08-23 06:00:00,6,6,1,0,50,200,1.0,13,0.2601,1
Westgate Mall Car Park,-1.2566578,36.8035661,2026-08-23 06:00:00,6,6,1,0,50,50,1.0,15,0.3047,1
Student parking,-1.274479,36.805643,2026-08-23 06:00:00,6,6,1,0,50,100,1.0,11,0.2189,1
Kenton Rear Parking,-1.2809847,36.7869545,2026-08-23 06:00:00,6,6,1,0,50,100,1.0,9,0.1781,1
Unnamed Parking,-1.2553877,36.8667692,2026-08-23 06:00:00,6,6,1,0,50,100,1.0,10,0.1918,1
Unnamed Parking,-1.259848,36.8644681,2026-08-23 06:00:00,6,6,1,0,50,100,1.19,12,0.2401,1
Travel House Parking,-1.2861727,36.8214386,2026-08-23 06:00:00,6,6,1,0,50,100,1.18,8,0.1553,1
Lenana Parking Lot Area,-1.2900918,36.800209,2026-08-23 06:00:00,6,6,1,0,50,100,1.0,10,0.2,1
Unnamed Parking,-1.2944773,36.8101427,2026-08-23 06:00:00,6,6,1,0,50,100,1.0,10,0.1987,1
Parking B,-1.2806414,36.8128716,2026-08-23 06:00:00,6,6,1,0,50,100,1.0,20,0.41,1
MAIN PACKING,-1.2803274,36.8127162,2026-08-23 06:00:00,6,6,1,0,50,100,1.0,5,0.1,1
YMCA STAFF PARKING,-1.2805756,36.8129968,2026-08-23 06:00:00,6,6,1,0,50,100,1.0,11,0.2256,1
Unnamed Parking,-1.2896057,36.8150615,2026-08-23 07:00:00,7,6,1,0,50,100,1.0,19,0.3781,1
Unnamed Parking,-1.2909796,36.8282672,2026-08-23 07:00:00,7,6,1,0,50,100,1.0,12,0.2497,1
Unnamed Parking,-1.2856445,36.8132893,2026-08-23 07:00:00,7,6,1,0,50,100,1.0,15,0.3003,1
Unnamed Parking,-1.2597359,36.8182597,2026-08-23 07:00:00,7,6,1,0,50,100,1.0,12,0.248,1
Unnamed Parking,-1.2641049,36.8117123,2026-08-23 07:00:00,7,6,1,0,50,100,1.0,9,0.1866,1
InterContinental Hotel Car Park,-1.2873717,36.8192911,2026-08-23 07:00:00,7,6,1,0,50,300,1.15,5,0.1,1
Unnamed Parking,-1.25013,36.8202579,2026-08-23 07:00:00,7,6,1,0,50,100,1.16,13,0.2564,1
Olympic Bus Terminus,-1.3126351,36.7778212,2026-08-23 07:00:00,7,6,1,0,50,100,1.0,9,0.178,1
Ayany Car Park,-1.3090339,36.7757579,2026-08-23 07:00:00,7,6,1,0,50,200,1.0,9,0.176,1
Westgate Mall Car Park,-1.2566578,36.8035661,2026-08-23 07:00:00,7,6,1,0,50,50,1.0,10,0.2001,1
Student parking,-1.274479,36.805643,2026-08-23 07:00:00,7,6,1,0,50,100,1.0,19,0.3796,1
Kenton Rear Parking,-1.2809847,36.7869545,2026-08-23 07:00:00,7,6,1,0,50,100,1.0,22,0.4324,1
Unnamed Parking,-1.2553877,36.8667692,2026-08-23 07:00:00,7,6,1,0,50,100,1.0,13,0.2574,1
Unnamed Parking,-1.259848,36.8644681,2026-08-23 07:00:00,7,6,1,0,50,100,1.19,10,0.2028,1
Travel House Parking,-1.2861727,36.8214386,2026-08-23 07:00:00,7,6,1,0,50,100,1.18,7,0.1458,1
Lenana Parking Lot Area,-1.2900918,36.800209,2026-08-23 07:00:00,7,6,1,0,50,100,1.0,14,0.2775,1
Unnamed Parking,-1.2944773,36.8101427,2026-08-23 07:00:00,7,6,1,0,50,100,1.0,19,0.3826,1
Parking B,-1.2806414,36.8128716,2026-08-23 07:00:00,7,6,1,0,50,100,1.0,11,0.2202,1
MAIN PACKING,-1.2803274,36.8127162,2026-08-23 07:00:00,7,6,1,0,50,100,1.0,5,0.1,1
YMCA STAFF PARKING,-1.2805756,36.8129968,2026-08-23 07:00:00,7,6,1,0,50,100,1.0,15,0.2936,1
Unnamed Parking,-1.2896057,36.8150615,2026-08-23 08:00:00,8,6,1,0,50,100,1.0,29,0.5888,1
Unnamed Parking,-1.2909796,36.8282672,2026-08-23 08:00:00,8,6,1,0,50,100,1.0,19,0.3831,1
Unnamed Parking,-1.2856445,36.8132893,2026-08-23 08:00:00,8,6,1,0,50,100,1.0,26,0.5241,1
Unnamed Parking,-1.2597359,36.8182597,2026-08-23 08:00:00,8,6,1,0,50,100,1.0,27,0.5461,1
Unnamed Parking,-1.2641049,36.8117123,2026-08-23 08:00:00,8,6,1,0,50,100,1.0,25,0.5042,1
InterContinental Hotel Car Park,-1.2873717,36.8192911,2026-08-23 08:00:00,8,6,1,0,50,300,1.15,22,0.4467,1
Unnamed Parking,-1.25013,36.8202579,2026-08-23 08:00:00,8,6,1,0,50,100,1.16,30,0.5913,1
Olympic Bus Terminus,-1.3126351,36.7778212,2026-08-23 08:00:00,8,6,1,0,50,100,1.0,24,0.4777,1
Ayany Car Park,-1.3090339,36.7757579,2026-08-23 08:00:00,8,6,1,0,50,200,1.0,20,0.3912,1
Westgate Mall Car Park,-1.2566578,36.8035661,2026-08-23 08:00:00,8,6,1,0,50,50,1.0,17,0.346,1
Student parking,-1.274479,36.805643,2026-08-23 08:00:00,8,6,1,0,50,100,1.0,31,0.6109,1
Kenton Rear Parking,-1.2809847,36.7869545,2026-08-23 08:00:00,8,6,1,0,50,100,1.0,28,0.5593,1
Unnamed Parking,-1.2553877,36.8667692,2026-08-23 08:00:00,8,6,1,0,50,100,1.0,26,0.517,1
Unnamed Parking,-1.259848,36.8644681,2026-08-23 08:00:00,8,6,1,0,50,100,1.19,24,0.4748,1
Travel House Parking,-1.2861727,36.8214386,2026-08-23 08:00:00,8,6,1,0,50,100,1.18,23,0.4677,1
Lenana Parking Lot Area,-1.2900918,36.800209,2026-08-23 08:00:00,8,6,1,0,50,100,1.0,21,0.4239,1
Unnamed Parking,-1.2944773,36.8101427,2026-08-23 08:00:00,8,6,1,0,50,100,1.0,24,0.4755,1
Parking B,-1.2806414,36.8128716,2026-08-23 08:00:00,8,6,1,0,50,100,1.0,17,0.3404,1
MAIN PACKING,-1.2803274,36.8127162,2026-08-23 08:00:00,8,6,1,0,50,100,1.0,23,0.4511,1
YMCA STAFF PARKING,-1.2805756,36.8129968,2026-08-23 08:00:00,8,6,1,0,50,100,1.0,24,0.4851,1
Unnamed Parking,-1.2896057,36.8150615,2026-08-23 09:00:00,9,6,1,0,50,100,1.0,28,0.5588,1
Unnamed Parking,-1.2909796,36.8282672,2026-08-23 09:00:00,9,6,1,0,50,100,1.0,25,0.5068,1
Unnamed Parking,-1.2856445,36.8132893,2026-08-23 09:00:00,9,6,1,0,50,100,1.0,29,0.5736,1
Unnamed Parking,-1.2597359,36.8182597,2026-08-23 09:00:00,9,6,1,0,50,100,1.0,31,0.6179,1
Unnamed Parking,-1.2641049,36.8117123,2026-08-23 09:00:00,9,6,1,0,50,100,1.0,30,0.5947,1
InterContinental Hotel Car Park,-1.2873717,36.8192911,2026-08-23 09:00:00,9,6,1,0,50,300,1.15,27,0.5476,1
Unnamed Parking,-1.25013,36.8202579,2026-08-23 09:00:00,9,6,1,0,50,100,1.16,26,0.5109,1
Olympic Bus Terminus,-1.3126351,36.7778212,2026-08-23 09:00:00,9,6,1,0,50,100,1.0,22,0.4315,1
Ayany Car Park,-1.3090339,36.7757579,2026-08-23 09:00:00,9,6,1,0,50,200,1.0,28,0.5692,1
Westgate Mall Car Park,-1.2566578,36.8035661,2026-08-23 09:00:00,9,6,1,0,50,50,1.0,32,0.6444,1
Student parking,-1.274479,36.805643,2026-08-23 09:00:00,9,6,1,0,50,100,1.0,27,0.5374,1
Kenton Rear Parking,-1.2809847,36.7869545,2026-08-23 09:00:00,9,6,1,0,50,100,1.0,33,0.6634,1
Unnamed Parking,-1.2553877,36.8667692,2026-08-23 09:00:00,9,6,1,0,50,100,1.0,19,0.388,1
Unnamed Parking,-1.259848,36.8644681,2026-08-23 09:00:00,9,6,1,0,50,100,1.19,21,0.4177,1
Travel House Parking,-1.2861727,36.8214386,2026-08-23 09:00:00,9,6,1,0,50,100,1.18,29,0.5784,1
Lenana Parking Lot Area,-1.2900918,36.800209,2026-08-23 09:00:00,9,6,1,0,50,100,1.0,27,0.5311,1
Unnamed Parking,-1.2944773,36.8101427,2026-08-23 09:00:00,9,6,1,0,50,100,1.0,31,0.6151,1
Parking B,-1.2806414,36.8128716,2026-08-23 09:00:00,9,6,1,0,50,100,1.0,25,0.5088,1
MAIN PACKING,-1.2803274,36.8127162,2026-08-23 09:00:00,9,6,1,0,50,100,1.0,22,0.4406,1
YMCA STAFF PARKING,-1.2805756,36.8129968,2026-08-23 09:00:00,9,6,1,0,50,100,1.0,25,0.4929,1
Unnamed Parking,-1.2896057,36.8150615,2026-08-23 10:00:00,10,6,1,0,50,100,1.0,19,0.3874,1
Unnamed Parking,-1.2909796,36.8282672,2026-08-23 10:00:00,10,6,1,0,50,100,1.0,21,0.4197,1
Unnamed Parking,-1.2856445,36.8132893,2026-08-23 10:00:00,10,6,1,0,50,100,1.0,29,0.5878,1
Unnamed Parking,-1.2597359,36.8182597,2026-08-23 10:00:00,10,6,1,0,50,100,1.0,29,0.5798,1
Unnamed Parking,-1.2641049,36.8117123,2026-08-23 10:00:00,10,6,1,0,50,100,1.0,27,0.539,1
InterContinental Hotel Car Park,-1.2873717,36.8192911,2026-08-23 10:00:00,10,6,1,0,50,300,1.15,19,0.3723,1
Unnamed Parking,-1.25013,36.8202579,2026-08-23 10:00:00,10,6,1,0,50,100,1.16,24,0.4813,1
Olympic Bus Terminus,-1.3126351,36.7778212,2026-08-23 10:00:00,10,6,1,0,50,100,1.0,21,0.412,1
Ayany Car Park,-1.3090339,36.7757579,2026-08-23 10:00:00,10,6,1,0,50,200,1.0,30,0.6041,1
Westgate Mall Car Park,-1.2566578,36.8035661,2026-08-23 10:00:00,10,6,1,0,50,50,1.0,23,0.4633,1
Student parking,-1.274479,36.805643,2026-08-23 10:00:00,10,6,1,0,50,100,1.0,21,0.4231,1
Kenton Rear Parking,-1.2809847,36.7869545,2026-08-23 10:00:00,10,6,1,0,50,100,1.0,26,0.5124,1
Unnamed Parking,-1.2553877,36.8667692,2026-08-23 10:00:00,10,6,1,0,50,100,1.0,23,0.4588,1
Unnamed Parking,-1.259848,36.8644681,2026-08-23 10:00:00,10,6,1,0,50,100,1.19,31,0.6287,1
Travel House Parking,-1.2861727,36.8214386,2026-08-23 10:00:00,10,6,1,0,50,100,1.18,23,0.4512,1
Lenana Parking Lot Area,-1.2900918,36.800209,2026-08-23 10:00:00,10,6,1,0,50,100,1.0,20,0.3981,1
Unnamed Parking,-1.2944773,36.8101427,2026-08-23 10:00:00,10,6,1,0,50,100,1.0,17,0.3378,1
Parking B,-1.2806414,36.8128716,2026-08-23 10:00:00,10,6,1,0,50,100,1.0,25,0.5075,1
MAIN PACKING,-1.2803274,36.8127162,2026-08-23 10:00:00,10,6,1,0,50,100,1.0,23,0.465,1
YMCA STAFF PARKING,-1.2805756,36.8129968,2026-08-23 10:00:00,10,6,1,0,50,100,1.0,20,0.3957,1
Unnamed Parking,-1.2896057,36.8150615,2026-08-23 11:00:00,11,6,1,0,50,100,1.0,30,0.6051,1
Unnamed Parking,-1.2909796,36.8282672,2026-08-23 11:00:00,11,6,1,0,50,100,1.0,28,0.5634,1
Unnamed Parking,-1.2856445,36.8132893,2026-08-23 11:00:00,11,6,1,0,50,100,1.0,25,0.5077,1
Unnamed Parking,-1.2597359,36.8182597,2026-08-23 11:00:00,11,6,1,0,50,100,1.0,31,0.6191,1
Unnamed Parking,-1.2641049,36.8117123,2026-08-23 11:00:00,11,6,1,0,50,100,1.0,28,0.563,1
InterContinental Hotel Car Park,-1.2873717,36.8192911,2026-08-23 11:00:00,11,6,1,0,50,300,1.15,22,0.4442,1
Unnamed Parking,-1.25013,36.8202579,2026-08-23 11:00:00,11,6,1,0,50,100,1.16,21,0.4269,1
Olympic Bus Terminus,-1.3126351,36.7778212,2026-08-23 11:00:00,11,6,1,0,50,100,1.0,29,0.5754,1
Ayany Car Park,-1.3090339,36.7757579,2026-08-23 11:00:00,11,6,1,0,50,200,1.0,27,0.5417,1
Westgate Mall Car Park,-1.2566578,36.8035661,2026-08-23 11:00:00,11,6,1,0,50,50,1.0,26,0.5236,1
Student parking,-1.274479,36.805643,2026-08-23 11:00:00,11,6,1,0,50,100,1.0,22,0.4423,1
Kenton Rear Parking,-1.2809847,36.7869545,2026-08-23 11:00:00,11,6,1,0,50,100,1.0,28,0.5586,1
Unnamed Parking,-1.2553877,36.8667692,2026-08-23 11:00:00,11,6,1,0,50,100,1.0,22,0.4496,1
Unnamed Parking,-1.259848,36.8644681,2026-08-23 11:00:00,11,6,1,0,50,100,1.19,25,0.5018,1
Travel House Parking,-1.2861727,36.8214386,2026-08-23 11:00:00,11,6,1,0,50,100,1.18,31,0.6258,1
Lenana Parking Lot Area,-1.2900918,36.800209,2026-08-23 11:00:00,11,6,1,0,50,100,1.0,23,0.4571,1
Unnamed Parking,-1.2944773,36.8101427,2026-08-23 11:00:00,11,6,1,0,50,100,1.0,19,0.3842,1
Parking B,-1.2806414,36.8128716,2026-08-23 11:00:00,11,6,1,0,50,100,1.0,21,0.4258,1
MAIN PACKING,-1.2803274,36.8127162,2026-08-23 11:00:00,11,6,1,0,50,100,1.0,29,0.5895,1
YMCA STAFF PARKING,-1.2805756,36.8129968,2026-08-23 11:00:00,11,6,1,0,50,100,1.0,27,0.5304,1
Unnamed Parking,-1.2896057,36.8150615,2026-08-23 12:00:00,12,6,1,0,50,100,1.0,20,0.4097,1
Unnamed Parking,-1.2909796,36.8282672,2026-08-23 12:00:00,12,6,1,0,50,100,1.0,19,0.3793,1
Unnamed Parking,-1.2856445,36.8132893,2026-08-23 12:00:00,12,6,1,0,50,100,1.0,23,0.4588,1
Unnamed Parking,-1.2597359,36.8182597,2026-08-23 12:00:00,12,6,1,0,50,100,1.0,18,0.3521,1
Unnamed Parking,-1.2641049,36.8117123,2026-08-23 12:00:00,12,6,1,0,50,100,1.0,22,0.4445,1
InterContinental Hotel Car Park,-1.2873717,36.8192911,2026-08-23 12:00:00,12,6,1,0,50,300,1.15,18,0.3615,1
Unnamed Parking,-1.25013,36.8202579,2026-08-23 12:00:00,12,6,1,0,50,100,1.16,17,0.3482,1
Olympic Bus Terminus,-1.3126351,36.7778212,2026-08-23 12:00:00,12,6,1,0,50,100,1.0,18,0.369,1
Ayany Car Park,-1.3090339,36.7757579,2026-08-23 12:00:00,12,6,1,0,50,200,1.0,19,0.39,1
Westgate Mall Car Park,-1.2566578,36.8035661,2026-08-23 12:00:00,12,6,1,0,50,50,1.0,21,0.4161,1
Student parking,-1.274479,36.805643,2026-08-23 12:00:00,12,6,1,0,50,100,1.0,22,0.4388,1
Kenton Rear Parking,-1.2809847,36.7869545,2026-08-23 12:00:00,12,6,1,0,50,100,1.0,6,0.1249,1
Unnamed Parking,-1.2553877,36.8667692,2026-08-23 12:00:00,12,6,1,0,50,100,1.0,18,0.3554,1
Unnamed Parking,-1.259848,36.8644681,2026-08-23 12:00:00,12,6,1,0,50,100,1.19,19,0.3887,1
Travel House Parking,-1.2861727,36.8214386,2026-08-23 12:00:00,12,6,1,0,50,100,1.18,27,0.5404,1
Lenana Parking Lot Area,-1.2900918,36.800209,2026-08-23 12:00:00,12,6,1,0,50,100,1.0,17,0.3336,1
Unnamed Parking,-1.2944773,36.8101427,2026-08-23 12:00:00,12,6,1,0,50,100,1.0,22,0.433,1
Parking B,-1.2806414,36.8128716,2026-08-23 12:00:00,12,6,1,0,50,100,1.0,27,0.5396,1
MAIN PACKING,-1.2803274,36.8127162,2026-08-23 12:00:00,12,6,1,0,50,100,1.0,16,0.315,1
YMCA STAFF PARKING,-1.2805756,36.8129968,2026-08-23 12:00:00,12,6,1,0,50,100,1.0,23,0.4515,1
Unnamed Parking,-1.2896057,36.8150615,2026-08-23 13:00:00,13,6,1,0,50,100,1.0,22,0.4458,1
Unnamed Parking,-1.2909796,36.8282672,2026-08-23 13:00:00,13,6,1,0,50,100,1.0,23,0.4696,1
Unnamed Parking,-1.2856445,36.8132893,2026-08-23 13:00:00,13,6,1,0,50,100,1.0,22,0.4458,1
Unnamed Parking,-1.2597359,36.8182597,2026-08-23 13:00:00,13,6,1,0,50,100,1.0,23,0.4515,1
Unnamed Parking,-1.2641049,36.8117123,2026-08-23 13:00:00,13,6,1,0,50,100,1.0,36,0.7278,1
InterContinental Hotel Car Park,-1.2873717,36.8192911,2026-08-23 13:00:00,13,6,1,0,50,300,1.15,29,0.5776,1
Unnamed Parking,-1.25013,36.8202579,2026-08-23 13:00:00,13,6,1,0,50,100,1.16,30,0.5981,1
Olympic Bus Terminus,-1.3126351,36.7778212,2026-08-23 13:00:00,13,6,1,0,50,100,1.0,27,0.5494,1
Ayany Car Park,-1.3090339,36.7757579,2026-08-23 13:00:00,13,6,1,0,50,200,1.0,19,0.3815,1
Westgate Mall Car Park,-1.2566578,36.8035661,2026-08-23 13:00:00,13,6,1,0,50,50,1.0,27,0.5416,1
Student parking,-1.274479,36.805643,2026-08-23 13:00:00,13,6,1,0,50,100,1.0,30,0.5958,1
Kenton Rear Parking,-1.2809847,36.7869545,2026-08-23 13:00:00,13,6,1,0,50,100,1.0,22,0.4417,1
Unnamed Parking,-1.2553877,36.8667692,2026-08-23 13:00:00,13,6,1,0,50,100,1.0,29,0.5872,1
Unnamed Parking,-1.259848,36.8644681,2026-08-23 13:00:00,13,6,1,0,50,100,1.19,28,0.5663,1
Travel House Parking,-1.2861727,36.8214386,2026-08-23 13:00:00,13,6,1,0,50,100,1.18,33,0.6582,1
Lenana Parking Lot Area,-1.2900918,36.800209,2026-08-23 13:00:00,13,6,1,0,50,100,1.0,24,0.4766,1
Unnamed Parking,-1.2944773,36.8101427,2026-08-23 13:00:00,13,6,1,0,50,100,1.0,21,0.4222,1
Parking B,-1.2806414,36.8128716,2026-08-23 13:00:00,13,6,1,0,50,100,1.0,24,0.4811,1
MAIN PACKING,-1.2803274,36.8127162,2026-08-23 13:00:00,13,6,1,0,50,100,1.0,31,0.6248,1
YMCA STAFF PARKING,-1.2805756,36.8129968,2026-08-23 13:00:00,13,6,1,0,50,100,1.0,18,0.3637,1
Unnamed Parking,-1.2896057,36.8150615,2026-08-23 14:00:00,14,6,1,0,50,100,1.0,17,0.3445,1
Unnamed Parking,-1.2909796,36.8282672,2026-08-23 14:00:00,14,6,1,0,50,100,1.0,26,0.5172,1
Unnamed Parking,-1.2856445,36.8132893,2026-08-23 14:00:00,14,6,1,0,50,100,1.0,24,0.4746,1
Unnamed Parking,-1.2597359,36.8182597,2026-08-23 14:00:00,14,6,1,0,50,100,1.0,26,0.5106,1
Unnamed Parking,-1.2641049,36.8117123,2026-08-23 14:00:00,14,6,1,0,50,100,1.0,29,0.5856,1
InterContinental Hotel Car Park,-1.2873717,36.8192911,2026-08-23 14:00:00,14,6,1,0,50,300,1.15,23,0.4658,1
Unnamed Parking,-1.25013,36.8202579,2026-08-23 14:00:00,14,6,1,0,50,100,1.16,18,0.3602,1
Olympic Bus Terminus,-1.3126351,36.7778212,2026-08-23 14:00:00,14,6,1,0,50,100,1.0,34,0.6736,1
Ayany Car Park,-1.3090339,36.7757579,2026-08-23 14:00:00,14,6,1,0,50,200,1.0,22,0.4302,1
Westgate Mall Car Park,-1.2566578,36.8035661,2026-08-23 14:00:00,14,6,1,0,50,50,1.0,21,0.4253,1
Student parking,-1.274479,36.805643,2026-08-23 14:00:00,14,6,1,0,50,100,1.0,30,0.5983,1
Kenton Rear Parking,-1.2809847,36.7869545,2026-08-23 14:00:00,14,6,1,0,50,100,1.0,24,0.4792,1
Unnamed Parking,-1.2553877,36.8667692,2026-08-23 14:00:00,14,6,1,0,50,100,1.0,25,0.5049,1
Unnamed Parking,-1.259848,36.8644681,2026-08-23 14:00:00,14,6,1,0,50,100,1.19,27,0.5486,1
Travel House Parking,-1.2861727,36.8214386,2026-08-23 14:00:00,14,6,1,0,50,100,1.18,30,0.5967,1
Lenana Parking Lot Area,-1.2900918,36.800209,2026-08-23 14:00:00,14,6,1,0,50,100,1.0,24,0.4833,1
Unnamed Parking,-1.2944773,36.8101427,2026-08-23 14:00:00,14,6,1,0,50,100,1.0,32,0.6316,1
Parking B,-1.2806414,36.8128716,2026-08-23 14:00:00,14,6,1,0,50,100,1.0,17,0.3391,1
MAIN PACKING,-1.2803274,36.8127162,2026-08-23 14:00:00,14,6,1,0,50,100,1.0,29,0.5708,1
YMCA STAFF PARKING,-1.2805756,36.8129968,2026-08-23 14:00:00,14,6,1,0,50,100,1.0,22,0.4428,1
Unnamed Parking,-1.2896057,36.8150615,2026-08-23 15:00:00,15,6,1,0,50,100,1.0,31,0.6198,1
Unnamed Parking,-1.2909796,36.8282672,2026-08-23 15:00:00,15,6,1,0,50,100,1.0,26,0.5214,1
Unnamed Parking,-1.2856445,36.8132893,2026-08-23 15:00:00,15,6,1,0,50,100,1.0,23,0.4562,1
Unnamed Parking,-1.2597359,36.8182597,2026-08-23 15:00:00,15,6,1,0,50,100,1.0,28,0.563,1
Unnamed Parking,-1.2641049,36.8117123,2026-08-23 15:00:00,15,6,1,0,50,100,1.0,29,0.5815,1
InterContinental Hotel Car Park,-1.2873717,36.8192911,2026-08-23 15:00:00,15,6,1,0,50,300,1.15,28,0.5614,1
Unnamed Parking,-1.25013,36.8202579,2026-08-23 15:00:00,15,6,1,0,50,100,1.16,21,0.4276,1
Olympic Bus Terminus,-1.3126351,36.7778212,2026-08-23 15:00:00,15,6,1,0,50,100,1.0,24,0.4713,1
Ayany Car Park,-1.3090339,36.7757579,2026-08-23 15:00:00,15,6,1,0,50,200,1.0,25,0.5097,1
Westgate Mall Car Park,-1.2566578,36.8035661,2026-08-23 15:00:00,15,6,1,0,50,50,1.0,25,0.5067,1
Student parking,-1.274479,36.805643,2026-08-23 15:00:00,15,6,1,0,50,100,1.0,28,0.57,1
Kenton Rear Parking,-1.2809847,36.7869545,2026-08-23 15:00:00,15,6,1,0,50,100,1.0,17,0.3488,1
Unnamed Parking,-1.2553877,36.8667692,2026-08-23 15:00:00,15,6,1,0,50,100,1.0,27,0.5367,1
Unnamed Parking,-1.259848,36.8644681,2026-08-23 15:00:00,15,6,1,0,50,100,1.19,24,0.4868,1
Travel House Parking,-1.2861727,36.8214386,2026-08-23 15:00:00,15,6,1,0,50,100,1.18,22,0.4429,1
Lenana Parking Lot Area,-1.2900918,36.800209,2026-08-23 15:00:00,15,6,1,0,50,100,1.0,23,0.4506,1
Unnamed Parking,-1.2944773,36.8101427,2026-08-23 15:00:00,15,6,1,0,50,100,1.0,25,0.4928,1
Parking B,-1.2806414,36.8128716,2026-08-23 15:00:00,15,6,1,0,50,100,1.0,11,0.2219,1
MAIN PACKING,-1.2803274,36.8127162,2026-08-23 15:00:00,15,6,1,0,50,100,1.0,23,0.4539,1
YMCA STAFF PARKING,-1.2805756,36.8129968,2026-08-23 15:00:00,15,6,1,0,50,100,1.0,22,0.4399,1
Unnamed Parking,-1.2896057,36.8150615,2026-08-23 16:00:00,16,6,1,0,50,100,1.0,28,0.5526,1
Unnamed Parking,-1.2909796,36.8282672,2026-08-23 16:00:00,16,6,1,0,50,100,1.0,22,0.4456,1
Unnamed Parking,-1.2856445,36.8132893,2026-08-23 16:00:00,16,6,1,0,50,100,1.0,25,0.4928,1
Unnamed Parking,-1.2597359,36.8182597,2026-08-23 16:00:00,16,6,1,0,50,100,1.0,32,0.6334,1
Unnamed Parking,-1.2641049,36.8117123,2026-08-23 16:00:00,16,6,1,0,50,100,1.0,29,0.5895,1
InterContinental Hotel Car Park,-1.2873717,36.8192911,2026-08-23 16:00:00,16,6,1,0,50,300,1.15,29,0.5822,1
Unnamed Parking,-1.25013,36.8202579,2026-08-23 16:00:00,16,6,1,0,50,100,1.16,24,0.47,1
Olympic Bus Terminus,-1.3126351,36.7778212,2026-08-23 16:00:00,16,6,1,0,50,100,1.0,28,0.5534,1
Ayany Car Park,-1.3090339,36.7757579,2026-08-23 16:00:00,16,6,1,0,50,200,1.0,25,0.4913,1
Westgate Mall Car Park,-1.2566578,36.8035661,2026-08-23 16:00:00,16,6,1,0,50,50,1.0,25,0.4943,1
Student parking,-1.274479,36.805643,2026-08-23 16:00:00,16,6,1,0,50,100,1.0,27,0.5428,1
Kenton Rear Parking,-1.2809847,36.7869545,2026-08-23 16:00:00,16,6,1,0,50,100,1.0,23,0.4622,1
Unnamed Parking,-1.2553877,36.8667692,2026-08-23 16:00:00,16,6,1,0,50,100,1.0,31,0.6294,1
Unnamed Parking,-1.259848,36.8644681,2026-08-23 16:00:00,16,6,1,0,50,100,1.19,25,0.4972,1
Travel House Parking,-1.2861727,36.8214386,2026-08-23 16:00:00,16,6,1,0,50,100,1.18,28,0.5595,1
Lenana Parking Lot Area,-1.2900918,36.800209,2026-08-23 16:00:00,16,6,1,0,50,100,1.0,31,0.6264,1
Unnamed Parking,-1.2944773,36.8101427,2026-08-23 16:00:00,16,6,1,0,50,100,1.0,30,0.5925,1
Parking B,-1.2806414,36.8128716,2026-08-23 16:00:00,16,6,1,0,50,100,1.0,20,0.3973,1
MAIN PACKING,-1.2803274,36.8127162,2026-08-23 16:00:00,16,6,1,0,50,100,1.0,27,0.5456,1
YMCA STAFF PARKING,-1.2805756,36.8129968,2026-08-23 16:00:00,16,6,1,0,50,100,1.0,29,0.5781,1
Unnamed Parking,-1.2896057,36.8150615,2026-08-23 17:00:00,17,6,1,0,50,100,1.0,25,0.4913,1
Unnamed Parking,-1.2909796,36.8282672,2026-08-23 17:00:00,17,6,1,0,50,100,1.0,17,0.3309,1
Unnamed Parking,-1.2856445,36.8132893,2026-08-23 17:00:00,17,6,1,0,50,100,1.0,18,0.3674,1
Unnamed Parking,-1.2597359,36.8182597,2026-08-23 17:00:00,17,6,1,0,50,100,1.0,25,0.4996,1
Unnamed Parking,-1.2641049,36.8117123,2026-08-23 17:00:00,17,6,1,0,50,100,1.0,18,0.3591,1
InterContinental Hotel Car Park,-1.2873717,36.8192911,2026-08-23 17:00:00,17,6,1,0,50,300,1.15,20,0.396,1
Unnamed Parking,-1.25013,36.8202579,2026-08-23 17:00:00,17,6,1,0,50,100,1.16,27,0.5461,1
Olympic Bus Terminus,-1.3126351,36.7778212,2026-08-23 17:00:00,17,6,1,0,50,100,1.0,21,0.4162,1
Ayany Car Park,-1.3090339,36.7757579,2026-08-23 17:00:00,17,6,1,0,50,200,1.0,18,0.3619,1
Westgate Mall Car Park,-1.2566578,36.8035661,2026-08-23 17:00:00,17,6,1,0,50,50,1.0,17,0.3498,1
Student parking,-1.274479,36.805643,2026-08-23 17:00:00,17,6,1,0,50,100,1.0,22,0.4466,1
Kenton Rear Parking,-1.2809847,36.7869545,2026-08-23 17:00:00,17,6,1,0,50,100,1.0,16,0.3133,1
Unnamed Parking,-1.2553877,36.8667692,2026-08-23 17:00:00,17,6,1,0,50,100,1.0,20,0.4002,1
Unnamed Parking,-1.259848,36.8644681,2026-08-23 17:00:00,17,6,1,0,50,100,1.19,22,0.4467,1
Travel House Parking,-1.2861727,36.8214386,2026-08-23 17:00:00,17,6,1,0,50,100,1.18,26,0.5239,1
Lenana Parking Lot Area,-1.2900918,36.800209,2026-08-23 17:00:00,17,6,1,0,50,100,1.0,24,0.4734,1
Unnamed Parking,-1.2944773,36.8101427,2026-08-23 17:00:00,17,6,1,0,50,100,1.0,18,0.3629,1
Parking B,-1.2806414,36.8128716,2026-08-23 17:00:00,17,6,1,0,50,100,1.0,26,0.5143,1
MAIN PACKING,-1.2803274,36.8127162,2026-08-23 17:00:00,17,6,1,0,50,100,1.0,20,0.396,1
YMCA STAFF PARKING,-1.2805756,36.8129968,2026-08-23 17:00:00,17,6,1,0,50,100,1.0,16,0.3211,1
Unnamed Parking,-1.2896057,36.8150615,2026-08-23 18:00:00,18,6,1,0,50,100,1.0,20,0.4062,1
Unnamed Parking,-1.2909796,36.8282672,2026-08-23 18:00:00,18,6,1,0,50,100,1.0,27,0.5351,1
Unnamed Parking,-1.2856445,36.8132893,2026-08-23 18:00:00,18,6,1,0,50,100,1.0,22,0.4332,1
Unnamed Parking,-1.2597359,36.8182597,2026-08-23 18:00:00,18,6,1,0,50,100,1.0,21,0.421,1
Unnamed Parking,-1.2641049,36.8117123,2026-08-23 18:00:00,18,6,1,0,50,100,1.0,28,0.551,1
InterContinental Hotel Car Park,-1.2873717,36.8192911,2026-08-23 18:00:00,18,6,1,0,50,300,1.15,15,0.3055,1
Unnamed Parking,-1.25013,36.8202579,2026-08-23 18:00:00,18,6,1,0,50,100,1.16,16,0.3172,1
Olympic Bus Terminus,-1.3126351,36.7778212,2026-08-23 18:00:00,18,6,1,0,50,100,1.0,15,0.2907,1
Ayany Car Park,-1.3090339,36.7757579,2026-08-23 18:00:00,18,6,1,0,50,200,1.0,22,0.4498,1
Westgate Mall Car Park,-1.2566578,36.8035661,2026-08-23 18:00:00,18,6,1,0,50,50,1.0,22,0.4333,1
Student parking,-1.274479,36.805643,2026-08-23 18:00:00,18,6,1,0,50,100,1.0,27,0.5434,1
Kenton Rear Parking,-1.2809847,36.7869545,2026-08-23 18:00:00,18,6,1,0,50,100,1.0,22,0.4395,1
Unnamed Parking,-1.2553877,36.8667692,2026-08-23 18:00:00,18,6,1,0,50,100,1.0,19,0.3877,1
Unnamed Parking,-1.259848,36.8644681,2026-08-23 18:00:00,18,6,1,0,50,100,1.19,21,0.4201,1
Travel House Parking,-1.2861727,36.8214386,2026-08-23 18:00:00,18,6,1,0,50,100,1.18,21,0.4294,1
Lenana Parking Lot Area,-1.2900918,36.800209,2026-08-23 18:00:00,18,6,1,0,50,100,1.0,14,0.2863,1
Unnamed Parking,-1.2944773,36.8101427,2026-08-23 18:00:00,18,6,1,0,50,100,1.0,32,0.6368,1
Parking B,-1.2806414,36.8128716,2026-08-23 18:00:00,18,6,1,0,50,100,1.0,23,0.4616,1
MAIN PACKING,-1.2803274,36.8127162,2026-08-23 18:00:00,18,6,1,0,50,100,1.0,22,0.4368,1
YMCA STAFF PARKING,-1.2805756,36.8129968,2026-08-23 18:00:00,18,6,1,0,50,100,1.0,23,0.4692,1
Unnamed Parking,-1.2896057,36.8150615,2026-08-23 19:00:00,19,6,1,0,50,100,1.0,15,0.2968,1
Unnamed Parking,-1.2909796,36.8282672,2026-08-23 19:00:00,19,6,1,0,50,100,1.0,11,0.2288,1
Unnamed Parking,-1.2856445,36.8132893,2026-08-23 19:00:00,19,6,1,0,50,100,1.0,9,0.1895,1
Unnamed Parking,-1.2597359,36.8182597,2026-08-23 19:00:00,19,6,1,0,50,100,1.0,14,0.288,1
Unnamed Parking,-1.2641049,36.8117123,2026-08-23 19:00:00,19,6,1,0,50,100,1.0,14,0.2709,1
InterContinental Hotel Car Park,-1.2873717,36.8192911,2026-08-23 19:00:00,19,6,1,0,50,300,1.15,9,0.1752,1
Unnamed Parking,-1.25013,36.8202579,2026-08-23 19:00:00,19,6,1,0,50,100,1.16,18,0.3535,1
Olympic Bus Terminus,-1.3126351,36.7778212,2026-08-23 19:00:00,19,6,1,0,50,100,1.0,13,0.2635,1
Ayany Car Park,-1.3090339,36.7757579,2026-08-23 19:00:00,19,6,1,0,50,200,1.0,15,0.2984,1
Westgate Mall Car Park,-1.2566578,36.8035661,2026-08-23 19:00:00,19,6,1,0,50,50,1.0,18,0.3514,1
Student parking,-1.274479,36.805643,2026-08-23 19:00:00,19,6,1,0,50,100,1.0,12,0.2418,1
Kenton Rear Parking,-1.2809847,36.7869545,2026-08-23 19:00:00,19,6,1,0,50,100,1.0,13,0.2654,1
Unnamed Parking,-1.2553877,36.8667692,2026-08-23 19:00:00,19,6,1,0,50,100,1.0,15,0.3048,1
Unnamed Parking,-1.259848,36.8644681,2026-08-23 19:00:00,19,6,1,0,50,100,1.19,9,0.182,1
Travel House Parking,-1.2861727,36.8214386,2026-08-23 19:00:00,19,6,1,0,50,100,1.18,12,0.2443,1
Lenana Parking Lot Area,-1.2900918,36.800209,2026-08-23 19:00:00,19,6,1,0,50,100,1.0,13,0.25,1
Unnamed Parking,-1.2944773,36.8101427,2026-08-23 19:00:00,19,6,1,0,50,100,1.0,8,0.1635,1
Parking B,-1.2806414,36.8128716,2026-08-23 19:00:00,19,6,1,0,50,100,1.0,21,0.4254,1
MAIN PACKING,-1.2803274,36.8127162,2026-08-23 19:00:00,19,6,1,0,50,100,1.0,6,0.1274,1
YMCA STAFF PARKING,-1.2805756,36.8129968,2026-08-23 19:00:00,19,6,1,0,50,100,1.0,7,0.1362,1
Unnamed Parking,-1.2896057,36.8150615,2026-08-23 20:00:00,20,6,1,0,50,100,1.0,17,0.3451,1
Unnamed Parking,-1.2909796,36.8282672,2026-08-23 20:00:00,20,6,1,0,50,100,1.0,15,0.2971,1
Unnamed Parking,-1.2856445,36.8132893,2026-08-23 20:00:00,20,6,1,0,50,100,1.0,8,0.1579,1
Unnamed Parking,-1.2597359,36.8182597,2026-08-23 20:00:00,20,6,1,0,50,100,1.0,14,0.2886,1
Unnamed Parking,-1.2641049,36.8117123,2026-08-23 20:00:00,20,6,1,0,50,100,1.0,18,0.3574,1
InterContinental Hotel Car Park,-1.2873717,36.8192911,2026-08-23 20:00:00,20,6,1,0,50,300,1.15,12,0.2376,1
Unnamed Parking,-1.25013,36.8202579,2026-08-23 20:00:00,20,6,1,0,50,100,1.16,22,0.4479,1
Olympic Bus Terminus,-1.3126351,36.7778212,2026-08-23 20:00:00,20,6,1,0,50,100,1.0,5,0.1021,1
Ayany Car Park,-1.3090339,36.7757579,2026-08-23 20:00:00,20,6,1,0,50,200,1.0,15,0.2955,1
Westgate Mall Car Park,-1.2566578,36.8035661,2026-08-23 20:00:00,20,6,1,0,50,50,1.0,17,0.3333,1
Student parking,-1.274479,36.805643,2026-08-23 20:00:00,20,6,1,0,50,100,1.0,16,0.3113,1
Kenton Rear Parking,-1.2809847,36.7869545,2026-08-23 20:00:00,20,6,1,0,50,100,1.0,11,0.2237,1
Unnamed Parking,-1.2553877,36.8667692,2026-08-23 20:00:00,20,6,1,0,50,100,1.0,11,0.2168,1
Unnamed Parking,-1.259848,36.8644681,2026-08-23 20:00:00,20,6,1,0,50,100,1.19,14,0.2755,1
Travel House Parking,-1.2861727,36.8214386,2026-08-23 20:00:00,20,6,1,0,50,100,1.18,15,0.3053,1
Lenana Parking Lot Area,-1.2900918,36.800209,2026-08-23 20:00:00,20,6,1,0,50,100,1.0,14,0.2882,1
Unnamed Parking,-1.2944773,36.8101427,2026-08-23 20:00:00,20,6,1,0,50,100,1.0,16,0.3232,1
Parking B,-1.2806414,36.8128716,2026-08-23 20:00:00,20,6,1,0,50,100,1.0,8,0.1585,1
MAIN PACKING,-1.2803274,36.8127162,2026-08-23 20:00:00,20,6,1,0,50,100,1.0,11,0.2218,1
YMCA STAFF PARKING,-1.2805756,36.8129968,2026-08-23 20:00:00,20,6,1,0,50,100,1.0,8,0.1648,1
Unnamed Parking,-1.2896057,36.8150615,2026-08-23 21:00:00,21,6,1,0,50,100,1.0,10,0.2091,1
Unnamed Parking,-1.2909796,36.8282672,2026-08-23 21:00:00,21,6,1,0,50,100,1.0,16,0.3212,1
Unnamed Parking,-1.2856445,36.8132893,2026-08-23 21:00:00,21,6,1,0,50,100,1.0,12,0.2486,1
Unnamed Parking,-1.2597359,36.8182597,2026-08-23 21:00:00,21,6,1,0,50,100,1.0,22,0.4485,1
Unnamed Parking,-1.2641049,36.8117123,2026-08-23 21:00:00,21,6,1,0,50,100,1.0,13,0.2555,1
InterContinental Hotel Car Park,-1.2873717,36.8192911,2026-08-23 21:00:00,21,6,1,0,50,300,1.15,12,0.2448,1
Unnamed Parking,-1.25013,36.8202579,2026-08-23 21:00:00,21,6,1,0,50,100,1.16,12,0.2485,1
Olympic Bus Terminus,-1.3126351,36.7778212,2026-08-23 21:00:00,21,6,1,0,50,100,1.0,9,0.189,1
Ayany Car Park,-1.3090339,36.7757579,2026-08-23 21:00:00,21,6,1,0,50,200,1.0,12,0.2354,1
Westgate Mall Car Park,-1.2566578,36.8035661,2026-08-23 21:00:00,21,6,1,0,50,50,1.0,17,0.3302,1
Student parking,-1.274479,36.805643,2026-08-23 21:00:00,21,6,1,0,50,100,1.0,12,0.2491,1
Kenton Rear Parking,-1.2809847,36.7869545,2026-08-23 21:00:00,21,6,1,0,50,100,1.0,9,0.1765,1
Unnamed Parking,-1.2553877,36.8667692,2026-08-23 21:00:00,21,6,1,0,50,100,1.0,8,0.166,1
Unnamed Parking,-1.259848,36.8644681,2026-08-23 21:00:00,21,6,1,0,50,100,1.19,10,0.204,1
Travel House Parking,-1.2861727,36.8214386,2026-08-23 21:00:00,21,6,1,0,50,100,1.18,12,0.2459,1
Lenana Parking Lot Area,-1.2900918,36.800209,2026-08-23 21:00:00,21,6,1,0,50,100,1.0,17,0.3355,1
Unnamed Parking,-1.2944773,36.8101427,2026-08-23 21:00:00,21,6,1,0,50,100,1.0,7,0.1328,1
Parking B,-1.2806414,36.8128716,2026-08-23 21:00:00,21,6,1,0,50,100,1.0,11,0.2144,1
MAIN PACKING,-1.2803274,36.8127162,2026-08-23 21:00:00,21,6,1,0,50,100,1.0,13,0.2515,1
YMCA STAFF PARKING,-1.2805756,36.8129968,2026-08-23 21:00:00,21,6,1,0,50,100,1.0,5,0.1,1
Unnamed Parking,-1.2896057,36.8150615,2026-08-23 22:00:00,22,6,1,0,50,100,1.0,9,0.1733,1
Unnamed Parking,-1.2909796,36.8282672,2026-08-23 22:00:00,22,6,1,0,50,100,1.0,9,0.1856,1
Unnamed Parking,-1.2856445,36.8132893,2026-08-23 22:00:00,22,6,1,0,50,100,1.0,9,0.1763,1
Unnamed Parking,-1.2597359,36.8182597,2026-08-23 22:00:00,22,6,1,0,50,100,1.0,13,0.2554,1
Unnamed Parking,-1.2641049,36.8117123,2026-08-23 22:00:00,22,6,1,0,50,100,1.0,11,0.2272,1
InterContinental Hotel Car Park,-1.2873717,36.8192911,2026-08-23 22:00:00,22,6,1,0,50,300,1.15,10,0.1956,1
Unnamed Parking,-1.25013,36.8202579,2026-08-23 22:00:00,22,6,1,0,50,100,1.16,14,0.2742,1
Olympic Bus Terminus,-1.3126351,36.7778212,2026-08-23 22:00:00,22,6,1,0,50,100,1.0,19,0.3778,1
Ayany Car Park,-1.3090339,36.7757579,2026-08-23 22:00:00,22,6,1,0,50,200,1.0,19,0.3711,1
Westgate Mall Car Park,-1.2566578,36.8035661,2026-08-23 22:00:00,22,6,1,0,50,50,1.0,5,0.1,1
Student parking,-1.274479,36.805643,2026-08-23 22:00:00,22,6,1,0,50,100,1.0,14,0.2862,1
Kenton Rear Parking,-1.2809847,36.7869545,2026-08-23 22:00:00,22,6,1,0,50,100,1.0,11,0.2258,1
Unnamed Parking,-1.2553877,36.8667692,2026-08-23 22:00:00,22,6,1,0,50,100,1.0,13,0.2524,1
Unnamed Parking,-1.259848,36.8644681,2026-08-23 22:00:00,22,6,1,0,50,100,1.19,10,0.2081,1
Travel House Parking,-1.2861727,36.8214386,2026-08-23 22:00:00,22,6,1,0,50,100,1.18,12,0.2494,1
Lenana Parking Lot Area,-1.2900918,36.800209,2026-08-23 22:00:00,22,6,1,0,50,100,1.0,13,0.2521,1
Unnamed Parking,-1.2944773,36.8101427,2026-08-23 22:00:00,22,6,1,0,50,100,1.0,10,0.1937,1
Parking B,-1.2806414,36.8128716,2026-08-23 22:00:00,22,6,1,0,50,100,1.0,8,0.1683,1
MAIN PACKING,-1.2803274,36.8127162,2026-08-23 22:00:00,22,6,1,0,50,100,1.0,10,0.2041,1
YMCA STAFF PARKING,-1.2805756,36.8129968,2026-08-23 22:00:00,22,6,1,0,50,100,1.0,13,0.2587,1
Unnamed Parking,-1.2896057,36.8150615,2026-08-24 06:00:00,6,0,0,0,50,100,1.0,22,0.4479,1
Unnamed Parking,-1.2909796,36.8282672,2026-08-24 06:00:00,6,0,0,0,50,100,1.0,23,0.4683,1
Unnamed Parking,-1.2856445,36.8132893,2026-08-24 06:00:00,6,0,0,0,50,100,1.0,18,0.3605,1
Unnamed Parking,-1.2597359,36.8182597,2026-08-24 06:00:00,6,0,0,0,50,100,1.0,21,0.4227,1
Unnamed Parking,-1.2641049,36.8117123,2026-08-24 06:00:00,6,0,0,0,50,100,1.0,24,0.477,1
InterContinental Hotel Car Park,-1.2873717,36.8192911,2026-08-24 06:00:00,6,0,0,0,50,300,1.15,25,0.4932,1
Unnamed Parking,-1.25013,36.8202579,2026-08-24 06:00:00,6,0,0,0,50,100,1.16,20,0.3953,1
Olympic Bus Terminus,-1.3126351,36.7778212,2026-08-24 06:00:00,6,0,0,0,50,100,1.0,19,0.3823,1
Ayany Car Park,-1.3090339,36.7757579,2026-08-24 06:00:00,6,0,0,0,50,200,1.0,21,0.4153,1
Westgate Mall Car Park,-1.2566578,36.8035661,2026-08-24 06:00:00,6,0,0,0,50,50,1.0,15,0.308,1
Student parking,-1.274479,36.805643,2026-08-24 06:00:00,6,0,0,0,50,100,1.0,19,0.3845,1
Kenton Rear Parking,-1.2809847,36.7869545,2026-08-24 06:00:00,6,0,0,0,50,100,1.0,23,0.4596,1
Unnamed Parking,-1.2553877,36.8667692,2026-08-24 06:00:00,6,0,0,0,50,100,1.0,23,0.4514,1
Unnamed Parking,-1.259848,36.8644681,2026-08-24 06:00:00,6,0,0,0,50,100,1.19,19,0.3784,1
Travel House Parking,-1.2861727,36.8214386,2026-08-24 06:00:00,6,0,0,0,50,100,1.18,21,0.4174,1
Lenana Parking Lot Area,-1.2900918,36.800209,2026-08-24 06:00:00,6,0,0,0,50,100,1.0,17,0.334,1
Unnamed Parking,-1.2944773,36.8101427,2026-08-24 06:00:00,6,0,0,0,50,100,1.0,23,0.4563,1
Parking B,-1.2806414,36.8128716,2026-08-24 06:00:00,6,0,0,0,50,100,1.0,20,0.3938,1
MAIN PACKING,-1.2803274,36.8127162,2026-08-24 06:00:00,6,0,0,0,50,100,1.0,19,0.3779,1
YMCA STAFF PARKING,-1.2805756,36.8129968,2026-08-24 06:00:00,6,0,0,0,50,100,1.0,19,0.3711,1
Unnamed Parking,-1.2896057,36.8150615,2026-08-24 07:00:00,7,0,0,0,50,100,1.0,20,0.395,1
Unnamed Parking,-1.2909796,36.8282672,2026-08-24 07:00:00,7,0,0,0,50,100,1.0,18,0.3642,1
Unnamed Parking,-1.2856445,36.8132893,2026-08-24 07:00:00,7,0,0,0,50,100,1.0,23,0.4527,1
Unnamed Parking,-1.2597359,36.8182597,2026-08-24 07:00:00,7,0,0,0,50,100,1.0,18,0.3684,1
Unnamed Parking,-1.2641049,36.8117123,2026-08-24 07:00:00,7,0,0,0,50,100,1.0,26,0.5274,1
InterContinental Hotel Car Park,-1.2873717,36.8192911,2026-08-24 07:00:00,7,0,0,0,50,300,1.15,26,0.5172,1
Unnamed Parking,-1.25013,36.8202579,2026-08-24 07:00:00,7,0,0,0,50,100,1.16,16,0.3287,1
Olympic Bus Terminus,-1.3126351,36.7778212,2026-08-24 07:00:00,7,0,0,0,50,100,1.0,20,0.4056,1
Ayany Car Park,-1.3090339,36.7757579,2026-08-24 07:00:00,7,0,0,0,50,200,1.0,17,0.3479,1
Westgate Mall Car Park,-1.2566578,36.8035661,2026-08-24 07:00:00,7,0,0,0,50,50,1.0,19,0.3739,1
Student parking,-1.274479,36.805643,2026-08-24 07:00:00,7,0,0,0,50,100,1.0,28,0.5602,1
Kenton Rear Parking,-1.2809847,36.7869545,2026-08-24 07:00:00,7,0,0,0,50,100,1.0,19,0.3754,1
Unnamed Parking,-1.2553877,36.8667692,2026-08-24 07:00:00,7,0,0,0,50,100,1.0,21,0.4288,1
Unnamed Parking,-1.259848,36.8644681,2026-08-24 07:00:00,7,0,0,0,50,100,1.19,22,0.4433,1
Travel House Parking,-1.2861727,36.8214386,2026-08-24 07:00:00,7,0,0,0,50,100,1.18,16,0.3199,1
Lenana Parking Lot Area,-1.2900918,36.800209,2026-08-24 07:00:00,7,0,0,0,50,100,1.0,17,0.3316,1
Unnamed Parking,-1.2944773,36.8101427,2026-08-24 07:00:00,7,0,0,0,50,100,1.0,15,0.3035,1
Parking B,-1.2806414,36.8128716,2026-08-24 07:00:00,7,0,0,0,50,100,1.0,16,0.3291,1
MAIN PACKING,-1.2803274,36.8127162,2026-08-24 07:00:00,7,0,0,0,50,100,1.0,9,0.172,1
YMCA STAFF PARKING,-1.2805756,36.8129968,2026-08-24 07:00:00,7,0,0,0,50,100,1.0,22,0.4436,1
Unnamed Parking,-1.2896057,36.8150615,2026-08-24 08:00:00,8,0,0,0,50,100,1.0,50,1.0,0
Unnamed Parking,-1.2909796,36.8282672,2026-08-24 08:00:00,8,0,0,0,50,100,1.0,43,0.8618,1
Unnamed Parking,-1.2856445,36.8132893,2026-08-24 08:00:00,8,0,0,0,50,100,1.0,37,0.7367,1
Unnamed Parking,-1.2597359,36.8182597,2026-08-24 08:00:00,8,0,0,0,50,100,1.0,40,0.7986,1
Unnamed Parking,-1.2641049,36.8117123,2026-08-24 08:00:00,8,0,0,0,50,100,1.0,41,0.8133,1
InterContinental Hotel Car Park,-1.2873717,36.8192911,2026-08-24 08:00:00,8,0,0,0,50,300,1.15,38,0.7686,1
Unnamed Parking,-1.25013,36.8202579,2026-08-24 08:00:00,8,0,0,0,50,100,1.16,46,0.9188,1
Olympic Bus Terminus,-1.3126351,36.7778212,2026-08-24 08:00:00,8,0,0,0,50,100,1.0,46,0.9148,1
Ayany Car Park,-1.3090339,36.7757579,2026-08-24 08:00:00,8,0,0,0,50,200,1.0,38,0.7576,1
Westgate Mall Car Park,-1.2566578,36.8035661,2026-08-24 08:00:00,8,0,0,0,50,50,1.0,45,0.908,1
Student parking,-1.274479,36.805643,2026-08-24 08:00:00,8,0,0,0,50,100,1.0,49,0.9721,0
Kenton Rear Parking,-1.2809847,36.7869545,2026-08-24 08:00:00,8,0,0,0,50,100,1.0,50,1.0,0
Unnamed Parking,-1.2553877,36.8667692,2026-08-24 08:00:00,8,0,0,0,50,100,1.0,50,1.0,0
Unnamed Parking,-1.259848,36.8644681,2026-08-24 08:00:00,8,0,0,0,50,100,1.19,39,0.7778,1
Travel House Parking,-1.2861727,36.8214386,2026-08-24 08:00:00,8,0,0,0,50,100,1.18,50,1.0,0
Lenana Parking Lot Area,-1.2900918,36.800209,2026-08-24 08:00:00,8,0,0,0,50,100,1.0,41,0.8217,1
Unnamed Parking,-1.2944773,36.8101427,2026-08-24 08:00:00,8,0,0,0,50,100,1.0,40,0.8026,1
Parking B,-1.2806414,36.8128716,2026-08-24 08:00:00,8,0,0,0,50,100,1.0,44,0.8762,1
MAIN PACKING,-1.2803274,36.8127162,2026-08-24 08:00:00,8,0,0,0,50,100,1.0,40,0.8034,1
YMCA STAFF PARKING,-1.2805756,36.8129968,2026-08-24 08:00:00,8,0,0,0,50,100,1.0,44,0.8819,1
Unnamed Parking,-1.2896057,36.8150615,2026-08-24 09:00:00,9,0,0,0,50,100,1.0,37,0.7444,1
Unnamed Parking,-1.2909796,36.8282672,2026-08-24 09:00:00,9,0,0,0,50,100,1.0,42,0.8309,1
Unnamed Parking,-1.2856445,36.8132893,2026-08-24 09:00:00,9,0,0,0,50,100,1.0,48,0.9528,0
Unnamed Parking,-1.2597359,36.8182597,2026-08-24 09:00:00,9,0,0,0,50,100,1.0,42,0.8454,1
Unnamed Parking,-1.2641049,36.8117123,2026-08-24 09:00:00,9,0,0,0,50,100,1.0,43,0.8613,1
InterContinental Hotel Car Park,-1.2873717,36.8192911,2026-08-24 09:00:00,9,0,0,0,50,300,1.15,44,0.888,1
Unnamed Parking,-1.25013,36.8202579,2026-08-24 09:00:00,9,0,0,0,50,100,1.16,47,0.9437,1
Olympic Bus Terminus,-1.3126351,36.7778212,2026-08-24 09:00:00,9,0,0,0,50,100,1.0,36,0.7176,1
Ayany Car Park,-1.3090339,36.7757579,2026-08-24 09:00:00,9,0,0,0,50,200,1.0,45,0.8968,1
Westgate Mall Car Park,-1.2566578,36.8035661,2026-08-24 09:00:00,9,0,0,0,50,50,1.0,41,0.8285,1
Student parking,-1.274479,36.805643,2026-08-24 09:00:00,9,0,0,0,50,100,1.0,43,0.8633,1
Kenton Rear Parking,-1.2809847,36.7869545,2026-08-24 09:00:00,9,0,0,0,50,100,1.0,47,0.9348,1
Unnamed Parking,-1.2553877,36.8667692,2026-08-24 09:00:00,9,0,0,0,50,100,1.0,38,0.7545,1
Unnamed Parking,-1.259848,36.8644681,2026-08-24 09:00:00,9,0,0,0,50,100,1.19,38,0.769,1
Travel House Parking,-1.2861727,36.8214386,2026-08-24 09:00:00,9,0,0,0,50,100,1.18,35,0.6952,1
Lenana Parking Lot Area,-1.2900918,36.800209,2026-08-24 09:00:00,9,0,0,0,50,100,1.0,40,0.8061,1
Unnamed Parking,-1.2944773,36.8101427,2026-08-24 09:00:00,9,0,0,0,50,100,1.0,48,0.9564,0
Parking B,-1.2806414,36.8128716,2026-08-24 09:00:00,9,0,0,0,50,100,1.0,42,0.8404,1
MAIN PACKING,-1.2803274,36.8127162,2026-08-24 09:00:00,9,0,0,0,50,100,1.0,37,0.7428,1
YMCA STAFF PARKING,-1.2805756,36.8129968,2026-08-24 09:00:00,9,0,0,0,50,100,1.0,41,0.8111,1
Unnamed Parking,-1.2896057,36.8150615,2026-08-24 10:00:00,10,0,0,0,50,100,1.0,37,0.731,1
Unnamed Parking,-1.2909796,36.8282672,2026-08-24 10:00:00,10,0,0,0,50,100,1.0,38,0.76,1
Unnamed Parking,-1.2856445,36.8132893,2026-08-24 10:00:00,10,0,0,0,50,100,1.0,44,0.8811,1
Unnamed Parking,-1.2597359,36.8182597,2026-08-24 10:00:00,10,0,0,0,50,100,1.0,38,0.7561,1
Unnamed Parking,-1.2641049,36.8117123,2026-08-24 10:00:00,10,0,0,0,50,100,1.0,47,0.939,1
InterContinental Hotel Car Park,-1.2873717,36.8192911,2026-08-24 10:00:00,10,0,0,0,50,300,1.15,42,0.8443,1
Unnamed Parking,-1.25013,36.8202579,2026-08-24 10:00:00,10,0,0,0,50,100,1.16,43,0.8568,1
Olympic Bus Terminus,-1.3126351,36.7778212,2026-08-24 10:00:00,10,0,0,0,50,100,1.0,41,0.8277,1
Ayany Car Park,-1.3090339,36.7757579,2026-08-24 10:00:00,10,0,0,0,50,200,1.0,46,0.9118,1
Westgate Mall Car Park,-1.2566578,36.8035661,2026-08-24 10:00:00,10,0,0,0,50,50,1.0,46,0.9127,1
Student parking,-1.274479,36.805643,2026-08-24 10:00:00,10,0,0,0,50,100,1.0,44,0.8768,1
Kenton Rear Parking,-1.2809847,36.7869545,2026-08-24 10:00:00,10,0,0,0,50,100,1.0,45,0.8952,1
Unnamed Parking,-1.2553877,36.8667692,2026-08-24 10:00:00,10,0,0,0,50,100,1.0,42,0.833,1
Unnamed Parking,-1.259848,36.8644681,2026-08-24 10:00:00,10,0,0,0,50,100,1.19,45,0.8934,1
Travel House Parking,-1.2861727,36.8214386,2026-08-24 10:00:00,10,0,0,0,50,100,1.18,41,0.823,1
Lenana Parking Lot Area,-1.2900918,36.800209,2026-08-24 10:00:00,10,0,0,0,50,100,1.0,43,0.8502,1
Unnamed Parking,-1.2944773,36.8101427,2026-08-24 10:00:00,10,0,0,0,50,100,1.0,41,0.828,1
Parking B,-1.2806414,36.8128716,2026-08-24 10:00:00,10,0,0,0,50,100,1.0,41,0.8134,1
MAIN PACKING,-1.2803274,36.8127162,2026-08-24 10:00:00,10,0,0,0,50,100,1.0,40,0.7949,1
YMCA STAFF PARKING,-1.2805756,36.8129968,2026-08-24 10:00:00,10,0,0,0,50,100,1.0,44,0.8874,1
Unnamed Parking,-1.2896057,36.8150615,2026-08-24 11:00:00,11,0,0,0,50,100,1.0,48,0.9548,0
Unnamed Parking,-1.2909796,36.8282672,2026-08-24 11:00:00,11,0,0,0,50,100,1.0,47,0.9437,1
Unnamed Parking,-1.2856445,36.8132893,2026-08-24 11:00:00,11,0,0,0,50,100,1.0,37,0.7495,1
Unnamed Parking,-1.2597359,36.8182597,2026-08-24 11:00:00,11,0,0,0,50,100,1.0,48,0.9531,0
Unnamed Parking,-1.2641049,36.8117123,2026-08-24 11:00:00,11,0,0,0,50,100,1.0,41,0.8245,1
InterContinental Hotel Car Park,-1.2873717,36.8192911,2026-08-24 11:00:00,11,0,0,0,50,300,1.15,45,0.8981,1
Unnamed Parking,-1.25013,36.8202579,2026-08-24 11:00:00,11,0,0,0,50,100,1.16,39,0.7775,1
Olympic Bus Terminus,-1.3126351,36.7778212,2026-08-24 11:00:00,11,0,0,0,50,100,1.0,43,0.8614,1
Ayany Car Park,-1.3090339,36.7757579,2026-08-24 11:00:00,11,0,0,0,50,200,1.0,44,0.8751,1
Westgate Mall Car Park,-1.2566578,36.8035661,2026-08-24 11:00:00,11,0,0,0,50,50,1.0,37,0.7312,1
Student parking,-1.274479,36.805643,2026-08-24 11:00:00,11,0,0,0,50,100,1.0,45,0.8987,1
Kenton Rear Parking,-1.2809847,36.7869545,2026-08-24 11:00:00,11,0,0,0,50,100,1.0,48,0.9577,0
Unnamed Parking,-1.2553877,36.8667692,2026-08-24 11:00:00,11,0,0,0,50,100,1.0,42,0.836,1
Unnamed Parking,-1.259848,36.8644681,2026-08-24 11:00:00,11,0,0,0,50,100,1.19,48,0.9588,0
Travel House Parking,-1.2861727,36.8214386,2026-08-24 11:00:00,11,0,0,0,50,100,1.18,42,0.8348,1
Lenana Parking Lot Area,-1.2900918,36.800209,2026-08-24 11:00:00,11,0,0,0,50,100,1.0,46,0.918,1
Unnamed Parking,-1.2944773,36.8101427,2026-08-24 11:00:00,11,0,0,0,50,100,1.0,34,0.6725,1
Parking B,-1.2806414,36.8128716,2026-08-24 11:00:00,11,0,0,0,50,100,1.0,50,1.0,0
MAIN PACKING,-1.2803274,36.8127162,2026-08-24 11:00:00,11,0,0,0,50,100,1.0,48,0.9696,0
YMCA STAFF PARKING,-1.2805756,36.8129968,2026-08-24 11:00:00,11,0,0,0,50,100,1.0,41,0.8272,1
Unnamed Parking,-1.2896057,36.8150615,2026-08-24 12:00:00,12,0,0,0,50,100,1.0,27,0.5422,1
Unnamed Parking,-1.2909796,36.8282672,2026-08-24 12:00:00,12,0,0,0,50,100,1.0,36,0.723,1
Unnamed Parking,-1.2856445,36.8132893,2026-08-24 12:00:00,12,0,0,0,50,100,1.0,29,0.5845,1
Unnamed Parking,-1.2597359,36.8182597,2026-08-24 12:00:00,12,0,0,0,50,100,1.0,37,0.7356,1
Unnamed Parking,-1.2641049,36.8117123,2026-08-24 12:00:00,12,0,0,0,50,100,1.0,37,0.7329,1
InterContinental Hotel Car Park,-1.2873717,36.8192911,2026-08-24 12:00:00,12,0,0,0,50,300,1.15,31,0.6247,1
Unnamed Parking,-1.25013,36.8202579,2026-08-24 12:00:00,12,0,0,0,50,100,1.16,39,0.7897,1
Olympic Bus Terminus,-1.3126351,36.7778212,2026-08-24 12:00:00,12,0,0,0,50,100,1.0,38,0.7644,1
Ayany Car Park,-1.3090339,36.7757579,2026-08-24 12:00:00,12,0,0,0,50,200,1.0,39,0.7781,1
Westgate Mall Car Park,-1.2566578,36.8035661,2026-08-24 12:00:00,12,0,0,0,50,50,1.0,35,0.7007,1
Student parking,-1.274479,36.805643,2026-08-24 12:00:00,12,0,0,0,50,100,1.0,29,0.5868,1
Kenton Rear Parking,-1.2809847,36.7869545,2026-08-24 12:00:00,12,0,0,0,50,100,1.0,39,0.7782,1
Unnamed Parking,-1.2553877,36.8667692,2026-08-24 12:00:00,12,0,0,0,50,100,1.0,34,0.6784,1
Unnamed Parking,-1.259848,36.8644681,2026-08-24 12:00:00,12,0,0,0,50,100,1.19,29,0.5888,1
Travel House Parking,-1.2861727,36.8214386,2026-08-24 12:00:00,12,0,0,0,50,100,1.18,40,0.8082,1
Lenana Parking Lot Area,-1.2900918,36.800209,2026-08-24 12:00:00,12,0,0,0,50,100,1.0,43,0.868,1
Unnamed Parking,-1.2944773,36.8101427,2026-08-24 12:00:00,12,0,0,0,50,100,1.0,35,0.6967,1
Parking B,-1.2806414,36.8128716,2026-08-24 12:00:00,12,0,0,0,50,100,1.0,44,0.8727,1
MAIN PACKING,-1.2803274,36.8127162,2026-08-24 12:00:00,12,0,0,0,50,100,1.0,35,0.7073,1
YMCA STAFF PARKING,-1.2805756,36.8129968,2026-08-24 12:00:00,12,0,0,0,50,100,1.0,33,0.6696,1
Unnamed Parking,-1.2896057,36.8150615,2026-08-24 13:00:00,13,0,0,0,50,100,1.0,40,0.7996,1
Unnamed Parking,-1.2909796,36.8282672,2026-08-24 13:00:00,13,0,0,0,50,100,1.0,49,0.981,0
Unnamed Parking,-1.2856445,36.8132893,2026-08-24 13:00:00,13,0,0,0,50,100,1.0,39,0.7876,1
Unnamed Parking,-1.2597359,36.8182597,2026-08-24 13:00:00,13,0,0,0,50,100,1.0,45,0.9088,1
Unnamed Parking,-1.2641049,36.8117123,2026-08-24 13:00:00,13,0,0,0,50,100,1.0,40,0.8053,1
InterContinental Hotel Car Park,-1.2873717,36.8192911,2026-08-24 13:00:00,13,0,0,0,50,300,1.15,41,0.8132,1
Unnamed Parking,-1.25013,36.8202579,2026-08-24 13:00:00,13,0,0,0,50,100,1.16,47,0.9324,1
Olympic Bus Terminus,-1.3126351,36.7778212,2026-08-24 13:00:00,13,0,0,0,50,100,1.0,41,0.8196,1
Ayany Car Park,-1.3090339,36.7757579,2026-08-24 13:00:00,13,0,0,0,50,200,1.0,41,0.8176,1
Westgate Mall Car Park,-1.2566578,36.8035661,2026-08-24 13:00:00,13,0,0,0,50,50,1.0,47,0.9406,1
Student parking,-1.274479,36.805643,2026-08-24 13:00:00,13,0,0,0,50,100,1.0,49,0.9778,0
Kenton Rear Parking,-1.2809847,36.7869545,2026-08-24 13:00:00,13,0,0,0,50,100,1.0,45,0.9016,1
Unnamed Parking,-1.2553877,36.8667692,2026-08-24 13:00:00,13,0,0,0,50,100,1.0,40,0.7976,1
Unnamed Parking,-1.259848,36.8644681,2026-08-24 13:00:00,13,0,0,0,50,100,1.19,40,0.8092,1
Travel House Parking,-1.2861727,36.8214386,2026-08-24 13:00:00,13,0,0,0,50,100,1.18,43,0.8564,1
Lenana Parking Lot Area,-1.2900918,36.800209,2026-08-24 13:00:00,13,0,0,0,50,100,1.0,44,0.8757,1
Unnamed Parking,-1.2944773,36.8101427,2026-08-24 13:00:00,13,0,0,0,50,100,1.0,39,0.771,1
Parking B,-1.2806414,36.8128716,2026-08-24 13:00:00,13,0,0,0,50,100,1.0,45,0.9078,1
MAIN PACKING,-1.2803274,36.8127162,2026-08-24 13:00:00,13,0,0,0,50,100,1.0,43,0.8568,1
YMCA STAFF PARKING,-1.2805756,36.8129968,2026-08-24 13:00:00,13,0,0,0,50,100,1.0,36,0.7127,1
Unnamed Parking,-1.2896057,36.8150615,2026-08-24 14:00:00,14,0,0,0,50,100,1.0,39,0.7757,1
Unnamed Parking,-1.2909796,36.8282672,2026-08-24 14:00:00,14,0,0,0,50,100,1.0,40,0.8097,1
Unnamed Parking,-1.2856445,36.8132893,2026-08-24 14:00:00,14,0,0,0,50,100,1.0,42,0.8442,1
Unnamed Parking,-1.2597359,36.8182597,2026-08-24 14:00:00,14,0,0,0,50,100,1.0,50,1.0,0
Unnamed Parking,-1.2641049,36.8117123,2026-08-24 14:00:00,14,0,0,0,50,100,1.0,43,0.8691,1
InterContinental Hotel Car Park,-1.2873717,36.8192911,2026-08-24 14:00:00,14,0,0,0,50,300,1.15,39,0.7827,1
Unnamed Parking,-1.25013,36.8202579,2026-08-24 14:00:00,14,0,0,0,50,100,1.16,43,0.8677,1
Olympic Bus Terminus,-1.3126351,36.7778212,2026-08-24 14:00:00,14,0,0,0,50,100,1.0,41,0.8218,1
Ayany Car Park,-1.3090339,36.7757579,2026-08-24 14:00:00,14,0,0,0,50,200,1.0,44,0.876,1
Westgate Mall Car Park,-1.2566578,36.8035661,2026-08-24 14:00:00,14,0,0,0,50,50,1.0,45,0.8964,1
Student parking,-1.274479,36.805643,2026-08-24 14:00:00,14,0,0,0,50,100,1.0,47,0.9467,1
Kenton Rear Parking,-1.2809847,36.7869545,2026-08-24 14:00:00,14,0,0,0,50,100,1.0,42,0.8481,1
Unnamed Parking,-1.2553877,36.8667692,2026-08-24 14:00:00,14,0,0,0,50,100,1.0,49,0.9811,0
Unnamed Parking,-1.259848,36.8644681,2026-08-24 14:00:00,14,0,0,0,50,100,1.19,46,0.9226,1
Travel House Parking,-1.2861727,36.8214386,2026-08-24 14:00:00,14,0,0,0,50,100,1.18,40,0.7934,1
Lenana Parking Lot Area,-1.2900918,36.800209,2026-08-24 14:00:00,14,0,0,0,50,100,1.0,50,1.0,0
Unnamed Parking,-1.2944773,36.8101427,2026-08-24 14:00:00,14,0,0,0,50,100,1.0,44,0.8762,1
Parking B,-1.2806414,36.8128716,2026-08-24 14:00:00,14,0,0,0,50,100,1.0,39,0.7832,1
MAIN PACKING,-1.2803274,36.8127162,2026-08-24 14:00:00,14,0,0,0,50,100,1.0,49,0.9822,0
YMCA STAFF PARKING,-1.2805756,36.8129968,2026-08-24 14:00:00,14,0,0,0,50,100,1.0,50,1.0,0
Unnamed Parking,-1.2896057,36.8150615,2026-08-24 15:00:00,15,0,0,0,50,100,1.0,42,0.8474,1
Unnamed Parking,-1.2909796,36.8282672,2026-08-24 15:00:00,15,0,0,0,50,100,1.0,40,0.8097,1
Unnamed Parking,-1.2856445,36.8132893,2026-08-24 15:00:00,15,0,0,0,50,100,1.0,42,0.8362,1
Unnamed Parking,-1.2597359,36.8182597,2026-08-24 15:00:00,15,0,0,0,50,100,1.0,45,0.9072,1
Unnamed Parking,-1.2641049,36.8117123,2026-08-24 15:00:00,15,0,0,0,50,100,1.0,48,0.9522,0
InterContinental Hotel Car Park,-1.2873717,36.8192911,2026-08-24 15:00:00,15,0,0,0,50,300,1.15,45,0.8956,1
Unnamed Parking,-1.25013,36.8202579,2026-08-24 15:00:00,15,0,0,0,50,100,1.16,43,0.8581,1
Olympic Bus Terminus,-1.3126351,36.7778212,2026-08-24 15:00:00,15,0,0,0,50,100,1.0,48,0.9698,0
Ayany Car Park,-1.3090339,36.7757579,2026-08-24 15:00:00,15,0,0,0,50,200,1.0,41,0.825,1
Westgate Mall Car Park,-1.2566578,36.8035661,2026-08-24 15:00:00,15,0,0,0,50,50,1.0,47,0.9325,1
Student parking,-1.274479,36.805643,2026-08-24 15:00:00,15,0,0,0,50,100,1.0,41,0.827,1
Kenton Rear Parking,-1.2809847,36.7869545,2026-08-24 15:00:00,15,0,0,0,50,100,1.0,44,0.8845,1
Unnamed Parking,-1.2553877,36.8667692,2026-08-24 15:00:00,15,0,0,0,50,100,1.0,42,0.8409,1
Unnamed Parking,-1.259848,36.8644681,2026-08-24 15:00:00,15,0,0,0,50,100,1.19,42,0.8455,1
Travel House Parking,-1.2861727,36.8214386,2026-08-24 15:00:00,15,0,0,0,50,100,1.18,41,0.8198,1
Lenana Parking Lot Area,-1.2900918,36.800209,2026-08-24 15:00:00,15,0,0,0,50,100,1.0,48,0.9576,0
Unnamed Parking,-1.2944773,36.8101427,2026-08-24 15:00:00,15,0,0,0,50,100,1.0,40,0.7914,1
Parking B,-1.2806414,36.8128716,2026-08-24 15:00:00,15,0,0,0,50,100,1.0,40,0.7908,1
MAIN PACKING,-1.2803274,36.8127162,2026-08-24 15:00:00,15,0,0,0,50,100,1.0,50,1.0,0
YMCA STAFF PARKING,-1.2805756,36.8129968,2026-08-24 15:00:00,15,0,0,0,50,100,1.0,46,0.9282,1
Unnamed Parking,-1.2896057,36.8150615,2026-08-24 16:00:00,16,0,0,0,50,100,1.0,33,0.6592,1
Unnamed Parking,-1.2909796,36.8282672,2026-08-24 16:00:00,16,0,0,0,50,100,1.0,40,0.8048,1
Unnamed Parking,-1.2856445,36.8132893,2026-08-24 16:00:00,16,0,0,0,50,100,1.0,35,0.705,1
Unnamed Parking,-1.2597359,36.8182597,2026-08-24 16:00:00,16,0,0,0,50,100,1.0,39,0.7739,1
Unnamed Parking,-1.2641049,36.8117123,2026-08-24 16:00:00,16,0,0,0,50,100,1.0,30,0.5989,1
InterContinental Hotel Car Park,-1.2873717,36.8192911,2026-08-24 16:00:00,16,0,0,0,50,300,1.15,42,0.839,1
Unnamed Parking,-1.25013,36.8202579,2026-08-24 16:00:00,16,0,0,0,50,100,1.16,38,0.7586,1
Olympic Bus Terminus,-1.3126351,36.7778212,2026-08-24 16:00:00,16,0,0,0,50,100,1.0,43,0.8548,1
Ayany Car Park,-1.3090339,36.7757579,2026-08-24 16:00:00,16,0,0,0,50,200,1.0,36,0.72,1
Westgate Mall Car Park,-1.2566578,36.8035661,2026-08-24 16:00:00,16,0,0,0,50,50,1.0,43,0.8566,1
Student parking,-1.274479,36.805643,2026-08-24 16:00:00,16,0,0,0,50,100,1.0,41,0.8168,1
Kenton Rear Parking,-1.2809847,36.7869545,2026-08-24 16:00:00,16,0,0,0,50,100,1.0,49,0.9702,0
Unnamed Parking,-1.2553877,36.8667692,2026-08-24 16:00:00,16,0,0,0,50,100,1.0,48,0.9629,0
Unnamed Parking,-1.259848,36.8644681,2026-08-24 16:00:00,16,0,0,0,50,100,1.19,46,0.9128,1
Travel House Parking,-1.2861727,36.8214386,2026-08-24 16:00:00,16,0,0,0,50,100,1.18,41,0.8239,1
Lenana Parking Lot Area,-1.2900918,36.800209,2026-08-24 16:00:00,16,0,0,0,50,100,1.0,50,1.0,0
Unnamed Parking,-1.2944773,36.8101427,2026-08-24 16:00:00,16,0,0,0,50,100,1.0,36,0.7258,1
Parking B,-1.2806414,36.8128716,2026-08-24 16:00:00,16,0,0,0,50,100,1.0,37,0.7377,1
MAIN PACKING,-1.2803274,36.8127162,2026-08-24 16:00:00,16,0,0,0,50,100,1.0,42,0.8433,1
YMCA STAFF PARKING,-1.2805756,36.8129968,2026-08-24 16:00:00,16,0,0,0,50,100,1.0,50,1.0,0
Unnamed Parking,-1.2896057,36.8150615,2026-08-24 17:00:00,17,0,0,0,50,100,1.0,34,0.6838,1
Unnamed Parking,-1.2909796,36.8282672,2026-08-24 17:00:00,17,0,0,0,50,100,1.0,34,0.6853,1
Unnamed Parking,-1.2856445,36.8132893,2026-08-24 17:00:00,17,0,0,0,50,100,1.0,29,0.5846,1
Unnamed Parking,-1.2597359,36.8182597,2026-08-24 17:00:00,17,0,0,0,50,100,1.0,39,0.7757,1
Unnamed Parking,-1.2641049,36.8117123,2026-08-24 17:00:00,17,0,0,0,50,100,1.0,39,0.7763,1
InterContinental Hotel Car Park,-1.2873717,36.8192911,2026-08-24 17:00:00,17,0,0,0,50,300,1.15,38,0.7631,1
Unnamed Parking,-1.25013,36.8202579,2026-08-24 17:00:00,17,0,0,0,50,100,1.16,32,0.6497,1
Olympic Bus Terminus,-1.3126351,36.7778212,2026-08-24 17:00:00,17,0,0,0,50,100,1.0,32,0.6435,1
Ayany Car Park,-1.3090339,36.7757579,2026-08-24 17:00:00,17,0,0,0,50,200,1.0,30,0.5966,1
Westgate Mall Car Park,-1.2566578,36.8035661,2026-08-24 17:00:00,17,0,0,0,50,50,1.0,35,0.7067,1
Student parking,-1.274479,36.805643,2026-08-24 17:00:00,17,0,0,0,50,100,1.0,31,0.6136,1
Kenton Rear Parking,-1.2809847,36.7869545,2026-08-24 17:00:00,17,0,0,0,50,100,1.0,30,0.6058,1
Unnamed Parking,-1.2553877,36.8667692,2026-08-24 17:00:00,17,0,0,0,50,100,1.0,33,0.6661,1
Unnamed Parking,-1.259848,36.8644681,2026-08-24 17:00:00,17,0,0,0,50,100,1.19,33,0.6609,1
Travel House Parking,-1.2861727,36.8214386,2026-08-24 17:00:00,17,0,0,0,50,100,1.18,33,0.657,1
Lenana Parking Lot Area,-1.2900918,36.800209,2026-08-24 17:00:00,17,0,0,0,50,100,1.0,37,0.7373,1
Unnamed Parking,-1.2944773,36.8101427,2026-08-24 17:00:00,17,0,0,0,50,100,1.0,35,0.7063,1
Parking B,-1.2806414,36.8128716,2026-08-24 17:00:00,17,0,0,0,50,100,1.0,34,0.6769,1
MAIN PACKING,-1.2803274,36.8127162,2026-08-24 17:00:00,17,0,0,0,50,100,1.0,36,0.7146,1
YMCA STAFF PARKING,-1.2805756,36.8129968,2026-08-24 17:00:00,17,0,0,0,50,100,1.0,31,0.6207,1
Unnamed Parking,-1.2896057,36.8150615,2026-08-24 18:00:00,18,0,0,0,50,100,1.0,35,0.7084,1
Unnamed Parking,-1.2909796,36.8282672,2026-08-24 18:00:00,18,0,0,0,50,100,1.0,36,0.712,1
Unnamed Parking,-1.2856445,36.8132893,2026-08-24 18:00:00,18,0,0,0,50,100,1.0,29,0.5798,1
Unnamed Parking,-1.2597359,36.8182597,2026-08-24 18:00:00,18,0,0,0,50,100,1.0,39,0.7797,1
Unnamed Parking,-1.2641049,36.8117123,2026-08-24 18:00:00,18,0,0,0,50,100,1.0,31,0.6295,1
InterContinental Hotel Car Park,-1.2873717,36.8192911,2026-08-24 18:00:00,18,0,0,0,50,300,1.15,35,0.7072,1
Unnamed Parking,-1.25013,36.8202579,2026-08-24 18:00:00,18,0,0,0,50,100,1.16,40,0.7932,1
Olympic Bus Terminus,-1.3126351,36.7778212,2026-08-24 18:00:00,18,0,0,0,50,100,1.0,39,0.7741,1
Ayany Car Park,-1.3090339,36.7757579,2026-08-24 18:00:00,18,0,0,0,50,200,1.0,35,0.7027,1
Westgate Mall Car Park,-1.2566578,36.8035661,2026-08-24 18:00:00,18,0,0,0,50,50,1.0,34,0.671,1
Student parking,-1.274479,36.805643,2026-08-24 18:00:00,18,0,0,0,50,100,1.0,39,0.7758,1
Kenton Rear Parking,-1.2809847,36.7869545,2026-08-24 18:00:00,18,0,0,0,50,100,1.0,38,0.754,1
Unnamed Parking,-1.2553877,36.8667692,2026-08-24 18:00:00,18,0,0,0,50,100,1.0,33,0.6505,1
Unnamed Parking,-1.259848,36.8644681,2026-08-24 18:00:00,18,0,0,0,50,100,1.19,32,0.6364,1
Travel House Parking,-1.2861727,36.8214386,2026-08-24 18:00:00,18,0,0,0,50,100,1.18,27,0.5342,1
Lenana Parking Lot Area,-1.2900918,36.800209,2026-08-24 18:00:00,18,0,0,0,50,100,1.0,36,0.7123,1
Unnamed Parking,-1.2944773,36.8101427,2026-08-24 18:00:00,18,0,0,0,50,100,1.0,35,0.6934,1
Parking B,-1.2806414,36.8128716,2026-08-24 18:00:00,18,0,0,0,50,100,1.0,40,0.7909,1
MAIN PACKING,-1.2803274,36.8127162,2026-08-24 18:00:00,18,0,0,0,50,100,1.0,36,0.7287,1
YMCA STAFF PARKING,-1.2805756,36.8129968,2026-08-24 18:00:00,18,0,0,0,50,100,1.0,40,0.8067,1
Unnamed Parking,-1.2896057,36.8150615,2026-08-24 19:00:00,19,0,0,0,50,100,1.0,17,0.3442,1
Unnamed Parking,-1.2909796,36.8282672,2026-08-24 19:00:00,19,0,0,0,50,100,1.0,25,0.4911,1
Unnamed Parking,-1.2856445,36.8132893,2026-08-24 19:00:00,19,0,0,0,50,100,1.0,18,0.3577,1
Unnamed Parking,-1.2597359,36.8182597,2026-08-24 19:00:00,19,0,0,0,50,100,1.0,23,0.4622,1
Unnamed Parking,-1.2641049,36.8117123,2026-08-24 19:00:00,19,0,0,0,50,100,1.0,14,0.2833,1
InterContinental Hotel Car Park,-1.2873717,36.8192911,2026-08-24 19:00:00,19,0,0,0,50,300,1.15,21,0.4188,1
Unnamed Parking,-1.25013,36.8202579,2026-08-24 19:00:00,19,0,0,0,50,100,1.16,12,0.2412,1
Olympic Bus Terminus,-1.3126351,36.7778212,2026-08-24 19:00:00,19,0,0,0,50,100,1.0,19,0.3786,1
Ayany Car Park,-1.3090339,36.7757579,2026-08-24 19:00:00,19,0,0,0,50,200,1.0,22,0.4352,1
Westgate Mall Car Park,-1.2566578,36.8035661,2026-08-24 19:00:00,19,0,0,0,50,50,1.0,18,0.3583,1
Student parking,-1.274479,36.805643,2026-08-24 19:00:00,19,0,0,0,50,100,1.0,16,0.316,1
Kenton Rear Parking,-1.2809847,36.7869545,2026-08-24 19:00:00,19,0,0,0,50,100,1.0,23,0.4677,1
Unnamed Parking,-1.2553877,36.8667692,2026-08-24 19:00:00,19,0,0,0,50,100,1.0,20,0.3917,1
Unnamed Parking,-1.259848,36.8644681,2026-08-24 19:00:00,19,0,0,0,50,100,1.19,18,0.3608,1
Travel House Parking,-1.2861727,36.8214386,2026-08-24 19:00:00,19,0,0,0,50,100,1.18,20,0.4034,1
Lenana Parking Lot Area,-1.2900918,36.800209,2026-08-24 19:00:00,19,0,0,0,50,100,1.0,31,0.6109,1
Unnamed Parking,-1.2944773,36.8101427,2026-08-24 19:00:00,19,0,0,0,50,100,1.0,25,0.4923,1
Parking B,-1.2806414,36.8128716,2026-08-24 19:00:00,19,0,0,0,50,100,1.0,25,0.493,1
MAIN PACKING,-1.2803274,36.8127162,2026-08-24 19:00:00,19,0,0,0,50,100,1.0,22,0.4348,1
YMCA STAFF PARKING,-1.2805756,36.8129968,2026-08-24 19:00:00,19,0,0,0,50,100,1.0,21,0.4133,1
Unnamed Parking,-1.2896057,36.8150615,2026-08-24 20:00:00,20,0,0,0,50,100,1.0,10,0.2083,1
Unnamed Parking,-1.2909796,36.8282672,2026-08-24 20:00:00,20,0,0,0,50,100,1.0,17,0.3457,1
Unnamed Parking,-1.2856445,36.8132893,2026-08-24 20:00:00,20,0,0,0,50,100,1.0,18,0.3616,1
Unnamed Parking,-1.2597359,36.8182597,2026-08-24 20:00:00,20,0,0,0,50,100,1.0,13,0.25,1
Unnamed Parking,-1.2641049,36.8117123,2026-08-24 20:00:00,20,0,0,0,50,100,1.0,15,0.3074,1
InterContinental Hotel Car Park,-1.2873717,36.8192911,2026-08-24 20:00:00,20,0,0,0,50,300,1.15,12,0.2415,1
Unnamed Parking,-1.25013,36.8202579,2026-08-24 20:00:00,20,0,0,0,50,100,1.16,20,0.3969,1
Olympic Bus Terminus,-1.3126351,36.7778212,2026-08-24 20:00:00,20,0,0,0,50,100,1.0,23,0.4655,1
Ayany Car Park,-1.3090339,36.7757579,2026-08-24 20:00:00,20,0,0,0,50,200,1.0,24,0.4885,1
Westgate Mall Car Park,-1.2566578,36.8035661,2026-08-24 20:00:00,20,0,0,0,50,50,1.0,22,0.4332,1
Student parking,-1.274479,36.805643,2026-08-24 20:00:00,20,0,0,0,50,100,1.0,16,0.3229,1
Kenton Rear Parking,-1.2809847,36.7869545,2026-08-24 20:00:00,20,0,0,0,50,100,1.0,12,0.2454,1
Unnamed Parking,-1.2553877,36.8667692,2026-08-24 20:00:00,20,0,0,0,50,100,1.0,13,0.2595,1
Unnamed Parking,-1.259848,36.8644681,2026-08-24 20:00:00,20,0,0,0,50,100,1.19,15,0.2985,1
Travel House Parking,-1.2861727,36.8214386,2026-08-24 20:00:00,20,0,0,0,50,100,1.18,16,0.3289,1
Lenana Parking Lot Area,-1.2900918,36.800209,2026-08-24 20:00:00,20,0,0,0,50,100,1.0,19,0.3872,1
Unnamed Parking,-1.2944773,36.8101427,2026-08-24 20:00:00,20,0,0,0,50,100,1.0,16,0.3189,1
Parking B,-1.2806414,36.8128716,2026-08-24 20:00:00,20,0,0,0,50,100,1.0,21,0.4271,1
MAIN PACKING,-1.2803274,36.8127162,2026-08-24 20:00:00,20,0,0,0,50,100,1.0,19,0.3814,1
YMCA STAFF PARKING,-1.2805756,36.8129968,2026-08-24 20:00:00,20,0,0,0,50,100,1.0,20,0.4008,1
Unnamed Parking,-1.2896057,36.8150615,2026-08-24 21:00:00,21,0,0,0,50,100,1.0,25,0.4912,1
Unnamed Parking,-1.2909796,36.8282672,2026-08-24 21:00:00,21,0,0,0,50,100,1.0,15,0.3056,1
Unnamed Parking,-1.2856445,36.8132893,2026-08-24 21:00:00,21,0,0,0,50,100,1.0,22,0.4335,1
Unnamed Parking,-1.2597359,36.8182597,2026-08-24 21:00:00,21,0,0,0,50,100,1.0,20,0.3989,1
Unnamed Parking,-1.2641049,36.8117123,2026-08-24 21:00:00,21,0,0,0,50,100,1.0,19,0.3733,1
InterContinental Hotel Car Park,-1.2873717,36.8192911,2026-08-24 21:00:00,21,0,0,0,50,300,1.15,24,0.4708,1
Unnamed Parking,-1.25013,36.8202579,2026-08-24 21:00:00,21,0,0,0,50,100,1.16,24,0.4703,1
Olympic Bus Terminus,-1.3126351,36.7778212,2026-08-24 21:00:00,21,0,0,0,50,100,1.0,16,0.3243,1
Ayany Car Park,-1.3090339,36.7757579,2026-08-24 21:00:00,21,0,0,0,50,200,1.0,19,0.3854,1
Westgate Mall Car Park,-1.2566578,36.8035661,2026-08-24 21:00:00,21,0,0,0,50,50,1.0,21,0.4225,1
Student parking,-1.274479,36.805643,2026-08-24 21:00:00,21,0,0,0,50,100,1.0,19,0.3782,1
Kenton Rear Parking,-1.2809847,36.7869545,2026-08-24 21:00:00,21,0,0,0,50,100,1.0,22,0.4468,1
Unnamed Parking,-1.2553877,36.8667692,2026-08-24 21:00:00,21,0,0,0,50,100,1.0,21,0.4225,1
Unnamed Parking,-1.259848,36.8644681,2026-08-24 21:00:00,21,0,0,0,50,100,1.19,27,0.5466,1
Travel House Parking,-1.2861727,36.8214386,2026-08-24 21:00:00,21,0,0,0,50,100,1.18,14,0.2776,1
Lenana Parking Lot Area,-1.2900918,36.800209,2026-08-24 21:00:00,21,0,0,0,50,100,1.0,20,0.3902,1
Unnamed Parking,-1.2944773,36.8101427,2026-08-24 21:00:00,21,0,0,0,50,100,1.0,16,0.3273,1
Parking B,-1.2806414,36.8128716,2026-08-24 21:00:00,21,0,0,0,50,100,1.0,22,0.4483,1
MAIN PACKING,-1.2803274,36.8127162,2026-08-24 21:00:00,21,0,0,0,50,100,1.0,14,0.2706,1
YMCA STAFF PARKING,-1.2805756,36.8129968,2026-08-24 21:00:00,21,0,0,0,50,100,1.0,21,0.4277,1
Unnamed Parking,-1.2896057,36.8150615,2026-08-24 22:00:00,22,0,0,0,50,100,1.0,17,0.3496,1
Unnamed Parking,-1.2909796,36.8282672,2026-08-24 22:00:00,22,0,0,0,50,100,1.0,17,0.3413,1
Unnamed Parking,-1.2856445,36.8132893,2026-08-24 22:00:00,22,0,0,0,50,100,1.0,14,0.2843,1
Unnamed Parking,-1.2597359,36.8182597,2026-08-24 22:00:00,22,0,0,0,50,100,1.0,18,0.3628,1
Unnamed Parking,-1.2641049,36.8117123,2026-08-24 22:00:00,22,0,0,0,50,100,1.0,24,0.4868,1
InterContinental Hotel Car Park,-1.2873717,36.8192911,2026-08-24 22:00:00,22,0,0,0,50,300,1.15,20,0.398,1
Unnamed Parking,-1.25013,36.8202579,2026-08-24 22:00:00,22,0,0,0,50,100,1.16,23,0.4502,1
Olympic Bus Terminus,-1.3126351,36.7778212,2026-08-24 22:00:00,22,0,0,0,50,100,1.0,27,0.5332,1
Ayany Car Park,-1.3090339,36.7757579,2026-08-24 22:00:00,22,0,0,0,50,200,1.0,21,0.4211,1
Westgate Mall Car Park,-1.2566578,36.8035661,2026-08-24 22:00:00,22,0,0,0,50,50,1.0,18,0.3553,1
Student parking,-1.274479,36.805643,2026-08-24 22:00:00,22,0,0,0,50,100,1.0,22,0.4374,1
Kenton Rear Parking,-1.2809847,36.7869545,2026-08-24 22:00:00,22,0,0,0,50,100,1.0,18,0.3565,1
Unnamed Parking,-1.2553877,36.8667692,2026-08-24 22:00:00,22,0,0,0,50,100,1.0,18,0.3596,1
Unnamed Parking,-1.259848,36.8644681,2026-08-24 22:00:00,22,0,0,0,50,100,1.19,14,0.2784,1
Travel House Parking,-1.2861727,36.8214386,2026-08-24 22:00:00,22,0,0,0,50,100,1.18,24,0.4741,1
Lenana Parking Lot Area,-1.2900918,36.800209,2026-08-24 22:00:00,22,0,0,0,50,100,1.0,18,0.3691,1
Unnamed Parking,-1.2944773,36.8101427,2026-08-24 22:00:00,22,0,0,0,50,100,1.0,21,0.4146,1
Parking B,-1.2806414,36.8128716,2026-08-24 22:00:00,22,0,0,0,50,100,1.0,16,0.3171,1
MAIN PACKING,-1.2803274,36.8127162,2026-08-24 22:00:00,22,0,0,0,50,100,1.0,22,0.4349,1
YMCA STAFF PARKING,-1.2805756,36.8129968,2026-08-24 22:00:00,22,0,0,0,50,100,1.0,17,0.339,1
Unnamed Parking,-1.2896057,36.8150615,2026-08-25 06:00:00,6,1,0,0,50,100,1.0,19,0.3887,1
Unnamed Parking,-1.2909796,36.8282672,2026-08-25 06:00:00,6,1,0,0,50,100,1.0,24,0.4702,1
Unnamed Parking,-1.2856445,36.8132893,2026-08-25 06:00:00,6,1,0,0,50,100,1.0,23,0.4633,1
Unnamed Parking,-1.2597359,36.8182597,2026-08-25 06:00:00,6,1,0,0,50,100,1.0,20,0.3982,1
Unnamed Parking,-1.2641049,36.8117123,2026-08-25 06:00:00,6,1,0,0,50,100,1.0,13,0.2585,1
InterContinental Hotel Car Park,-1.2873717,36.8192911,2026-08-25 06:00:00,6,1,0,0,50,300,1.15,32,0.6394,1
Unnamed Parking,-1.25013,36.8202579,2026-08-25 06:00:00,6,1,0,0,50,100,1.16,27,0.5397,1
Olympic Bus Terminus,-1.3126351,36.7778212,2026-08-25 06:00:00,6,1,0,0,50,100,1.0,23,0.4578,1
Ayany Car Park,-1.3090339,36.7757579,2026-08-25 06:00:00,6,1,0,0,50,200,1.0,17,0.3397,1
Westgate Mall Car Park,-1.2566578,36.8035661,2026-08-25 06:00:00,6,1,0,0,50,50,1.0,20,0.3909,1
Student parking,-1.274479,36.805643,2026-08-25 06:00:00,6,1,0,0,50,100,1.0,18,0.3565,1
Kenton Rear Parking,-1.2809847,36.7869545,2026-08-25 06:00:00,6,1,0,0,50,100,1.0,25,0.5011,1
Unnamed Parking,-1.2553877,36.8667692,2026-08-25 06:00:00,6,1,0,0,50,100,1.0,21,0.421,1
Unnamed Parking,-1.259848,36.8644681,2026-08-25 06:00:00,6,1,0,0,50,100,1.19,17,0.3373,1
Travel House Parking,-1.2861727,36.8214386,2026-08-25 06:00:00,6,1,0,0,50,100,1.18,18,0.3623,1
Lenana Parking Lot Area,-1.2900918,36.800209,2026-08-25 06:00:00,6,1,0,0,50,100,1.0,24,0.4897,1
Unnamed Parking,-1.2944773,36.8101427,2026-08-25 06:00:00,6,1,0,0,50,100,1.0,26,0.528,1
Parking B,-1.2806414,36.8128716,2026-08-25 06:00:00,6,1,0,0,50,100,1.0,26,0.5223,1
MAIN PACKING,-1.2803274,36.8127162,2026-08-25 06:00:00,6,1,0,0,50,100,1.0,23,0.4606,1
YMCA STAFF PARKING,-1.2805756,36.8129968,2026-08-25 06:00:00,6,1,0,0,50,100,1.0,19,0.3798,1
Unnamed Parking,-1.2896057,36.8150615,2026-08-25 07:00:00,7,1,0,0,50,100,1.0,7,0.1407,1
Unnamed Parking,-1.2909796,36.8282672,2026-08-25 07:00:00,7,1,0,0,50,100,1.0,21,0.4238,1
Unnamed Parking,-1.2856445,36.8132893,2026-08-25 07:00:00,7,1,0,0,50,100,1.0,20,0.3999,1
Unnamed Parking,-1.2597359,36.8182597,2026-08-25 07:00:00,7,1,0,0,50,100,1.0,21,0.4112,1
Unnamed Parking,-1.2641049,36.8117123,2026-08-25 07:00:00,7,1,0,0,50,100,1.0,20,0.4043,1
InterContinental Hotel Car Park,-1.2873717,36.8192911,2026-08-25 07:00:00,7,1,0,0,50,300,1.15,15,0.2939,1
Unnamed Parking,-1.25013,36.8202579,2026-08-25 07:00:00,7,1,0,0,50,100,1.16,22,0.4446,1
Olympic Bus Terminus,-1.3126351,36.7778212,2026-08-25 07:00:00,7,1,0,0,50,100,1.0,23,0.4506,1
Ayany Car Park,-1.3090339,36.7757579,2026-08-25 07:00:00,7,1,0,0,50,200,1.0,23,0.4546,1
Westgate Mall Car Park,-1.2566578,36.8035661,2026-08-25 07:00:00,7,1,0,0,50,50,1.0,24,0.4757,1
Student parking,-1.274479,36.805643,2026-08-25 07:00:00,7,1,0,0,50,100,1.0,22,0.4483,1
Kenton Rear Parking,-1.2809847,36.7869545,2026-08-25 07:00:00,7,1,0,0,50,100,1.0,18,0.3672,1
Unnamed Parking,-1.2553877,36.8667692,2026-08-25 07:00:00,7,1,0,0,50,100,1.0,20,0.3943,1
Unnamed Parking,-1.259848,36.8644681,2026-08-25 07:00:00,7,1,0,0,50,100,1.19,20,0.4073,1
Travel House Parking,-1.2861727,36.8214386,2026-08-25 07:00:00,7,1,0,0,50,100,1.18,20,0.4086,1
Lenana Parking Lot Area,-1.2900918,36.800209,2026-08-25 07:00:00,7,1,0,0,50,100,1.0,24,0.4799,1
Unnamed Parking,-1.2944773,36.8101427,2026-08-25 07:00:00,7,1,0,0,50,100,1.0,23,0.4515,1
Parking B,-1.2806414,36.8128716,2026-08-25 07:00:00,7,1,0,0,50,100,1.0,28,0.5662,1
MAIN PACKING,-1.2803274,36.8127162,2026-08-25 07:00:00,7,1,0,0,50,100,1.0,29,0.5765,1
YMCA STAFF PARKING,-1.2805756,36.8129968,2026-08-25 07:00:00,7,1,0,0,50,100,1.0,20,0.4064,1
Unnamed Parking,-1.2896057,36.8150615,2026-08-25 08:00:00,8,1,0,0,50,100,1.0,27,0.5431,1
Unnamed Parking,-1.2909796,36.8282672,2026-08-25 08:00:00,8,1,0,0,50,100,1.0,47,0.9489,1
Unnamed Parking,-1.2856445,36.8132893,2026-08-25 08:00:00,8,1,0,0,50,100,1.0,40,0.8068,1
Unnamed Parking,-1.2597359,36.8182597,2026-08-25 08:00:00,8,1,0,0,50,100,1.0,39,0.7859,1
Unnamed Parking,-1.2641049,36.8117123,2026-08-25 08:00:00,8,1,0,0,50,100,1.0,41,0.8181,1
InterContinental Hotel Car Park,-1.2873717,36.8192911,2026-08-25 08:00:00,8,1,0,0,50,300,1.15,41,0.8143,1
Unnamed Parking,-1.25013,36.8202579,2026-08-25 08:00:00,8,1,0,0,50,100,1.16,45,0.899,1
Olympic Bus Terminus,-1.3126351,36.7778212,2026-08-25 08:00:00,8,1,0,0,50,100,1.0,36,0.7252,1
Ayany Car Park,-1.3090339,36.7757579,2026-08-25 08:00:00,8,1,0,0,50,200,1.0,38,0.7638,1
Westgate Mall Car Park,-1.2566578,36.8035661,2026-08-25 08:00:00,8,1,0,0,50,50,1.0,44,0.8775,1
Student parking,-1.274479,36.805643,2026-08-25 08:00:00,8,1,0,0,50,100,1.0,45,0.8998,1
Kenton Rear Parking,-1.2809847,36.7869545,2026-08-25 08:00:00,8,1,0,0,50,100,1.0,45,0.9013,1
Unnamed Parking,-1.2553877,36.8667692,2026-08-25 08:00:00,8,1,0,0,50,100,1.0,39,0.787,1
Unnamed Parking,-1.259848,36.8644681,2026-08-25 08:00:00,8,1,0,0,50,100,1.19,39,0.7717,1
Travel House Parking,-1.2861727,36.8214386,2026-08-25 08:00:00,8,1,0,0,50,100,1.18,40,0.8095,1
Lenana Parking Lot Area,-1.2900918,36.800209,2026-08-25 08:00:00,8,1,0,0,50,100,1.0,43,0.8692,1
Unnamed Parking,-1.2944773,36.8101427,2026-08-25 08:00:00,8,1,0,0,50,100,1.0,48,0.9688,0
Parking B,-1.2806414,36.8128716,2026-08-25 08:00:00,8,1,0,0,50,100,1.0,34,0.6862,1
MAIN PACKING,-1.2803274,36.8127162,2026-08-25 08:00:00,8,1,0,0,50,100,1.0,42,0.8323,1
YMCA STAFF PARKING,-1.2805756,36.8129968,2026-08-25 08:00:00,8,1,0,0,50,100,1.0,37,0.7434,1
Unnamed Parking,-1.2896057,36.8150615,2026-08-25 09:00:00,9,1,0,0,50,100,1.0,36,0.7178,1
Unnamed Parking,-1.2909796,36.8282672,2026-08-25 09:00:00,9,1,0,0,50,100,1.0,46,0.9274,1
Unnamed Parking,-1.2856445,36.8132893,2026-08-25 09:00:00,9,1,0,0,50,100,1.0,45,0.8936,1
Unnamed Parking,-1.2597359,36.8182597,2026-08-25 09:00:00,9,1,0,0,50,100,1.0,44,0.886,1
Unnamed Parking,-1.2641049,36.8117123,2026-08-25 09:00:00,9,1,0,0,50,100,1.0,46,0.9237,1
InterContinental Hotel Car Park,-1.2873717,36.8192911,2026-08-25 09:00:00,9,1,0,0,50,300,1.15,41,0.8116,1
Unnamed Parking,-1.25013,36.8202579,2026-08-25 09:00:00,9,1,0,0,50,100,1.16,41,0.8154,1
Olympic Bus Terminus,-1.3126351,36.7778212,2026-08-25 09:00:00,9,1,0,0,50,100,1.0,50,1.0,0
Ayany Car Park,-1.3090339,36.7757579,2026-08-25 09:00:00,9,1,0,0,50,200,1.0,42,0.8303,1
Westgate Mall Car Park,-1.2566578,36.8035661,2026-08-25 09:00:00,9,1,0,0,50,50,1.0,45,0.9088,1
Student parking,-1.274479,36.805643,2026-08-25 09:00:00,9,1,0,0,50,100,1.0,43,0.8505,1
Kenton Rear Parking,-1.2809847,36.7869545,2026-08-25 09:00:00,9,1,0,0,50,100,1.0,35,0.7021,1
Unnamed Parking,-1.2553877,36.8667692,2026-08-25 09:00:00,9,1,0,0,50,100,1.0,34,0.6864,1
Unnamed Parking,-1.259848,36.8644681,2026-08-25 09:00:00,9,1,0,0,50,100,1.19,40,0.8037,1
Travel House Parking,-1.2861727,36.8214386,2026-08-25 09:00:00,9,1,0,0,50,100,1.18,47,0.9345,1
Lenana Parking Lot Area,-1.2900918,36.800209,2026-08-25 09:00:00,9,1,0,0,50,100,1.0,46,0.9131,1
Unnamed Parking,-1.2944773,36.8101427,2026-08-25 09:00:00,9,1,0,0,50,100,1.0,46,0.9231,1
Parking B,-1.2806414,36.8128716,2026-08-25 09:00:00,9,1,0,0,50,100,1.0,39,0.771,1
MAIN PACKING,-1.2803274,36.8127162,2026-08-25 09:00:00,9,1,0,0,50,100,1.0,49,0.9793,0
YMCA STAFF PARKING,-1.2805756,36.8129968,2026-08-25 09:00:00,9,1,0,0,50,100,1.0,39,0.7728,1
Unnamed Parking,-1.2896057,36.8150615,2026-08-25 10:00:00,10,1,0,0,50,100,1.0,43,0.867,1
Unnamed Parking,-1.2909796,36.8282672,2026-08-25 10:00:00,10,1,0,0,50,100,1.0,42,0.8492,1
Unnamed Parking,-1.2856445,36.8132893,2026-08-25 10:00:00,10,1,0,0,50,100,1.0,42,0.8361,1
Unnamed Parking,-1.2597359,36.8182597,2026-08-25 10:00:00,10,1,0,0,50,100,1.0,48,0.9571,0
Unnamed Parking,-1.2641049,36.8117123,2026-08-25 10:00:00,10,1,0,0,50,100,1.0,40,0.7936,1
InterContinental Hotel Car Park,-1.2873717,36.8192911,2026-08-25 10:00:00,10,1,0,0,50,300,1.15,37,0.742,1
Unnamed Parking,-1.25013,36.8202579,2026-08-25 10:00:00,10,1,0,0,50,100,1.16,43,0.8516,1
Olympic Bus Terminus,-1.3126351,36.7778212,2026-08-25 10:00:00,10,1,0,0,50,100,1.0,41,0.818,1
Ayany Car Park,-1.3090339,36.7757579,2026-08-25 10:00:00,10,1,0,0,50,200,1.0,50,1.0,0
Westgate Mall Car Park,-1.2566578,36.8035661,2026-08-25 10:00:00,10,1,0,0,50,50,1.0,45,0.9041,1
Student parking,-1.274479,36.805643,2026-08-25 10:00:00,10,1,0,0,50,100,1.0,41,0.8173,1
Kenton Rear Parking,-1.2809847,36.7869545,2026-08-25 10:00:00,10,1,0,0,50,100,1.0,38,0.7655,1
Unnamed Parking,-1.2553877,36.8667692,2026-08-25 10:00:00,10,1,0,0,50,100,1.0,35,0.6996,1
Unnamed Parking,-1.259848,36.8644681,2026-08-25 10:00:00,10,1,0,0,50,100,1.19,38,0.768,1
Travel House Parking,-1.2861727,36.8214386,2026-08-25 10:00:00,10,1,0,0,50,100,1.18,43,0.8592,1
Lenana Parking Lot Area,-1.2900918,36.800209,2026-08-25 10:00:00,10,1,0,0,50,100,1.0,48,0.9642,0
Unnamed Parking,-1.2944773,36.8101427,2026-08-25 10:00:00,10,1,0,0,50,100,1.0,47,0.9397,1
Parking B,-1.2806414,36.8128716,2026-08-25 10:00:00,10,1,0,0,50,100,1.0,43,0.8683,1
MAIN PACKING,-1.2803274,36.8127162,2026-08-25 10:00:00,10,1,0,0,50,100,1.0,41,0.8241,1
YMCA STAFF PARKING,-1.2805756,36.8129968,2026-08-25 10:00:00,10,1,0,0,50,100,1.0,44,0.8715,1
Unnamed Parking,-1.2896057,36.8150615,2026-08-25 11:00:00,11,1,0,0,50,100,1.0,40,0.8085,1
Unnamed Parking,-1.2909796,36.8282672,2026-08-25 11:00:00,11,1,0,0,50,100,1.0,49,0.9875,0
Unnamed Parking,-1.2856445,36.8132893,2026-08-25 11:00:00,11,1,0,0,50,100,1.0,42,0.8349,1
Unnamed Parking,-1.2597359,36.8182597,2026-08-25 11:00:00,11,1,0,0,50,100,1.0,42,0.8431,1
Unnamed Parking,-1.2641049,36.8117123,2026-08-25 11:00:00,11,1,0,0,50,100,1.0,34,0.6727,1
InterContinental Hotel Car Park,-1.2873717,36.8192911,2026-08-25 11:00:00,11,1,0,0,50,300,1.15,42,0.8344,1
Unnamed Parking,-1.25013,36.8202579,2026-08-25 11:00:00,11,1,0,0,50,100,1.16,46,0.9169,1
Olympic Bus Terminus,-1.3126351,36.7778212,2026-08-25 11:00:00,11,1,0,0,50,100,1.0,38,0.7646,1
Ayany Car Park,-1.3090339,36.7757579,2026-08-25 11:00:00,11,1,0,0,50,200,1.0,39,0.7899,1
Westgate Mall Car Park,-1.2566578,36.8035661,2026-08-25 11:00:00,11,1,0,0,50,50,1.0,46,0.9134,1
Student parking,-1.274479,36.805643,2026-08-25 11:00:00,11,1,0,0,50,100,1.0,37,0.7319,1
Kenton Rear Parking,-1.2809847,36.7869545,2026-08-25 11:00:00,11,1,0,0,50,100,1.0,47,0.9346,1
Unnamed Parking,-1.2553877,36.8667692,2026-08-25 11:00:00,11,1,0,0,50,100,1.0,40,0.8074,1
Unnamed Parking,-1.259848,36.8644681,2026-08-25 11:00:00,11,1,0,0,50,100,1.19,41,0.8189,1
Travel House Parking,-1.2861727,36.8214386,2026-08-25 11:00:00,11,1,0,0,50,100,1.18,38,0.7601,1
Lenana Parking Lot Area,-1.2900918,36.800209,2026-08-25 11:00:00,11,1,0,0,50,100,1.0,44,0.8802,1
Unnamed Parking,-1.2944773,36.8101427,2026-08-25 11:00:00,11,1,0,0,50,100,1.0,50,1.0,0
Parking B,-1.2806414,36.8128716,2026-08-25 11:00:00,11,1,0,0,50,100,1.0,46,0.9125,1
MAIN PACKING,-1.2803274,36.8127162,2026-08-25 11:00:00,11,1,0,0,50,100,1.0,39,0.7809,1
YMCA STAFF PARKING,-1.2805756,36.8129968,2026-08-25 11:00:00,11,1,0,0,50,100,1.0,47,0.9408,1
Unnamed Parking,-1.2896057,36.8150615,2026-08-25 12:00:00,12,1,0,0,50,100,1.0,34,0.6747,1
Unnamed Parking,-1.2909796,36.8282672,2026-08-25 12:00:00,12,1,0,0,50,100,1.0,40,0.81,1
Unnamed Parking,-1.2856445,36.8132893,2026-08-25 12:00:00,12,1,0,0,50,100,1.0,38,0.7645,1
Unnamed Parking,-1.2597359,36.8182597,2026-08-25 12:00:00,12,1,0,0,50,100,1.0,23,0.4645,1
Unnamed Parking,-1.2641049,36.8117123,2026-08-25 12:00:00,12,1,0,0,50,100,1.0,31,0.6197,1
InterContinental Hotel Car Park,-1.2873717,36.8192911,2026-08-25 12:00:00,12,1,0,0,50,300,1.15,39,0.7756,1
Unnamed Parking,-1.25013,36.8202579,2026-08-25 12:00:00,12,1,0,0,50,100,1.16,36,0.7121,1
Olympic Bus Terminus,-1.3126351,36.7778212,2026-08-25 12:00:00,12,1,0,0,50,100,1.0,31,0.6181,1
Ayany Car Park,-1.3090339,36.7757579,2026-08-25 12:00:00,12,1,0,0,50,200,1.0,32,0.6493,1
Westgate Mall Car Park,-1.2566578,36.8035661,2026-08-25 12:00:00,12,1,0,0,50,50,1.0,27,0.5475,1
Student parking,-1.274479,36.805643,2026-08-25 12:00:00,12,1,0,0,50,100,1.0,35,0.6929,1
Kenton Rear Parking,-1.2809847,36.7869545,2026-08-25 12:00:00,12,1,0,0,50,100,1.0,44,0.8769,1
Unnamed Parking,-1.2553877,36.8667692,2026-08-25 12:00:00,12,1,0,0,50,100,1.0,38,0.7644,1
Unnamed Parking,-1.259848,36.8644681,2026-08-25 12:00:00,12,1,0,0,50,100,1.19,44,0.8752,1
Travel House Parking,-1.2861727,36.8214386,2026-08-25 12:00:00,12,1,0,0,50,100,1.18,39,0.7706,1
Lenana Parking Lot Area,-1.2900918,36.800209,2026-08-25 12:00:00,12,1,0,0,50,100,1.0,39,0.7822,1
Unnamed Parking,-1.2944773,36.8101427,2026-08-25 12:00:00,12,1,0,0,50,100,1.0,43,0.8579,1
Parking B,-1.2806414,36.8128716,2026-08-25 12:00:00,12,1,0,0,50,100,1.0,37,0.7302,1
MAIN PACKING,-1.2803274,36.8127162,2026-08-25 12:00:00,12,1,0,0,50,100,1.0,34,0.685,1
YMCA STAFF PARKING,-1.2805756,36.8129968,2026-08-25 12:00:00,12,1,0,0,50,100,1.0,39,0.7826,1
Unnamed Parking,-1.2896057,36.8150615,2026-08-25 13:00:00,13,1,0,0,50,100,1.0,48,0.9663,0
Unnamed Parking,-1.2909796,36.8282672,2026-08-25 13:00:00,13,1,0,0,50,100,1.0,41,0.8116,1
Unnamed Parking,-1.2856445,36.8132893,2026-08-25 13:00:00,13,1,0,0,50,100,1.0,40,0.7923,1
Unnamed Parking,-1.2597359,36.8182597,2026-08-25 13:00:00,13,1,0,0,50,100,1.0,43,0.8611,1
Unnamed Parking,-1.2641049,36.8117123,2026-08-25 13:00:00,13,1,0,0,50,100,1.0,46,0.9165,1
InterContinental Hotel Car Park,-1.2873717,36.8192911,2026-08-25 13:00:00,13,1,0,0,50,300,1.15,46,0.9138,1
Unnamed Parking,-1.25013,36.8202579,2026-08-25 13:00:00,13,1,0,0,50,100,1.16,37,0.7361,1
Olympic Bus Terminus,-1.3126351,36.7778212,2026-08-25 13:00:00,13,1,0,0,50,100,1.0,50,1.0,0
Ayany Car Park,-1.3090339,36.7757579,2026-08-25 13:00:00,13,1,0,0,50,200,1.0,40,0.7987,1
Westgate Mall Car Park,-1.2566578,36.8035661,2026-08-25 13:00:00,13,1,0,0,50,50,1.0,41,0.8288,1
Student parking,-1.274479,36.805643,2026-08-25 13:00:00,13,1,0,0,50,100,1.0,39,0.7778,1
Kenton Rear Parking,-1.2809847,36.7869545,2026-08-25 13:00:00,13,1,0,0,50,100,1.0,50,1.0,0
Unnamed Parking,-1.2553877,36.8667692,2026-08-25 13:00:00,13,1,0,0,50,100,1.0,43,0.8694,1
Unnamed Parking,-1.259848,36.8644681,2026-08-25 13:00:00,13,1,0,0,50,100,1.19,39,0.7819,1
Travel House Parking,-1.2861727,36.8214386,2026-08-25 13:00:00,13,1,0,0,50,100,1.18,46,0.9191,1
Lenana Parking Lot Area,-1.2900918,36.800209,2026-08-25 13:00:00,13,1,0,0,50,100,1.0,46,0.9115,1
Unnamed Parking,-1.2944773,36.8101427,2026-08-25 13:00:00,13,1,0,0,50,100,1.0,42,0.835,1
Parking B,-1.2806414,36.8128716,2026-08-25 13:00:00,13,1,0,0,50,100,1.0,46,0.9172,1
MAIN PACKING,-1.2803274,36.8127162,2026-08-25 13:00:00,13,1,0,0,50,100,1.0,39,0.784,1
YMCA STAFF PARKING,-1.2805756,36.8129968,2026-08-25 13:00:00,13,1,0,0,50,100,1.0,41,0.8106,1
Unnamed Parking,-1.2896057,36.8150615,2026-08-25 14:00:00,14,1,0,0,50,100,1.0,34,0.6892,1
Unnamed Parking,-1.2909796,36.8282672,2026-08-25 14:00:00,14,1,0,0,50,100,1.0,37,0.7441,1
Unnamed Parking,-1.2856445,36.8132893,2026-08-25 14:00:00,14,1,0,0,50,100,1.0,50,0.9946,0
Unnamed Parking,-1.2597359,36.8182597,2026-08-25 14:00:00,14,1,0,0,50,100,1.0,49,0.9813,0
Unnamed Parking,-1.2641049,36.8117123,2026-08-25 14:00:00,14,1,0,0,50,100,1.0,43,0.8553,1
InterContinental Hotel Car Park,-1.2873717,36.8192911,2026-08-25 14:00:00,14,1,0,0,50,300,1.15,49,0.983,0
Unnamed Parking,-1.25013,36.8202579,2026-08-25 14:00:00,14,1,0,0,50,100,1.16,42,0.8372,1
Olympic Bus Terminus,-1.3126351,36.7778212,2026-08-25 14:00:00,14,1,0,0,50,100,1.0,42,0.8305,1
Ayany Car Park,-1.3090339,36.7757579,2026-08-25 14:00:00,14,1,0,0,50,200,1.0,43,0.8545,1
Westgate Mall Car Park,-1.2566578,36.8035661,2026-08-25 14:00:00,14,1,0,0,50,50,1.0,42,0.84,1
Student parking,-1.274479,36.805643,2026-08-25 14:00:00,14,1,0,0,50,100,1.0,42,0.8328,1
Kenton Rear Parking,-1.2809847,36.7869545,2026-08-25 14:00:00,14,1,0,0,50,100,1.0,47,0.9415,1
Unnamed Parking,-1.2553877,36.8667692,2026-08-25 14:00:00,14,1,0,0,50,100,1.0,43,0.862,1
Unnamed Parking,-1.259848,36.8644681,2026-08-25 14:00:00,14,1,0,0,50,100,1.19,45,0.907,1
Travel House Parking,-1.2861727,36.8214386,2026-08-25 14:00:00,14,1,0,0,50,100,1.18,47,0.9325,1
Lenana Parking Lot Area,-1.2900918,36.800209,2026-08-25 14:00:00,14,1,0,0,50,100,1.0,44,0.8811,1
Unnamed Parking,-1.2944773,36.8101427,2026-08-25 14:00:00,14,1,0,0,50,100,1.0,39,0.7724,1
Parking B,-1.2806414,36.8128716,2026-08-25 14:00:00,14,1,0,0,50,100,1.0,37,0.7418,1
MAIN PACKING,-1.2803274,36.8127162,2026-08-25 14:00:00,14,1,0,0,50,100,1.0,43,0.8619,1
YMCA STAFF PARKING,-1.2805756,36.8129968,2026-08-25 14:00:00,14,1,0,0,50,100,1.0,42,0.8363,1
Unnamed Parking,-1.2896057,36.8150615,2026-08-25 15:00:00,15,1,0,0,50,100,1.0,43,0.857,1
Unnamed Parking,-1.2909796,36.8282672,2026-08-25 15:00:00,15,1,0,0,50,100,1.0,42,0.8487,1
Unnamed Parking,-1.2856445,36.8132893,2026-08-25 15:00:00,15,1,0,0,50,100,1.0,50,1.0,0
Unnamed Parking,-1.2597359,36.8182597,2026-08-25 15:00:00,15,1,0,0,50,100,1.0,37,0.7436,1
Unnamed Parking,-1.2641049,36.8117123,2026-08-25 15:00:00,15,1,0,0,50,100,1.0,35,0.6908,1
InterContinental Hotel Car Park,-1.2873717,36.8192911,2026-08-25 15:00:00,15,1,0,0,50,300,1.15,44,0.8766,1
Unnamed Parking,-1.25013,36.8202579,2026-08-25 15:00:00,15,1,0,0,50,100,1.16,41,0.8199,1
Olympic Bus Terminus,-1.3126351,36.7778212,2026-08-25 15:00:00,15,1,0,0,50,100,1.0,44,0.8753,1
Ayany Car Park,-1.3090339,36.7757579,2026-08-25 15:00:00,15,1,0,0,50,200,1.0,45,0.8967,1
Westgate Mall Car Park,-1.2566578,36.8035661,2026-08-25 15:00:00,15,1,0,0,50,50,1.0,48,0.9527,0
Student parking,-1.274479,36.805643,2026-08-25 15:00:00,15,1,0,0,50,100,1.0,36,0.7294,1
Kenton Rear Parking,-1.2809847,36.7869545,2026-08-25 15:00:00,15,1,0,0,50,100,1.0,40,0.8055,1
Unnamed Parking,-1.2553877,36.8667692,2026-08-25 15:00:00,15,1,0,0,50,100,1.0,44,0.8843,1
Unnamed Parking,-1.259848,36.8644681,2026-08-25 15:00:00,15,1,0,0,50,100,1.19,46,0.9116,1
Travel House Parking,-1.2861727,36.8214386,2026-08-25 15:00:00,15,1,0,0,50,100,1.18,50,1.0,0
Lenana Parking Lot Area,-1.2900918,36.800209,2026-08-25 15:00:00,15,1,0,0,50,100,1.0,46,0.9265,1
Unnamed Parking,-1.2944773,36.8101427,2026-08-25 15:00:00,15,1,0,0,50,100,1.0,42,0.8455,1
Parking B,-1.2806414,36.8128716,2026-08-25 15:00:00,15,1,0,0,50,100,1.0,39,0.7788,1
MAIN PACKING,-1.2803274,36.8127162,2026-08-25 15:00:00,15,1,0,0,50,100,1.0,40,0.8049,1
YMCA STAFF PARKING,-1.2805756,36.8129968,2026-08-25 15:00:00,15,1,0,0,50,100,1.0,40,0.8026,1
Unnamed Parking,-1.2896057,36.8150615,2026-08-25 16:00:00,16,1,0,0,50,100,1.0,45,0.9024,1
Unnamed Parking,-1.2909796,36.8282672,2026-08-25 16:00:00,16,1,0,0,50,100,1.0,44,0.8706,1
Unnamed Parking,-1.2856445,36.8132893,2026-08-25 16:00:00,16,1,0,0,50,100,1.0,37,0.7441,1
Unnamed Parking,-1.2597359,36.8182597,2026-08-25 16:00:00,16,1,0,0,50,100,1.0,41,0.8151,1
Unnamed Parking,-1.2641049,36.8117123,2026-08-25 16:00:00,16,1,0,0,50,100,1.0,46,0.9202,1
InterContinental Hotel Car Park,-1.2873717,36.8192911,2026-08-25 16:00:00,16,1,0,0,50,300,1.15,44,0.8781,1
Unnamed Parking,-1.25013,36.8202579,2026-08-25 16:00:00,16,1,0,0,50,100,1.16,45,0.8955,1
Olympic Bus Terminus,-1.3126351,36.7778212,2026-08-25 16:00:00,16,1,0,0,50,100,1.0,44,0.8806,1
Ayany Car Park,-1.3090339,36.7757579,2026-08-25 16:00:00,16,1,0,0,50,200,1.0,49,0.9801,0
Westgate Mall Car Park,-1.2566578,36.8035661,2026-08-25 16:00:00,16,1,0,0,50,50,1.0,43,0.8689,1
Student parking,-1.274479,36.805643,2026-08-25 16:00:00,16,1,0,0,50,100,1.0,41,0.8191,1
Kenton Rear Parking,-1.2809847,36.7869545,2026-08-25 16:00:00,16,1,0,0,50,100,1.0,39,0.7767,1
Unnamed Parking,-1.2553877,36.8667692,2026-08-25 16:00:00,16,1,0,0,50,100,1.0,43,0.87,1
Unnamed Parking,-1.259848,36.8644681,2026-08-25 16:00:00,16,1,0,0,50,100,1.19,33,0.6547,1
Travel House Parking,-1.2861727,36.8214386,2026-08-25 16:00:00,16,1,0,0,50,100,1.18,42,0.8353,1
Lenana Parking Lot Area,-1.2900918,36.800209,2026-08-25 16:00:00,16,1,0,0,50,100,1.0,42,0.8335,1
Unnamed Parking,-1.2944773,36.8101427,2026-08-25 16:00:00,16,1,0,0,50,100,1.0,37,0.7408,1
Parking B,-1.2806414,36.8128716,2026-08-25 16:00:00,16,1,0,0,50,100,1.0,39,0.7757,1
MAIN PACKING,-1.2803274,36.8127162,2026-08-25 16:00:00,16,1,0,0,50,100,1.0,46,0.9148,1
YMCA STAFF PARKING,-1.2805756,36.8129968,2026-08-25 16:00:00,16,1,0,0,50,100,1.0,43,0.8685,1
Unnamed Parking,-1.2896057,36.8150615,2026-08-25 17:00:00,17,1,0,0,50,100,1.0,35,0.7081,1
Unnamed Parking,-1.2909796,36.8282672,2026-08-25 17:00:00,17,1,0,0,50,100,1.0,36,0.7245,1
Unnamed Parking,-1.2856445,36.8132893,2026-08-25 17:00:00,17,1,0,0,50,100,1.0,35,0.7074,1
Unnamed Parking,-1.2597359,36.8182597,2026-08-25 17:00:00,17,1,0,0,50,100,1.0,40,0.7994,1
Unnamed Parking,-1.2641049,36.8117123,2026-08-25 17:00:00,17,1,0,0,50,100,1.0,35,0.7099,1
InterContinental Hotel Car Park,-1.2873717,36.8192911,2026-08-25 17:00:00,17,1,0,0,50,300,1.15,29,0.5833,1
Unnamed Parking,-1.25013,36.8202579,2026-08-25 17:00:00,17,1,0,0,50,100,1.16,42,0.8304,1
Olympic Bus Terminus,-1.3126351,36.7778212,2026-08-25 17:00:00,17,1,0,0,50,100,1.0,36,0.7296,1
Ayany Car Park,-1.3090339,36.7757579,2026-08-25 17:00:00,17,1,0,0,50,200,1.0,33,0.6529,1
Westgate Mall Car Park,-1.2566578,36.8035661,2026-08-25 17:00:00,17,1,0,0,50,50,1.0,30,0.5997,1
Student parking,-1.274479,36.805643,2026-08-25 17:00:00,17,1,0,0,50,100,1.0,37,0.7317,1
Kenton Rear Parking,-1.2809847,36.7869545,2026-08-25 17:00:00,17,1,0,0,50,100,1.0,35,0.6906,1
Unnamed Parking,-1.2553877,36.8667692,2026-08-25 17:00:00,17,1,0,0,50,100,1.0,41,0.8259,1
Unnamed Parking,-1.259848,36.8644681,2026-08-25 17:00:00,17,1,0,0,50,100,1.19,34,0.6723,1
Travel House Parking,-1.2861727,36.8214386,2026-08-25 17:00:00,17,1,0,0,50,100,1.18,32,0.633,1
Lenana Parking Lot Area,-1.2900918,36.800209,2026-08-25 17:00:00,17,1,0,0,50,100,1.0,39,0.7717,1
Unnamed Parking,-1.2944773,36.8101427,2026-08-25 17:00:00,17,1,0,0,50,100,1.0,39,0.774,1
Parking B,-1.2806414,36.8128716,2026-08-25 17:00:00,17,1,0,0,50,100,1.0,36,0.7135,1
MAIN PACKING,-1.2803274,36.8127162,2026-08-25 17:00:00,17,1,0,0,50,100,1.0,38,0.7541,1
YMCA STAFF PARKING,-1.2805756,36.8129968,2026-08-25 17:00:00,17,1,0,0,50,100,1.0,35,0.697,1
Unnamed Parking,-1.2896057,36.8150615,2026-08-25 18:00:00,18,1,0,0,50,100,1.0,36,0.7187,1
Unnamed Parking,-1.2909796,36.8282672,2026-08-25 18:00:00,18,1,0,0,50,100,1.0,40,0.7932,1
Unnamed Parking,-1.2856445,36.8132893,2026-08-25 18:00:00,18,1,0,0,50,100,1.0,38,0.75,1
Unnamed Parking,-1.2597359,36.8182597,2026-08-25 18:00:00,18,1,0,0,50,100,1.0,34,0.6865,1
Unnamed Parking,-1.2641049,36.8117123,2026-08-25 18:00:00,18,1,0,0,50,100,1.0,40,0.8082,1
InterContinental Hotel Car Park,-1.2873717,36.8192911,2026-08-25 18:00:00,18,1,0,0,50,300,1.15,26,0.5108,1
Unnamed Parking,-1.25013,36.8202579,2026-08-25 18:00:00,18,1,0,0,50,100,1.16,43,0.8642,1
Olympic Bus Terminus,-1.3126351,36.7778212,2026-08-25 18:00:00,18,1,0,0,50,100,1.0,28,0.5635,1
Ayany Car Park,-1.3090339,36.7757579,2026-08-25 18:00:00,18,1,0,0,50,200,1.0,32,0.6498,1
Westgate Mall Car Park,-1.2566578,36.8035661,2026-08-25 18:00:00,18,1,0,0,50,50,1.0,35,0.6967,1
Student parking,-1.274479,36.805643,2026-08-25 18:00:00,18,1,0,0,50,100,1.0,34,0.6883,1
Kenton Rear Parking,-1.2809847,36.7869545,2026-08-25 18:00:00,18,1,0,0,50,100,1.0,39,0.7805,1
Unnamed Parking,-1.2553877,36.8667692,2026-08-25 18:00:00,18,1,0,0,50,100,1.0,31,0.6154,1
Unnamed Parking,-1.259848,36.8644681,2026-08-25 18:00:00,18,1,0,0,50,100,1.19,36,0.7209,1
Travel House Parking,-1.2861727,36.8214386,2026-08-25 18:00:00,18,1,0,0,50,100,1.18,33,0.6537,1
Lenana Parking Lot Area,-1.2900918,36.800209,2026-08-25 18:00:00,18,1,0,0,50,100,1.0,36,0.7236,1
Unnamed Parking,-1.2944773,36.8101427,2026-08-25 18:00:00,18,1,0,0,50,100,1.0,35,0.6948,1
Parking B,-1.2806414,36.8128716,2026-08-25 18:00:00,18,1,0,0,50,100,1.0,35,0.7074,1
MAIN PACKING,-1.2803274,36.8127162,2026-08-25 18:00:00,18,1,0,0,50,100,1.0,33,0.656,1
YMCA STAFF PARKING,-1.2805756,36.8129968,2026-08-25 18:00:00,18,1,0,0,50,100,1.0,33,0.6592,1
Unnamed Parking,-1.2896057,36.8150615,2026-08-25 19:00:00,19,1,0,0,50,100,1.0,21,0.423,1
Unnamed Parking,-1.2909796,36.8282672,2026-08-25 19:00:00,19,1,0,0,50,100,1.0,24,0.4755,1
Unnamed Parking,-1.2856445,36.8132893,2026-08-25 19:00:00,19,1,0,0,50,100,1.0,18,0.3521,1
Unnamed Parking,-1.2597359,36.8182597,2026-08-25 19:00:00,19,1,0,0,50,100,1.0,17,0.3305,1
Unnamed Parking,-1.2641049,36.8117123,2026-08-25 19:00:00,19,1,0,0,50,100,1.0,22,0.4491,1
InterContinental Hotel Car Park,-1.2873717,36.8192911,2026-08-25 19:00:00,19,1,0,0,50,300,1.15,20,0.3974,1
Unnamed Parking,-1.25013,36.8202579,2026-08-25 19:00:00,19,1,0,0,50,100,1.16,23,0.4664,1
Olympic Bus Terminus,-1.3126351,36.7778212,2026-08-25 19:00:00,19,1,0,0,50,100,1.0,16,0.3275,1
Ayany Car Park,-1.3090339,36.7757579,2026-08-25 19:00:00,19,1,0,0,50,200,1.0,13,0.2576,1
Westgate Mall Car Park,-1.2566578,36.8035661,2026-08-25 19:00:00,19,1,0,0,50,50,1.0,18,0.3574,1
Student parking,-1.274479,36.805643,2026-08-25 19:00:00,19,1,0,0,50,100,1.0,17,0.3387,1
Kenton Rear Parking,-1.2809847,36.7869545,2026-08-25 19:00:00,19,1,0,0,50,100,1.0,20,0.3937,1
Unnamed Parking,-1.2553877,36.8667692,2026-08-25 19:00:00,19,1,0,0,50,100,1.0,17,0.3491,1
Unnamed Parking,-1.259848,36.8644681,2026-08-25 19:00:00,19,1,0,0,50,100,1.19,23,0.4593,1
Travel House Parking,-1.2861727,36.8214386,2026-08-25 19:00:00,19,1,0,0,50,100,1.18,19,0.3769,1
Lenana Parking Lot Area,-1.2900918,36.800209,2026-08-25 19:00:00,19,1,0,0,50,100,1.0,21,0.412,1
Unnamed Parking,-1.2944773,36.8101427,2026-08-25 19:00:00,19,1,0,0,50,100,1.0,21,0.4126,1
Parking B,-1.2806414,36.8128716,2026-08-25 19:00:00,19,1,0,0,50,100,1.0,21,0.4156,1
MAIN PACKING,-1.2803274,36.8127162,2026-08-25 19:00:00,19,1,0,0,50,100,1.0,20,0.3981,1
YMCA STAFF PARKING,-1.2805756,36.8129968,2026-08-25 19:00:00,19,1,0,0,50,100,1.0,22,0.4408,1
Unnamed Parking,-1.2896057,36.8150615,2026-08-25 20:00:00,20,1,0,0,50,100,1.0,17,0.3363,1
Unnamed Parking,-1.2909796,36.8282672,2026-08-25 20:00:00,20,1,0,0,50,100,1.0,26,0.512,1
Unnamed Parking,-1.2856445,36.8132893,2026-08-25 20:00:00,20,1,0,0,50,100,1.0,19,0.3811,1
Unnamed Parking,-1.2597359,36.8182597,2026-08-25 20:00:00,20,1,0,0,50,100,1.0,15,0.2951,1
Unnamed Parking,-1.2641049,36.8117123,2026-08-25 20:00:00,20,1,0,0,50,100,1.0,21,0.415,1
InterContinental Hotel Car Park,-1.2873717,36.8192911,2026-08-25 20:00:00,20,1,0,0,50,300,1.15,17,0.3319,1
Unnamed Parking,-1.25013,36.8202579,2026-08-25 20:00:00,20,1,0,0,50,100,1.16,23,0.4532,1
Olympic Bus Terminus,-1.3126351,36.7778212,2026-08-25 20:00:00,20,1,0,0,50,100,1.0,29,0.5768,1
Ayany Car Park,-1.3090339,36.7757579,2026-08-25 20:00:00,20,1,0,0,50,200,1.0,17,0.3371,1
Westgate Mall Car Park,-1.2566578,36.8035661,2026-08-25 20:00:00,20,1,0,0,50,50,1.0,21,0.4266,1
Student parking,-1.274479,36.805643,2026-08-25 20:00:00,20,1,0,0,50,100,1.0,13,0.2596,1
Kenton Rear Parking,-1.2809847,36.7869545,2026-08-25 20:00:00,20,1,0,0,50,100,1.0,22,0.4363,1
Unnamed Parking,-1.2553877,36.8667692,2026-08-25 20:00:00,20,1,0,0,50,100,1.0,16,0.3291,1
Unnamed Parking,-1.259848,36.8644681,2026-08-25 20:00:00,20,1,0,0,50,100,1.19,18,0.35,1
Travel House Parking,-1.2861727,36.8214386,2026-08-25 20:00:00,20,1,0,0,50,100,1.18,16,0.3119,1
Lenana Parking Lot Area,-1.2900918,36.800209,2026-08-25 20:00:00,20,1,0,0,50,100,1.0,23,0.4586,1
Unnamed Parking,-1.2944773,36.8101427,2026-08-25 20:00:00,20,1,0,0,50,100,1.0,24,0.4806,1
Parking B,-1.2806414,36.8128716,2026-08-25 20:00:00,20,1,0,0,50,100,1.0,20,0.4019,1
MAIN PACKING,-1.2803274,36.8127162,2026-08-25 20:00:00,20,1,0,0,50,100,1.0,17,0.3308,1
YMCA STAFF PARKING,-1.2805756,36.8129968,2026-08-25 20:00:00,20,1,0,0,50,100,1.0,26,0.5272,1
Unnamed Parking,-1.2896057,36.8150615,2026-08-25 21:00:00,21,1,0,0,50,100,1.0,17,0.34,1
Unnamed Parking,-1.2909796,36.8282672,2026-08-25 21:00:00,21,1,0,0,50,100,1.0,11,0.227,1
Unnamed Parking,-1.2856445,36.8132893,2026-08-25 21:00:00,21,1,0,0,50,100,1.0,22,0.4367,1
Unnamed Parking,-1.2597359,36.8182597,2026-08-25 21:00:00,21,1,0,0,50,100,1.0,16,0.3116,1
Unnamed Parking,-1.2641049,36.8117123,2026-08-25 21:00:00,21,1,0,0,50,100,1.0,24,0.4791,1
InterContinental Hotel Car Park,-1.2873717,36.8192911,2026-08-25 21:00:00,21,1,0,0,50,300,1.15,18,0.3695,1
Unnamed Parking,-1.25013,36.8202579,2026-08-25 21:00:00,21,1,0,0,50,100,1.16,22,0.4483,1
Olympic Bus Terminus,-1.3126351,36.7778212,2026-08-25 21:00:00,21,1,0,0,50,100,1.0,26,0.5121,1
Ayany Car Park,-1.3090339,36.7757579,2026-08-25 21:00:00,21,1,0,0,50,200,1.0,15,0.3033,1
Westgate Mall Car Park,-1.2566578,36.8035661,2026-08-25 21:00:00,21,1,0,0,50,50,1.0,18,0.3547,1
Student parking,-1.274479,36.805643,2026-08-25 21:00:00,21,1,0,0,50,100,1.0,20,0.3939,1
Kenton Rear Parking,-1.2809847,36.7869545,2026-08-25 21:00:00,21,1,0,0,50,100,1.0,26,0.523,1
Unnamed Parking,-1.2553877,36.8667692,2026-08-25 21:00:00,21,1,0,0,50,100,1.0,17,0.3473,1
Unnamed Parking,-1.259848,36.8644681,2026-08-25 21:00:00,21,1,0,0,50,100,1.19,18,0.3524,1
Travel House Parking,-1.2861727,36.8214386,2026-08-25 21:00:00,21,1,0,0,50,100,1.18,22,0.4383,1
Lenana Parking Lot Area,-1.2900918,36.800209,2026-08-25 21:00:00,21,1,0,0,50,100,1.0,18,0.3538,1
Unnamed Parking,-1.2944773,36.8101427,2026-08-25 21:00:00,21,1,0,0,50,100,1.0,21,0.4122,1
Parking B,-1.2806414,36.8128716,2026-08-25 21:00:00,21,1,0,0,50,100,1.0,14,0.2759,1
MAIN PACKING,-1.2803274,36.8127162,2026-08-25 21:00:00,21,1,0,0,50,100,1.0,29,0.5771,1
YMCA STAFF PARKING,-1.2805756,36.8129968,2026-08-25 21:00:00,21,1,0,0,50,100,1.0,15,0.2922,1
Unnamed Parking,-1.2896057,36.8150615,2026-08-25 22:00:00,22,1,0,0,50,100,1.0,19,0.3743,1
Unnamed Parking,-1.2909796,36.8282672,2026-08-25 22:00:00,22,1,0,0,50,100,1.0,20,0.3974,1
Unnamed Parking,-1.2856445,36.8132893,2026-08-25 22:00:00,22,1,0,0,50,100,1.0,28,0.553,1
Unnamed Parking,-1.2597359,36.8182597,2026-08-25 22:00:00,22,1,0,0,50,100,1.0,15,0.294,1
Unnamed Parking,-1.2641049,36.8117123,2026-08-25 22:00:00,22,1,0,0,50,100,1.0,28,0.5587,1
InterContinental Hotel Car Park,-1.2873717,36.8192911,2026-08-25 22:00:00,22,1,0,0,50,300,1.15,23,0.4606,1
Unnamed Parking,-1.25013,36.8202579,2026-08-25 22:00:00,22,1,0,0,50,100,1.16,22,0.4334,1
Olympic Bus Terminus,-1.3126351,36.7778212,2026-08-25 22:00:00,22,1,0,0,50,100,1.0,16,0.3212,1
Ayany Car Park,-1.3090339,36.7757579,2026-08-25 22:00:00,22,1,0,0,50,200,1.0,22,0.4457,1
Westgate Mall Car Park,-1.2566578,36.8035661,2026-08-25 22:00:00,22,1,0,0,50,50,1.0,17,0.3421,1
Student parking,-1.274479,36.805643,2026-08-25 22:00:00,22,1,0,0,50,100,1.0,25,0.5013,1
Kenton Rear Parking,-1.2809847,36.7869545,2026-08-25 22:00:00,22,1,0,0,50,100,1.0,16,0.3223,1
Unnamed Parking,-1.2553877,36.8667692,2026-08-25 22:00:00,22,1,0,0,50,100,1.0,20,0.3909,1
Unnamed Parking,-1.259848,36.8644681,2026-08-25 22:00:00,22,1,0,0,50,100,1.19,18,0.3556,1
Travel House Parking,-1.2861727,36.8214386,2026-08-25 22:00:00,22,1,0,0,50,100,1.18,16,0.321,1
Lenana Parking Lot Area,-1.2900918,36.800209,2026-08-25 22:00:00,22,1,0,0,50,100,1.0,23,0.4593,1
Unnamed Parking,-1.2944773,36.8101427,2026-08-25 22:00:00,22,1,0,0,50,100,1.0,22,0.4428,1
Parking B,-1.2806414,36.8128716,2026-08-25 22:00:00,22,1,0,0,50,100,1.0,25,0.4967,1
MAIN PACKING,-1.2803274,36.8127162,2026-08-25 22:00:00,22,1,0,0,50,100,1.0,13,0.2576,1
YMCA STAFF PARKING,-1.2805756,36.8129968,2026-08-25 22:00:00,22,1,0,0,50,100,1.0,24,0.4851,1
Unnamed Parking,-1.2896057,36.8150615,2026-08-26 06:00:00,6,2,0,0,50,100,1.0,30,0.6004,1
Unnamed Parking,-1.2909796,36.8282672,2026-08-26 06:00:00,6,2,0,0,50,100,1.0,18,0.3639,1
Unnamed Parking,-1.2856445,36.8132893,2026-08-26 06:00:00,6,2,0,0,50,100,1.0,28,0.5516,1
Unnamed Parking,-1.2597359,36.8182597,2026-08-26 06:00:00,6,2,0,0,50,100,1.0,19,0.3789,1
Unnamed Parking,-1.2641049,36.8117123,2026-08-26 06:00:00,6,2,0,0,50,100,1.0,15,0.2902,1
InterContinental Hotel Car Park,-1.2873717,36.8192911,2026-08-26 06:00:00,6,2,0,0,50,300,1.15,19,0.3755,1
Unnamed Parking,-1.25013,36.8202579,2026-08-26 06:00:00,6,2,0,0,50,100,1.16,24,0.4839,1
Olympic Bus Terminus,-1.3126351,36.7778212,2026-08-26 06:00:00,6,2,0,0,50,100,1.0,17,0.3329,1
Ayany Car Park,-1.3090339,36.7757579,2026-08-26 06:00:00,6,2,0,0,50,200,1.0,18,0.352,1
Westgate Mall Car Park,-1.2566578,36.8035661,2026-08-26 06:00:00,6,2,0,0,50,50,1.0,22,0.4475,1
Student parking,-1.274479,36.805643,2026-08-26 06:00:00,6,2,0,0,50,100,1.0,20,0.4002,1
Kenton Rear Parking,-1.2809847,36.7869545,2026-08-26 06:00:00,6,2,0,0,50,100,1.0,22,0.4468,1
Unnamed Parking,-1.2553877,36.8667692,2026-08-26 06:00:00,6,2,0,0,50,100,1.0,21,0.419,1
Unnamed Parking,-1.259848,36.8644681,2026-08-26 06:00:00,6,2,0,0,50,100,1.19,22,0.4384,1
Travel House Parking,-1.2861727,36.8214386,2026-08-26 06:00:00,6,2,0,0,50,100,1.18,18,0.3654,1
Lenana Parking Lot Area,-1.2900918,36.800209,2026-08-26 06:00:00,6,2,0,0,50,100,1.0,21,0.4185,1
Unnamed Parking,-1.2944773,36.8101427,2026-08-26 06:00:00,6,2,0,0,50,100,1.0,16,0.3258,1
Parking B,-1.2806414,36.8128716,2026-08-26 06:00:00,6,2,0,0,50,100,1.0,25,0.5031,1
MAIN PACKING,-1.2803274,36.8127162,2026-08-26 06:00:00,6,2,0,0,50,100,1.0,17,0.3493,1
YMCA STAFF PARKING,-1.2805756,36.8129968,2026-08-26 06:00:00,6,2,0,0,50,100,1.0,25,0.4903,1
Unnamed Parking,-1.2896057,36.8150615,2026-08-26 07:00:00,7,2,0,0,50,100,1.0,19,0.3813,1
Unnamed Parking,-1.2909796,36.8282672,2026-08-26 07:00:00,7,2,0,0,50,100,1.0,21,0.4162,1
Unnamed Parking,-1.2856445,36.8132893,2026-08-26 07:00:00,7,2,0,0,50,100,1.0,18,0.3604,1
Unnamed Parking,-1.2597359,36.8182597,2026-08-26 07:00:00,7,2,0,0,50,100,1.0,16,0.3187,1
Unnamed Parking,-1.2641049,36.8117123,2026-08-26 07:00:00,7,2,0,0,50,100,1.0,13,0.2604,1
InterContinental Hotel Car Park,-1.2873717,36.8192911,2026-08-26 07:00:00,7,2,0,0,50,300,1.15,16,0.3156,1
Unnamed Parking,-1.25013,36.8202579,2026-08-26 07:00:00,7,2,0,0,50,100,1.16,19,0.3741,1
Olympic Bus Terminus,-1.3126351,36.7778212,2026-08-26 07:00:00,7,2,0,0,50,100,1.0,21,0.417,1
Ayany Car Park,-1.3090339,36.7757579,2026-08-26 07:00:00,7,2,0,0,50,200,1.0,24,0.4808,1
Westgate Mall Car Park,-1.2566578,36.8035661,2026-08-26 07:00:00,7,2,0,0,50,50,1.0,18,0.3643,1
Student parking,-1.274479,36.805643,2026-08-26 07:00:00,7,2,0,0,50,100,1.0,16,0.3294,1
Kenton Rear Parking,-1.2809847,36.7869545,2026-08-26 07:00:00,7,2,0,0,50,100,1.0,14,0.2846,1
Unnamed Parking,-1.2553877,36.8667692,2026-08-26 07:00:00,7,2,0,0,50,100,1.0,22,0.4384,1
Unnamed Parking,-1.259848,36.8644681,2026-08-26 07:00:00,7,2,0,0,50,100,1.19,26,0.5107,1
Travel House Parking,-1.2861727,36.8214386,2026-08-26 07:00:00,7,2,0,0,50,100,1.18,25,0.5013,1
Lenana Parking Lot Area,-1.2900918,36.800209,2026-08-26 07:00:00,7,2,0,0,50,100,1.0,23,0.4568,1
Unnamed Parking,-1.2944773,36.8101427,2026-08-26 07:00:00,7,2,0,0,50,100,1.0,23,0.4511,1
Parking B,-1.2806414,36.8128716,2026-08-26 07:00:00,7,2,0,0,50,100,1.0,27,0.5358,1
MAIN PACKING,-1.2803274,36.8127162,2026-08-26 07:00:00,7,2,0,0,50,100,1.0,21,0.4266,1
YMCA STAFF PARKING,-1.2805756,36.8129968,2026-08-26 07:00:00,7,2,0,0,50,100,1.0,23,0.4517,1
Unnamed Parking,-1.2896057,36.8150615,2026-08-26 08:00:00,8,2,0,0,50,100,1.0,41,0.8243,1
Unnamed Parking,-1.2909796,36.8282672,2026-08-26 08:00:00,8,2,0,0,50,100,1.0,37,0.741,1
Unnamed Parking,-1.2856445,36.8132893,2026-08-26 08:00:00,8,2,0,0,50,100,1.0,40,0.7953,1
Unnamed Parking,-1.2597359,36.8182597,2026-08-26 08:00:00,8,2,0,0,50,100,1.0,42,0.8493,1
Unnamed Parking,-1.2641049,36.8117123,2026-08-26 08:00:00,8,2,0,0,50,100,1.0,43,0.8549,1
InterContinental Hotel Car Park,-1.2873717,36.8192911,2026-08-26 08:00:00,8,2,0,0,50,300,1.15,50,1.0,0
Unnamed Parking,-1.25013,36.8202579,2026-08-26 08:00:00,8,2,0,0,50,100,1.16,43,0.8565,1
Olympic Bus Terminus,-1.3126351,36.7778212,2026-08-26 08:00:00,8,2,0,0,50,100,1.0,47,0.9443,1
Ayany Car Park,-1.3090339,36.7757579,2026-08-26 08:00:00,8,2,0,0,50,200,1.0,41,0.8152,1
Westgate Mall Car Park,-1.2566578,36.8035661,2026-08-26 08:00:00,8,2,0,0,50,50,1.0,41,0.8251,1
Student parking,-1.274479,36.805643,2026-08-26 08:00:00,8,2,0,0,50,100,1.0,37,0.7437,1
Kenton Rear Parking,-1.2809847,36.7869545,2026-08-26 08:00:00,8,2,0,0,50,100,1.0,40,0.7906,1
Unnamed Parking,-1.2553877,36.8667692,2026-08-26 08:00:00,8,2,0,0,50,100,1.0,45,0.8922,1
Unnamed Parking,-1.259848,36.8644681,2026-08-26 08:00:00,8,2,0,0,50,100,1.19,43,0.8506,1
Travel House Parking,-1.2861727,36.8214386,2026-08-26 08:00:00,8,2,0,0,50,100,1.18,46,0.9254,1
Lenana Parking Lot Area,-1.2900918,36.800209,2026-08-26 08:00:00,8,2,0,0,50,100,1.0,43,0.8645,1
Unnamed Parking,-1.2944773,36.8101427,2026-08-26 08:00:00,8,2,0,0,50,100,1.0,41,0.8218,1
Parking B,-1.2806414,36.8128716,2026-08-26 08:00:00,8,2,0,0,50,100,1.0,50,1.0,0
MAIN PACKING,-1.2803274,36.8127162,2026-08-26 08:00:00,8,2,0,0,50,100,1.0,42,0.8425,1
YMCA STAFF PARKING,-1.2805756,36.8129968,2026-08-26 08:00:00,8,2,0,0,50,100,1.0,47,0.943,1
Unnamed Parking,-1.2896057,36.8150615,2026-08-26 09:00:00,9,2,0,0,50,100,1.0,41,0.8179,1
Unnamed Parking,-1.2909796,36.8282672,2026-08-26 09:00:00,9,2,0,0,50,100,1.0,45,0.9068,1
Unnamed Parking,-1.2856445,36.8132893,2026-08-26 09:00:00,9,2,0,0,50,100,1.0,46,0.9242,1
Unnamed Parking,-1.2597359,36.8182597,2026-08-26 09:00:00,9,2,0,0,50,100,1.0,43,0.8667,1
Unnamed Parking,-1.2641049,36.8117123,2026-08-26 09:00:00,9,2,0,0,50,100,1.0,33,0.6616,1
InterContinental Hotel Car Park,-1.2873717,36.8192911,2026-08-26 09:00:00,9,2,0,0,50,300,1.15,43,0.8515,1
Unnamed Parking,-1.25013,36.8202579,2026-08-26 09:00:00,9,2,0,0,50,100,1.16,47,0.9484,1
Olympic Bus Terminus,-1.3126351,36.7778212,2026-08-26 09:00:00,9,2,0,0,50,100,1.0,45,0.8922,1
Ayany Car Park,-1.3090339,36.7757579,2026-08-26 09:00:00,9,2,0,0,50,200,1.0,44,0.8857,1
Westgate Mall Car Park,-1.2566578,36.8035661,2026-08-26 09:00:00,9,2,0,0,50,50,1.0,36,0.7122,1
Student parking,-1.274479,36.805643,2026-08-26 09:00:00,9,2,0,0,50,100,1.0,40,0.7924,1
Kenton Rear Parking,-1.2809847,36.7869545,2026-08-26 09:00:00,9,2,0,0,50,100,1.0,44,0.8829,1
Unnamed Parking,-1.2553877,36.8667692,2026-08-26 09:00:00,9,2,0,0,50,100,1.0,44,0.8828,1
Unnamed Parking,-1.259848,36.8644681,2026-08-26 09:00:00,9,2,0,0,50,100,1.19,47,0.9472,1
Travel House Parking,-1.2861727,36.8214386,2026-08-26 09:00:00,9,2,0,0,50,100,1.18,42,0.8384,1
Lenana Parking Lot Area,-1.2900918,36.800209,2026-08-26 09:00:00,9,2,0,0,50,100,1.0,44,0.8825,1
Unnamed Parking,-1.2944773,36.8101427,2026-08-26 09:00:00,9,2,0,0,50,100,1.0,43,0.8513,1
Parking B,-1.2806414,36.8128716,2026-08-26 09:00:00,9,2,0,0,50,100,1.0,39,0.771,1
MAIN PACKING,-1.2803274,36.8127162,2026-08-26 09:00:00,9,2,0,0,50,100,1.0,33,0.6695,1
YMCA STAFF PARKING,-1.2805756,36.8129968,2026-08-26 09:00:00,9,2,0,0,50,100,1.0,44,0.8845,1
Unnamed Parking,-1.2896057,36.8150615,2026-08-26 10:00:00,10,2,0,0,50,100,1.0,43,0.8639,1
Unnamed Parking,-1.2909796,36.8282672,2026-08-26 10:00:00,10,2,0,0,50,100,1.0,40,0.8005,1
Unnamed Parking,-1.2856445,36.8132893,2026-08-26 10:00:00,10,2,0,0,50,100,1.0,36,0.7205,1
Unnamed Parking,-1.2597359,36.8182597,2026-08-26 10:00:00,10,2,0,0,50,100,1.0,45,0.9004,1
Unnamed Parking,-1.2641049,36.8117123,2026-08-26 10:00:00,10,2,0,0,50,100,1.0,41,0.8287,1
InterContinental Hotel Car Park,-1.2873717,36.8192911,2026-08-26 10:00:00,10,2,0,0,50,300,1.15,45,0.8945,1
Unnamed Parking,-1.25013,36.8202579,2026-08-26 10:00:00,10,2,0,0,50,100,1.16,50,0.9991,0
Olympic Bus Terminus,-1.3126351,36.7778212,2026-08-26 10:00:00,10,2,0,0,50,100,1.0,34,0.6787,1
Ayany Car Park,-1.3090339,36.7757579,2026-08-26 10:00:00,10,2,0,0,50,200,1.0,40,0.794,1
Westgate Mall Car Park,-1.2566578,36.8035661,2026-08-26 10:00:00,10,2,0,0,50,50,1.0,42,0.8332,1
Student parking,-1.274479,36.805643,2026-08-26 10:00:00,10,2,0,0,50,100,1.0,48,0.9664,0
Kenton Rear Parking,-1.2809847,36.7869545,2026-08-26 10:00:00,10,2,0,0,50,100,1.0,36,0.7191,1
Unnamed Parking,-1.2553877,36.8667692,2026-08-26 10:00:00,10,2,0,0,50,100,1.0,50,1.0,0
Unnamed Parking,-1.259848,36.8644681,2026-08-26 10:00:00,10,2,0,0,50,100,1.19,43,0.8609,1
Travel House Parking,-1.2861727,36.8214386,2026-08-26 10:00:00,10,2,0,0,50,100,1.18,42,0.8423,1
Lenana Parking Lot Area,-1.2900918,36.800209,2026-08-26 10:00:00,10,2,0,0,50,100,1.0,42,0.8342,1
Unnamed Parking,-1.2944773,36.8101427,2026-08-26 10:00:00,10,2,0,0,50,100,1.0,41,0.8151,1
Parking B,-1.2806414,36.8128716,2026-08-26 10:00:00,10,2,0,0,50,100,1.0,47,0.9338,1
MAIN PACKING,-1.2803274,36.8127162,2026-08-26 10:00:00,10,2,0,0,50,100,1.0,38,0.7645,1
YMCA STAFF PARKING,-1.2805756,36.8129968,2026-08-26 10:00:00,10,2,0,0,50,100,1.0,44,0.8776,1
Unnamed Parking,-1.2896057,36.8150615,2026-08-26 11:00:00,11,2,0,0,50,100,1.0,41,0.8193,1
Unnamed Parking,-1.2909796,36.8282672,2026-08-26 11:00:00,11,2,0,0,50,100,1.0,39,0.789,1
Unnamed Parking,-1.2856445,36.8132893,2026-08-26 11:00:00,11,2,0,0,50,100,1.0,50,1.0,0
Unnamed Parking,-1.2597359,36.8182597,2026-08-26 11:00:00,11,2,0,0,50,100,1.0,44,0.8835,1
Unnamed Parking,-1.2641049,36.8117123,2026-08-26 11:00:00,11,2,0,0,50,100,1.0,45,0.8991,1
InterContinental Hotel Car Park,-1.2873717,36.8192911,2026-08-26 11:00:00,11,2,0,0,50,300,1.15,47,0.941,1
Unnamed Parking,-1.25013,36.8202579,2026-08-26 11:00:00,11,2,0,0,50,100,1.16,37,0.7363,1
Olympic Bus Terminus,-1.3126351,36.7778212,2026-08-26 11:00:00,11,2,0,0,50,100,1.0,50,0.9902,0
Ayany Car Park,-1.3090339,36.7757579,2026-08-26 11:00:00,11,2,0,0,50,200,1.0,32,0.6493,1
Westgate Mall Car Park,-1.2566578,36.8035661,2026-08-26 11:00:00,11,2,0,0,50,50,1.0,39,0.7885,1
Student parking,-1.274479,36.805643,2026-08-26 11:00:00,11,2,0,0,50,100,1.0,41,0.8133,1
Kenton Rear Parking,-1.2809847,36.7869545,2026-08-26 11:00:00,11,2,0,0,50,100,1.0,45,0.8965,1
Unnamed Parking,-1.2553877,36.8667692,2026-08-26 11:00:00,11,2,0,0,50,100,1.0,43,0.8675,1
Unnamed Parking,-1.259848,36.8644681,2026-08-26 11:00:00,11,2,0,0,50,100,1.19,42,0.8367,1
Travel House Parking,-1.2861727,36.8214386,2026-08-26 11:00:00,11,2,0,0,50,100,1.18,42,0.849,1
Lenana Parking Lot Area,-1.2900918,36.800209,2026-08-26 11:00:00,11,2,0,0,50,100,1.0,39,0.7718,1
Unnamed Parking,-1.2944773,36.8101427,2026-08-26 11:00:00,11,2,0,0,50,100,1.0,37,0.7302,1
Parking B,-1.2806414,36.8128716,2026-08-26 11:00:00,11,2,0,0,50,100,1.0,45,0.9081,1
MAIN PACKING,-1.2803274,36.8127162,2026-08-26 11:00:00,11,2,0,0,50,100,1.0,45,0.9055,1
YMCA STAFF PARKING,-1.2805756,36.8129968,2026-08-26 11:00:00,11,2,0,0,50,100,1.0,49,0.9768,0
Unnamed Parking,-1.2896057,36.8150615,2026-08-26 12:00:00,12,2,0,0,50,100,1.0,32,0.6368,1
Unnamed Parking,-1.2909796,36.8282672,2026-08-26 12:00:00,12,2,0,0,50,100,1.0,38,0.7554,1
Unnamed Parking,-1.2856445,36.8132893,2026-08-26 12:00:00,12,2,0,0,50,100,1.0,34,0.6773,1
Unnamed Parking,-1.2597359,36.8182597,2026-08-26 12:00:00,12,2,0,0,50,100,1.0,40,0.7952,1
Unnamed Parking,-1.2641049,36.8117123,2026-08-26 12:00:00,12,2,0,0,50,100,1.0,39,0.7818,1
InterContinental Hotel Car Park,-1.2873717,36.8192911,2026-08-26 12:00:00,12,2,0,0,50,300,1.15,36,0.7169,1
Unnamed Parking,-1.25013,36.8202579,2026-08-26 12:00:00,12,2,0,0,50,100,1.16,34,0.6728,1
Olympic Bus Terminus,-1.3126351,36.7778212,2026-08-26 12:00:00,12,2,0,0,50,100,1.0,39,0.7769,1
Ayany Car Park,-1.3090339,36.7757579,2026-08-26 12:00:00,12,2,0,0,50,200,1.0,38,0.7518,1
Westgate Mall Car Park,-1.2566578,36.8035661,2026-08-26 12:00:00,12,2,0,0,50,50,1.0,32,0.6452,1
Student parking,-1.274479,36.805643,2026-08-26 12:00:00,12,2,0,0,50,100,1.0,30,0.5938,1
Kenton Rear Parking,-1.2809847,36.7869545,2026-08-26 12:00:00,12,2,0,0,50,100,1.0,34,0.6769,1
Unnamed Parking,-1.2553877,36.8667692,2026-08-26 12:00:00,12,2,0,0,50,100,1.0,41,0.8212,1
Unnamed Parking,-1.259848,36.8644681,2026-08-26 12:00:00,12,2,0,0,50,100,1.19,40,0.7917,1
Travel House Parking,-1.2861727,36.8214386,2026-08-26 12:00:00,12,2,0,0,50,100,1.18,31,0.611,1
Lenana Parking Lot Area,-1.2900918,36.800209,2026-08-26 12:00:00,12,2,0,0,50,100,1.0,30,0.6066,1
Unnamed Parking,-1.2944773,36.8101427,2026-08-26 12:00:00,12,2,0,0,50,100,1.0,40,0.802,1
Parking B,-1.2806414,36.8128716,2026-08-26 12:00:00,12,2,0,0,50,100,1.0,30,0.6091,1
MAIN PACKING,-1.2803274,36.8127162,2026-08-26 12:00:00,12,2,0,0,50,100,1.0,37,0.7407,1
YMCA STAFF PARKING,-1.2805756,36.8129968,2026-08-26 12:00:00,12,2,0,0,50,100,1.0,33,0.6507,1
Unnamed Parking,-1.2896057,36.8150615,2026-08-26 13:00:00,13,2,0,0,50,100,1.0,49,0.9794,0
Unnamed Parking,-1.2909796,36.8282672,2026-08-26 13:00:00,13,2,0,0,50,100,1.0,39,0.7884,1
Unnamed Parking,-1.2856445,36.8132893,2026-08-26 13:00:00,13,2,0,0,50,100,1.0,47,0.9415,1
Unnamed Parking,-1.2597359,36.8182597,2026-08-26 13:00:00,13,2,0,0,50,100,1.0,43,0.8648,1
Unnamed Parking,-1.2641049,36.8117123,2026-08-26 13:00:00,13,2,0,0,50,100,1.0,44,0.8702,1
InterContinental Hotel Car Park,-1.2873717,36.8192911,2026-08-26 13:00:00,13,2,0,0,50,300,1.15,35,0.6924,1
Unnamed Parking,-1.25013,36.8202579,2026-08-26 13:00:00,13,2,0,0,50,100,1.16,34,0.6738,1
Olympic Bus Terminus,-1.3126351,36.7778212,2026-08-26 13:00:00,13,2,0,0,50,100,1.0,42,0.8324,1
Ayany Car Park,-1.3090339,36.7757579,2026-08-26 13:00:00,13,2,0,0,50,200,1.0,43,0.8698,1
Westgate Mall Car Park,-1.2566578,36.8035661,2026-08-26 13:00:00,13,2,0,0,50,50,1.0,38,0.76,1
Student parking,-1.274479,36.805643,2026-08-26 13:00:00,13,2,0,0,50,100,1.0,38,0.7629,1
Kenton Rear Parking,-1.2809847,36.7869545,2026-08-26 13:00:00,13,2,0,0,50,100,1.0,45,0.8949,1
Unnamed Parking,-1.2553877,36.8667692,2026-08-26 13:00:00,13,2,0,0,50,100,1.0,45,0.895,1
Unnamed Parking,-1.259848,36.8644681,2026-08-26 13:00:00,13,2,0,0,50,100,1.19,42,0.839,1
Travel House Parking,-1.2861727,36.8214386,2026-08-26 13:00:00,13,2,0,0,50,100,1.18,46,0.9124,1
Lenana Parking Lot Area,-1.2900918,36.800209,2026-08-26 13:00:00,13,2,0,0,50,100,1.0,38,0.7561,1
Unnamed Parking,-1.2944773,36.8101427,2026-08-26 13:00:00,13,2,0,0,50,100,1.0,41,0.8215,1
Parking B,-1.2806414,36.8128716,2026-08-26 13:00:00,13,2,0,0,50,100,1.0,49,0.9818,0
MAIN PACKING,-1.2803274,36.8127162,2026-08-26 13:00:00,13,2,0,0,50,100,1.0,43,0.8555,1
YMCA STAFF PARKING,-1.2805756,36.8129968,2026-08-26 13:00:00,13,2,0,0,50,100,1.0,43,0.8601,1
Unnamed Parking,-1.2896057,36.8150615,2026-08-26 14:00:00,14,2,0,0,50,100,1.0,50,1.0,0
Unnamed Parking,-1.2909796,36.8282672,2026-08-26 14:00:00,14,2,0,0,50,100,1.0,37,0.7381,1
Unnamed Parking,-1.2856445,36.8132893,2026-08-26 14:00:00,14,2,0,0,50,100,1.0,46,0.9137,1
Unnamed Parking,-1.2597359,36.8182597,2026-08-26 14:00:00,14,2,0,0,50,100,1.0,49,0.9831,0
Unnamed Parking,-1.2641049,36.8117123,2026-08-26 14:00:00,14,2,0,0,50,100,1.0,41,0.824,1
InterContinental Hotel Car Park,-1.2873717,36.8192911,2026-08-26 14:00:00,14,2,0,0,50,300,1.15,46,0.9188,1
Unnamed Parking,-1.25013,36.8202579,2026-08-26 14:00:00,14,2,0,0,50,100,1.16,39,0.7714,1
Olympic Bus Terminus,-1.3126351,36.7778212,2026-08-26 14:00:00,14,2,0,0,50,100,1.0,40,0.7951,1
Ayany Car Park,-1.3090339,36.7757579,2026-08-26 14:00:00,14,2,0,0,50,200,1.0,44,0.8808,1
Westgate Mall Car Park,-1.2566578,36.8035661,2026-08-26 14:00:00,14,2,0,0,50,50,1.0,46,0.9139,1
Student parking,-1.274479,36.805643,2026-08-26 14:00:00,14,2,0,0,50,100,1.0,47,0.9397,1
Kenton Rear Parking,-1.2809847,36.7869545,2026-08-26 14:00:00,14,2,0,0,50,100,1.0,49,0.9756,0
Unnamed Parking,-1.2553877,36.8667692,2026-08-26 14:00:00,14,2,0,0,50,100,1.0,42,0.8446,1
Unnamed Parking,-1.259848,36.8644681,2026-08-26 14:00:00,14,2,0,0,50,100,1.19,47,0.9455,1
Travel House Parking,-1.2861727,36.8214386,2026-08-26 14:00:00,14,2,0,0,50,100,1.18,41,0.8226,1
Lenana Parking Lot Area,-1.2900918,36.800209,2026-08-26 14:00:00,14,2,0,0,50,100,1.0,46,0.9222,1
Unnamed Parking,-1.2944773,36.8101427,2026-08-26 14:00:00,14,2,0,0,50,100,1.0,43,0.8666,1
Parking B,-1.2806414,36.8128716,2026-08-26 14:00:00,14,2,0,0,50,100,1.0,44,0.8857,1
MAIN PACKING,-1.2803274,36.8127162,2026-08-26 14:00:00,14,2,0,0,50,100,1.0,44,0.8839,1
YMCA STAFF PARKING,-1.2805756,36.8129968,2026-08-26 14:00:00,14,2,0,0,50,100,1.0,36,0.7216,1
Unnamed Parking,-1.2896057,36.8150615,2026-08-26 15:00:00,15,2,0,0,50,100,1.0,38,0.7601,1
Unnamed Parking,-1.2909796,36.8282672,2026-08-26 15:00:00,15,2,0,0,50,100,1.0,43,0.8582,1
Unnamed Parking,-1.2856445,36.8132893,2026-08-26 15:00:00,15,2,0,0,50,100,1.0,36,0.715,1
Unnamed Parking,-1.2597359,36.8182597,2026-08-26 15:00:00,15,2,0,0,50,100,1.0,46,0.9165,1
Unnamed Parking,-1.2641049,36.8117123,2026-08-26 15:00:00,15,2,0,0,50,100,1.0,46,0.9197,1
InterContinental Hotel Car Park,-1.2873717,36.8192911,2026-08-26 15:00:00,15,2,0,0,50,300,1.15,44,0.8762,1
Unnamed Parking,-1.25013,36.8202579,2026-08-26 15:00:00,15,2,0,0,50,100,1.16,38,0.7603,1
Olympic Bus Terminus,-1.3126351,36.7778212,2026-08-26 15:00:00,15,2,0,0,50,100,1.0,48,0.9604,0
Ayany Car Park,-1.3090339,36.7757579,2026-08-26 15:00:00,15,2,0,0,50,200,1.0,50,1.0,0
Westgate Mall Car Park,-1.2566578,36.8035661,2026-08-26 15:00:00,15,2,0,0,50,50,1.0,43,0.8618,1
Student parking,-1.274479,36.805643,2026-08-26 15:00:00,15,2,0,0,50,100,1.0,45,0.8908,1
Kenton Rear Parking,-1.2809847,36.7869545,2026-08-26 15:00:00,15,2,0,0,50,100,1.0,43,0.8661,1
Unnamed Parking,-1.2553877,36.8667692,2026-08-26 15:00:00,15,2,0,0,50,100,1.0,45,0.8924,1
Unnamed Parking,-1.259848,36.8644681,2026-08-26 15:00:00,15,2,0,0,50,100,1.19,42,0.8404,1
Travel House Parking,-1.2861727,36.8214386,2026-08-26 15:00:00,15,2,0,0,50,100,1.18,42,0.8472,1
Lenana Parking Lot Area,-1.2900918,36.800209,2026-08-26 15:00:00,15,2,0,0,50,100,1.0,46,0.9225,1
Unnamed Parking,-1.2944773,36.8101427,2026-08-26 15:00:00,15,2,0,0,50,100,1.0,50,1.0,0
Parking B,-1.2806414,36.8128716,2026-08-26 15:00:00,15,2,0,0,50,100,1.0,37,0.738,1
MAIN PACKING,-1.2803274,36.8127162,2026-08-26 15:00:00,15,2,0,0,50,100,1.0,42,0.8417,1
YMCA STAFF PARKING,-1.2805756,36.8129968,2026-08-26 15:00:00,15,2,0,0,50,100,1.0,38,0.7556,1
Unnamed Parking,-1.2896057,36.8150615,2026-08-26 16:00:00,16,2,0,0,50,100,1.0,49,0.9774,0
Unnamed Parking,-1.2909796,36.8282672,2026-08-26 16:00:00,16,2,0,0,50,100,1.0,40,0.803,1
Unnamed Parking,-1.2856445,36.8132893,2026-08-26 16:00:00,16,2,0,0,50,100,1.0,37,0.7345,1
Unnamed Parking,-1.2597359,36.8182597,2026-08-26 16:00:00,16,2,0,0,50,100,1.0,45,0.9011,1
Unnamed Parking,-1.2641049,36.8117123,2026-08-26 16:00:00,16,2,0,0,50,100,1.0,49,0.9895,0
InterContinental Hotel Car Park,-1.2873717,36.8192911,2026-08-26 16:00:00,16,2,0,0,50,300,1.15,45,0.9031,1
Unnamed Parking,-1.25013,36.8202579,2026-08-26 16:00:00,16,2,0,0,50,100,1.16,43,0.8664,1
Olympic Bus Terminus,-1.3126351,36.7778212,2026-08-26 16:00:00,16,2,0,0,50,100,1.0,44,0.8827,1
Ayany Car Park,-1.3090339,36.7757579,2026-08-26 16:00:00,16,2,0,0,50,200,1.0,48,0.9632,0
Westgate Mall Car Park,-1.2566578,36.8035661,2026-08-26 16:00:00,16,2,0,0,50,50,1.0,39,0.7801,1
Student parking,-1.274479,36.805643,2026-08-26 16:00:00,16,2,0,0,50,100,1.0,42,0.8411,1
Kenton Rear Parking,-1.2809847,36.7869545,2026-08-26 16:00:00,16,2,0,0,50,100,1.0,41,0.8138,1
Unnamed Parking,-1.2553877,36.8667692,2026-08-26 16:00:00,16,2,0,0,50,100,1.0,38,0.7566,1
Unnamed Parking,-1.259848,36.8644681,2026-08-26 16:00:00,16,2,0,0,50,100,1.19,41,0.8237,1
Travel House Parking,-1.2861727,36.8214386,2026-08-26 16:00:00,16,2,0,0,50,100,1.18,47,0.9386,1
Lenana Parking Lot Area,-1.2900918,36.800209,2026-08-26 16:00:00,16,2,0,0,50,100,1.0,45,0.8953,1
Unnamed Parking,-1.2944773,36.8101427,2026-08-26 16:00:00,16,2,0,0,50,100,1.0,45,0.9015,1
Parking B,-1.2806414,36.8128716,2026-08-26 16:00:00,16,2,0,0,50,100,1.0,43,0.8617,1
MAIN PACKING,-1.2803274,36.8127162,2026-08-26 16:00:00,16,2,0,0,50,100,1.0,45,0.8919,1
YMCA STAFF PARKING,-1.2805756,36.8129968,2026-08-26 16:00:00,16,2,0,0,50,100,1.0,39,0.786,1
Unnamed Parking,-1.2896057,36.8150615,2026-08-26 17:00:00,17,2,0,0,50,100,1.0,34,0.6752,1
Unnamed Parking,-1.2909796,36.8282672,2026-08-26 17:00:00,17,2,0,0,50,100,1.0,36,0.7154,1
Unnamed Parking,-1.2856445,36.8132893,2026-08-26 17:00:00,17,2,0,0,50,100,1.0,36,0.7222,1
Unnamed Parking,-1.2597359,36.8182597,2026-08-26 17:00:00,17,2,0,0,50,100,1.0,36,0.7256,1
Unnamed Parking,-1.2641049,36.8117123,2026-08-26 17:00:00,17,2,0,0,50,100,1.0,34,0.6889,1
InterContinental Hotel Car Park,-1.2873717,36.8192911,2026-08-26 17:00:00,17,2,0,0,50,300,1.15,33,0.6698,1
Unnamed Parking,-1.25013,36.8202579,2026-08-26 17:00:00,17,2,0,0,50,100,1.16,48,0.9526,0
Olympic Bus Terminus,-1.3126351,36.7778212,2026-08-26 17:00:00,17,2,0,0,50,100,1.0,39,0.7725,1
Ayany Car Park,-1.3090339,36.7757579,2026-08-26 17:00:00,17,2,0,0,50,200,1.0,37,0.7331,1
Westgate Mall Car Park,-1.2566578,36.8035661,2026-08-26 17:00:00,17,2,0,0,50,50,1.0,34,0.6813,1
Student parking,-1.274479,36.805643,2026-08-26 17:00:00,17,2,0,0,50,100,1.0,33,0.6639,1
Kenton Rear Parking,-1.2809847,36.7869545,2026-08-26 17:00:00,17,2,0,0,50,100,1.0,34,0.6895,1
Unnamed Parking,-1.2553877,36.8667692,2026-08-26 17:00:00,17,2,0,0,50,100,1.0,36,0.7234,1
Unnamed Parking,-1.259848,36.8644681,2026-08-26 17:00:00,17,2,0,0,50,100,1.19,27,0.5496,1
Travel House Parking,-1.2861727,36.8214386,2026-08-26 17:00:00,17,2,0,0,50,100,1.18,29,0.5744,1
Lenana Parking Lot Area,-1.2900918,36.800209,2026-08-26 17:00:00,17,2,0,0,50,100,1.0,32,0.649,1
Unnamed Parking,-1.2944773,36.8101427,2026-08-26 17:00:00,17,2,0,0,50,100,1.0,36,0.7166,1
Parking B,-1.2806414,36.8128716,2026-08-26 17:00:00,17,2,0,0,50,100,1.0,34,0.6809,1
MAIN PACKING,-1.2803274,36.8127162,2026-08-26 17:00:00,17,2,0,0,50,100,1.0,41,0.8182,1
YMCA STAFF PARKING,-1.2805756,36.8129968,2026-08-26 17:00:00,17,2,0,0,50,100,1.0,29,0.5814,1
Unnamed Parking,-1.2896057,36.8150615,2026-08-26 18:00:00,18,2,0,0,50,100,1.0,32,0.6399,1
Unnamed Parking,-1.2909796,36.8282672,2026-08-26 18:00:00,18,2,0,0,50,100,1.0,41,0.8216,1
Unnamed Parking,-1.2856445,36.8132893,2026-08-26 18:00:00,18,2,0,0,50,100,1.0,36,0.7105,1
Unnamed Parking,-1.2597359,36.8182597,2026-08-26 18:00:00,18,2,0,0,50,100,1.0,39,0.7708,1
Unnamed Parking,-1.2641049,36.8117123,2026-08-26 18:00:00,18,2,0,0,50,100,1.0,43,0.8641,1
InterContinental Hotel Car Park,-1.2873717,36.8192911,2026-08-26 18:00:00,18,2,0,0,50,300,1.15,32,0.6445,1
Unnamed Parking,-1.25013,36.8202579,2026-08-26 18:00:00,18,2,0,0,50,100,1.16,35,0.6921,1
Olympic Bus Terminus,-1.3126351,36.7778212,2026-08-26 18:00:00,18,2,0,0,50,100,1.0,34,0.6782,1
Ayany Car Park,-1.3090339,36.7757579,2026-08-26 18:00:00,18,2,0,0,50,200,1.0,27,0.5436,1
Westgate Mall Car Park,-1.2566578,36.8035661,2026-08-26 18:00:00,18,2,0,0,50,50,1.0,34,0.6752,1
Student parking,-1.274479,36.805643,2026-08-26 18:00:00,18,2,0,0,50,100,1.0,39,0.7705,1
Kenton Rear Parking,-1.2809847,36.7869545,2026-08-26 18:00:00,18,2,0,0,50,100,1.0,37,0.7432,1
Unnamed Parking,-1.2553877,36.8667692,2026-08-26 18:00:00,18,2,0,0,50,100,1.0,37,0.7495,1
Unnamed Parking,-1.259848,36.8644681,2026-08-26 18:00:00,18,2,0,0,50,100,1.19,33,0.67,1
Travel House Parking,-1.2861727,36.8214386,2026-08-26 18:00:00,18,2,0,0,50,100,1.18,32,0.6475,1
Lenana Parking Lot Area,-1.2900918,36.800209,2026-08-26 18:00:00,18,2,0,0,50,100,1.0,40,0.8015,1
Unnamed Parking,-1.2944773,36.8101427,2026-08-26 18:00:00,18,2,0,0,50,100,1.0,33,0.6602,1
Parking B,-1.2806414,36.8128716,2026-08-26 18:00:00,18,2,0,0,50,100,1.0,36,0.7235,1
MAIN PACKING,-1.2803274,36.8127162,2026-08-26 18:00:00,18,2,0,0,50,100,1.0,36,0.7131,1
YMCA STAFF PARKING,-1.2805756,36.8129968,2026-08-26 18:00:00,18,2,0,0,50,100,1.0,41,0.8169,1
Unnamed Parking,-1.2896057,36.8150615,2026-08-26 19:00:00,19,2,0,0,50,100,1.0,24,0.4777,1
Unnamed Parking,-1.2909796,36.8282672,2026-08-26 19:00:00,19,2,0,0,50,100,1.0,15,0.2964,1
Unnamed Parking,-1.2856445,36.8132893,2026-08-26 19:00:00,19,2,0,0,50,100,1.0,15,0.305,1
Unnamed Parking,-1.2597359,36.8182597,2026-08-26 19:00:00,19,2,0,0,50,100,1.0,22,0.4463,1
Unnamed Parking,-1.2641049,36.8117123,2026-08-26 19:00:00,19,2,0,0,50,100,1.0,20,0.3949,1
InterContinental Hotel Car Park,-1.2873717,36.8192911,2026-08-26 19:00:00,19,2,0,0,50,300,1.15,18,0.3636,1
Unnamed Parking,-1.25013,36.8202579,2026-08-26 19:00:00,19,2,0,0,50,100,1.16,24,0.4813,1
Olympic Bus Terminus,-1.3126351,36.7778212,2026-08-26 19:00:00,19,2,0,0,50,100,1.0,21,0.415,1
Ayany Car Park,-1.3090339,36.7757579,2026-08-26 19:00:00,19,2,0,0,50,200,1.0,20,0.4042,1
Westgate Mall Car Park,-1.2566578,36.8035661,2026-08-26 19:00:00,19,2,0,0,50,50,1.0,23,0.4624,1
Student parking,-1.274479,36.805643,2026-08-26 19:00:00,19,2,0,0,50,100,1.0,18,0.37,1
Kenton Rear Parking,-1.2809847,36.7869545,2026-08-26 19:00:00,19,2,0,0,50,100,1.0,26,0.5255,1
Unnamed Parking,-1.2553877,36.8667692,2026-08-26 19:00:00,19,2,0,0,50,100,1.0,17,0.337,1
Unnamed Parking,-1.259848,36.8644681,2026-08-26 19:00:00,19,2,0,0,50,100,1.19,23,0.4526,1
Travel House Parking,-1.2861727,36.8214386,2026-08-26 19:00:00,19,2,0,0,50,100,1.18,26,0.5147,1
Lenana Parking Lot Area,-1.2900918,36.800209,2026-08-26 19:00:00,19,2,0,0,50,100,1.0,14,0.2898,1
Unnamed Parking,-1.2944773,36.8101427,2026-08-26 19:00:00,19,2,0,0,50,100,1.0,19,0.3725,1
Parking B,-1.2806414,36.8128716,2026-08-26 19:00:00,19,2,0,0,50,100,1.0,25,0.4914,1
MAIN PACKING,-1.2803274,36.8127162,2026-08-26 19:00:00,19,2,0,0,50,100,1.0,25,0.4926,1
YMCA STAFF PARKING,-1.2805756,36.8129968,2026-08-26 19:00:00,19,2,0,0,50,100,1.0,19,0.3863,1
Unnamed Parking,-1.2896057,36.8150615,2026-08-26 20:00:00,20,2,0,0,50,100,1.0,17,0.3412,1
Unnamed Parking,-1.2909796,36.8282672,2026-08-26 20:00:00,20,2,0,0,50,100,1.0,24,0.4765,1
Unnamed Parking,-1.2856445,36.8132893,2026-08-26 20:00:00,20,2,0,0,50,100,1.0,25,0.4947,1
Unnamed Parking,-1.2597359,36.8182597,2026-08-26 20:00:00,20,2,0,0,50,100,1.0,15,0.3068,1
Unnamed Parking,-1.2641049,36.8117123,2026-08-26 20:00:00,20,2,0,0,50,100,1.0,15,0.3037,1
InterContinental Hotel Car Park,-1.2873717,36.8192911,2026-08-26 20:00:00,20,2,0,0,50,300,1.15,21,0.418,1
Unnamed Parking,-1.25013,36.8202579,2026-08-26 20:00:00,20,2,0,0,50,100,1.16,23,0.4503,1
Olympic Bus Terminus,-1.3126351,36.7778212,2026-08-26 20:00:00,20,2,0,0,50,100,1.0,19,0.3761,1
Ayany Car Park,-1.3090339,36.7757579,2026-08-26 20:00:00,20,2,0,0,50,200,1.0,23,0.4543,1
Westgate Mall Car Park,-1.2566578,36.8035661,2026-08-26 20:00:00,20,2,0,0,50,50,1.0,17,0.3432,1
Student parking,-1.274479,36.805643,2026-08-26 20:00:00,20,2,0,0,50,100,1.0,12,0.2308,1
Kenton Rear Parking,-1.2809847,36.7869545,2026-08-26 20:00:00,20,2,0,0,50,100,1.0,18,0.3661,1
Unnamed Parking,-1.2553877,36.8667692,2026-08-26 20:00:00,20,2,0,0,50,100,1.0,20,0.4051,1
Unnamed Parking,-1.259848,36.8644681,2026-08-26 20:00:00,20,2,0,0,50,100,1.19,19,0.3779,1
Travel House Parking,-1.2861727,36.8214386,2026-08-26 20:00:00,20,2,0,0,50,100,1.18,15,0.3073,1
Lenana Parking Lot Area,-1.2900918,36.800209,2026-08-26 20:00:00,20,2,0,0,50,100,1.0,13,0.2547,1
Unnamed Parking,-1.2944773,36.8101427,2026-08-26 20:00:00,20,2,0,0,50,100,1.0,18,0.3589,1
Parking B,-1.2806414,36.8128716,2026-08-26 20:00:00,20,2,0,0,50,100,1.0,24,0.4718,1
MAIN PACKING,-1.2803274,36.8127162,2026-08-26 20:00:00,20,2,0,0,50,100,1.0,25,0.5005,1
YMCA STAFF PARKING,-1.2805756,36.8129968,2026-08-26 20:00:00,20,2,0,0,50,100,1.0,25,0.495,1
Unnamed Parking,-1.2896057,36.8150615,2026-08-26 21:00:00,21,2,0,0,50,100,1.0,17,0.3347,1
Unnamed Parking,-1.2909796,36.8282672,2026-08-26 21:00:00,21,2,0,0,50,100,1.0,15,0.3077,1
Unnamed Parking,-1.2856445,36.8132893,2026-08-26 21:00:00,21,2,0,0,50,100,1.0,22,0.4397,1
Unnamed Parking,-1.2597359,36.8182597,2026-08-26 21:00:00,21,2,0,0,50,100,1.0,23,0.4508,1
Unnamed Parking,-1.2641049,36.8117123,2026-08-26 21:00:00,21,2,0,0,50,100,1.0,22,0.432,1
InterContinental Hotel Car Park,-1.2873717,36.8192911,2026-08-26 21:00:00,21,2,0,0,50,300,1.15,12,0.2389,1
Unnamed Parking,-1.25013,36.8202579,2026-08-26 21:00:00,21,2,0,0,50,100,1.16,17,0.3306,1
Olympic Bus Terminus,-1.3126351,36.7778212,2026-08-26 21:00:00,21,2,0,0,50,100,1.0,20,0.3976,1
Ayany Car Park,-1.3090339,36.7757579,2026-08-26 21:00:00,21,2,0,0,50,200,1.0,22,0.439,1
Westgate Mall Car Park,-1.2566578,36.8035661,2026-08-26 21:00:00,21,2,0,0,50,50,1.0,23,0.4614,1
Student parking,-1.274479,36.805643,2026-08-26 21:00:00,21,2,0,0,50,100,1.0,21,0.4115,1
Kenton Rear Parking,-1.2809847,36.7869545,2026-08-26 21:00:00,21,2,0,0,50,100,1.0,21,0.4265,1
Unnamed Parking,-1.2553877,36.8667692,2026-08-26 21:00:00,21,2,0,0,50,100,1.0,20,0.4068,1
Unnamed Parking,-1.259848,36.8644681,2026-08-26 21:00:00,21,2,0,0,50,100,1.19,23,0.4548,1
Travel House Parking,-1.2861727,36.8214386,2026-08-26 21:00:00,21,2,0,0,50,100,1.18,21,0.425,1
Lenana Parking Lot Area,-1.2900918,36.800209,2026-08-26 21:00:00,21,2,0,0,50,100,1.0,20,0.4053,1
Unnamed Parking,-1.2944773,36.8101427,2026-08-26 21:00:00,21,2,0,0,50,100,1.0,19,0.3785,1
Parking B,-1.2806414,36.8128716,2026-08-26 21:00:00,21,2,0,0,50,100,1.0,20,0.4065,1
MAIN PACKING,-1.2803274,36.8127162,2026-08-26 21:00:00,21,2,0,0,50,100,1.0,22,0.4388,1
YMCA STAFF PARKING,-1.2805756,36.8129968,2026-08-26 21:00:00,21,2,0,0,50,100,1.0,21,0.4214,1
Unnamed Parking,-1.2896057,36.8150615,2026-08-26 22:00:00,22,2,0,0,50,100,1.0,22,0.4305,1
Unnamed Parking,-1.2909796,36.8282672,2026-08-26 22:00:00,22,2,0,0,50,100,1.0,25,0.5074,1
Unnamed Parking,-1.2856445,36.8132893,2026-08-26 22:00:00,22,2,0,0,50,100,1.0,21,0.4212,1
Unnamed Parking,-1.2597359,36.8182597,2026-08-26 22:00:00,22,2,0,0,50,100,1.0,17,0.3481,1
Unnamed Parking,-1.2641049,36.8117123,2026-08-26 22:00:00,22,2,0,0,50,100,1.0,24,0.4707,1
InterContinental Hotel Car Park,-1.2873717,36.8192911,2026-08-26 22:00:00,22,2,0,0,50,300,1.15,15,0.2907,1
Unnamed Parking,-1.25013,36.8202579,2026-08-26 22:00:00,22,2,0,0,50,100,1.16,16,0.3135,1
Olympic Bus Terminus,-1.3126351,36.7778212,2026-08-26 22:00:00,22,2,0,0,50,100,1.0,21,0.4269,1
Ayany Car Park,-1.3090339,36.7757579,2026-08-26 22:00:00,22,2,0,0,50,200,1.0,22,0.4413,1
Westgate Mall Car Park,-1.2566578,36.8035661,2026-08-26 22:00:00,22,2,0,0,50,50,1.0,15,0.3004,1
Student parking,-1.274479,36.805643,2026-08-26 22:00:00,22,2,0,0,50,100,1.0,18,0.3694,1
Kenton Rear Parking,-1.2809847,36.7869545,2026-08-26 22:00:00,22,2,0,0,50,100,1.0,18,0.3515,1
Unnamed Parking,-1.2553877,36.8667692,2026-08-26 22:00:00,22,2,0,0,50,100,1.0,18,0.3611,1
Unnamed Parking,-1.259848,36.8644681,2026-08-26 22:00:00,22,2,0,0,50,100,1.19,24,0.4755,1
Travel House Parking,-1.2861727,36.8214386,2026-08-26 22:00:00,22,2,0,0,50,100,1.18,23,0.4565,1
Lenana Parking Lot Area,-1.2900918,36.800209,2026-08-26 22:00:00,22,2,0,0,50,100,1.0,20,0.3985,1
Unnamed Parking,-1.2944773,36.8101427,2026-08-26 22:00:00,22,2,0,0,50,100,1.0,18,0.3563,1
Parking B,-1.2806414,36.8128716,2026-08-26 22:00:00,22,2,0,0,50,100,1.0,15,0.292,1
MAIN PACKING,-1.2803274,36.8127162,2026-08-26 22:00:00,22,2,0,0,50,100,1.0,26,0.5136,1
YMCA STAFF PARKING,-1.2805756,36.8129968,2026-08-26 22:00:00,22,2,0,0,50,100,1.0,22,0.4474,1
Unnamed Parking,-1.2896057,36.8150615,2026-08-27 06:00:00,6,3,0,0,50,100,1.0,17,0.3435,1
Unnamed Parking,-1.2909796,36.8282672,2026-08-27 06:00:00,6,3,0,0,50,100,1.0,23,0.4576,1
Unnamed Parking,-1.2856445,36.8132893,2026-08-27 06:00:00,6,3,0,0,50,100,1.0,20,0.3944,1
Unnamed Parking,-1.2597359,36.8182597,2026-08-27 06:00:00,6,3,0,0,50,100,1.0,19,0.377,1
Unnamed Parking,-1.2641049,36.8117123,2026-08-27 06:00:00,6,3,0,0,50,100,1.0,22,0.4348,1
InterContinental Hotel Car Park,-1.2873717,36.8192911,2026-08-27 06:00:00,6,3,0,0,50,300,1.15,17,0.3407,1
Unnamed Parking,-1.25013,36.8202579,2026-08-27 06:00:00,6,3,0,0,50,100,1.16,19,0.3725,1
Olympic Bus Terminus,-1.3126351,36.7778212,2026-08-27 06:00:00,6,3,0,0,50,100,1.0,20,0.4097,1
Ayany Car Park,-1.3090339,36.7757579,2026-08-27 06:00:00,6,3,0,0,50,200,1.0,18,0.36,1
Westgate Mall Car Park,-1.2566578,36.8035661,2026-08-27 06:00:00,6,3,0,0,50,50,1.0,23,0.4535,1
Student parking,-1.274479,36.805643,2026-08-27 06:00:00,6,3,0,0,50,100,1.0,27,0.5495,1
Kenton Rear Parking,-1.2809847,36.7869545,2026-08-27 06:00:00,6,3,0,0,50,100,1.0,17,0.3397,1
Unnamed Parking,-1.2553877,36.8667692,2026-08-27 06:00:00,6,3,0,0,50,100,1.0,13,0.2668,1
Unnamed Parking,-1.259848,36.8644681,2026-08-27 06:00:00,6,3,0,0,50,100,1.19,12,0.2399,1
Travel House Parking,-1.2861727,36.8214386,2026-08-27 06:00:00,6,3,0,0,50,100,1.18,19,0.388,1
Lenana Parking Lot Area,-1.2900918,36.800209,2026-08-27 06:00:00,6,3,0,0,50,100,1.0,17,0.3469,1
Unnamed Parking,-1.2944773,36.8101427,2026-08-27 06:00:00,6,3,0,0,50,100,1.0,21,0.4166,1
Parking B,-1.2806414,36.8128716,2026-08-27 06:00:00,6,3,0,0,50,100,1.0,21,0.4106,1
MAIN PACKING,-1.2803274,36.8127162,2026-08-27 06:00:00,6,3,0,0,50,100,1.0,14,0.2717,1
YMCA STAFF PARKING,-1.2805756,36.8129968,2026-08-27 06:00:00,6,3,0,0,50,100,1.0,13,0.2548,1
Unnamed Parking,-1.2896057,36.8150615,2026-08-27 07:00:00,7,3,0,0,50,100,1.0,21,0.4237,1
Unnamed Parking,-1.2909796,36.8282672,2026-08-27 07:00:00,7,3,0,0,50,100,1.0,21,0.4108,1
Unnamed Parking,-1.2856445,36.8132893,2026-08-27 07:00:00,7,3,0,0,50,100,1.0,18,0.3659,1
Unnamed Parking,-1.2597359,36.8182597,2026-08-27 07:00:00,7,3,0,0,50,100,1.0,13,0.2674,1
Unnamed Parking,-1.2641049,36.8117123,2026-08-27 07:00:00,7,3,0,0,50,100,1.0,22,0.4377,1
InterContinental Hotel Car Park,-1.2873717,36.8192911,2026-08-27 07:00:00,7,3,0,0,50,300,1.15,25,0.5018,1
Unnamed Parking,-1.25013,36.8202579,2026-08-27 07:00:00,7,3,0,0,50,100,1.16,21,0.4222,1
Olympic Bus Terminus,-1.3126351,36.7778212,2026-08-27 07:00:00,7,3,0,0,50,100,1.0,17,0.3322,1
Ayany Car Park,-1.3090339,36.7757579,2026-08-27 07:00:00,7,3,0,0,50,200,1.0,20,0.4036,1
Westgate Mall Car Park,-1.2566578,36.8035661,2026-08-27 07:00:00,7,3,0,0,50,50,1.0,15,0.2907,1
Student parking,-1.274479,36.805643,2026-08-27 07:00:00,7,3,0,0,50,100,1.0,24,0.4846,1
Kenton Rear Parking,-1.2809847,36.7869545,2026-08-27 07:00:00,7,3,0,0,50,100,1.0,20,0.4065,1
Unnamed Parking,-1.2553877,36.8667692,2026-08-27 07:00:00,7,3,0,0,50,100,1.0,13,0.2585,1
Unnamed Parking,-1.259848,36.8644681,2026-08-27 07:00:00,7,3,0,0,50,100,1.19,19,0.3759,1
Travel House Parking,-1.2861727,36.8214386,2026-08-27 07:00:00,7,3,0,0,50,100,1.18,22,0.4371,1
Lenana Parking Lot Area,-1.2900918,36.800209,2026-08-27 07:00:00,7,3,0,0,50,100,1.0,19,0.3734,1
Unnamed Parking,-1.2944773,36.8101427,2026-08-27 07:00:00,7,3,0,0,50,100,1.0,19,0.3779,1
Parking B,-1.2806414,36.8128716,2026-08-27 07:00:00,7,3,0,0,50,100,1.0,15,0.302,1
MAIN PACKING,-1.2803274,36.8127162,2026-08-27 07:00:00,7,3,0,0,50,100,1.0,22,0.4453,1
YMCA STAFF PARKING,-1.2805756,36.8129968,2026-08-27 07:00:00,7,3,0,0,50,100,1.0,17,0.3481,1
Unnamed Parking,-1.2896057,36.8150615,2026-08-27 08:00:00,8,3,0,0,50,100,1.0,34,0.6775,1
Unnamed Parking,-1.2909796,36.8282672,2026-08-27 08:00:00,8,3,0,0,50,100,1.0,41,0.8203,1
Unnamed Parking,-1.2856445,36.8132893,2026-08-27 08:00:00,8,3,0,0,50,100,1.0,46,0.9285,1
Unnamed Parking,-1.2597359,36.8182597,2026-08-27 08:00:00,8,3,0,0,50,100,1.0,41,0.819,1
Unnamed Parking,-1.2641049,36.8117123,2026-08-27 08:00:00,8,3,0,0,50,100,1.0,49,0.989,0
InterContinental Hotel Car Park,-1.2873717,36.8192911,2026-08-27 08:00:00,8,3,0,0,50,300,1.15,44,0.8843,1
Unnamed Parking,-1.25013,36.8202579,2026-08-27 08:00:00,8,3,0,0,50,100,1.16,44,0.8771,1
Olympic Bus Terminus,-1.3126351,36.7778212,2026-08-27 08:00:00,8,3,0,0,50,100,1.0,42,0.8397,1
Ayany Car Park,-1.3090339,36.7757579,2026-08-27 08:00:00,8,3,0,0,50,200,1.0,42,0.8445,1
Westgate Mall Car Park,-1.2566578,36.8035661,2026-08-27 08:00:00,8,3,0,0,50,50,1.0,41,0.8289,1
Student parking,-1.274479,36.805643,2026-08-27 08:00:00,8,3,0,0,50,100,1.0,41,0.8258,1
Kenton Rear Parking,-1.2809847,36.7869545,2026-08-27 08:00:00,8,3,0,0,50,100,1.0,45,0.8925,1
Unnamed Parking,-1.2553877,36.8667692,2026-08-27 08:00:00,8,3,0,0,50,100,1.0,39,0.7751,1
Unnamed Parking,-1.259848,36.8644681,2026-08-27 08:00:00,8,3,0,0,50,100,1.19,38,0.7639,1
Travel House Parking,-1.2861727,36.8214386,2026-08-27 08:00:00,8,3,0,0,50,100,1.18,38,0.7601,1
Lenana Parking Lot Area,-1.2900918,36.800209,2026-08-27 08:00:00,8,3,0,0,50,100,1.0,50,1.0,0
Unnamed Parking,-1.2944773,36.8101427,2026-08-27 08:00:00,8,3,0,0,50,100,1.0,45,0.8924,1
Parking B,-1.2806414,36.8128716,2026-08-27 08:00:00,8,3,0,0,50,100,1.0,44,0.8744,1
MAIN PACKING,-1.2803274,36.8127162,2026-08-27 08:00:00,8,3,0,0,50,100,1.0,38,0.7654,1
YMCA STAFF PARKING,-1.2805756,36.8129968,2026-08-27 08:00:00,8,3,0,0,50,100,1.0,45,0.8999,1
Unnamed Parking,-1.2896057,36.8150615,2026-08-27 09:00:00,9,3,0,0,50,100,1.0,42,0.8407,1
Unnamed Parking,-1.2909796,36.8282672,2026-08-27 09:00:00,9,3,0,0,50,100,1.0,43,0.8671,1
Unnamed Parking,-1.2856445,36.8132893,2026-08-27 09:00:00,9,3,0,0,50,100,1.0,39,0.7719,1
Unnamed Parking,-1.2597359,36.8182597,2026-08-27 09:00:00,9,3,0,0,50,100,1.0,43,0.8628,1
Unnamed Parking,-1.2641049,36.8117123,2026-08-27 09:00:00,9,3,0,0,50,100,1.0,41,0.8161,1
InterContinental Hotel Car Park,-1.2873717,36.8192911,2026-08-27 09:00:00,9,3,0,0,50,300,1.15,39,0.7888,1
Unnamed Parking,-1.25013,36.8202579,2026-08-27 09:00:00,9,3,0,0,50,100,1.16,45,0.9087,1
Olympic Bus Terminus,-1.3126351,36.7778212,2026-08-27 09:00:00,9,3,0,0,50,100,1.0,36,0.727,1
Ayany Car Park,-1.3090339,36.7757579,2026-08-27 09:00:00,9,3,0,0,50,200,1.0,45,0.8952,1
Westgate Mall Car Park,-1.2566578,36.8035661,2026-08-27 09:00:00,9,3,0,0,50,50,1.0,45,0.9048,1
Student parking,-1.274479,36.805643,2026-08-27 09:00:00,9,3,0,0,50,100,1.0,39,0.7796,1
Kenton Rear Parking,-1.2809847,36.7869545,2026-08-27 09:00:00,9,3,0,0,50,100,1.0,39,0.7844,1
Unnamed Parking,-1.2553877,36.8667692,2026-08-27 09:00:00,9,3,0,0,50,100,1.0,42,0.8322,1
Unnamed Parking,-1.259848,36.8644681,2026-08-27 09:00:00,9,3,0,0,50,100,1.19,44,0.8726,1
Travel House Parking,-1.2861727,36.8214386,2026-08-27 09:00:00,9,3,0,0,50,100,1.18,42,0.8378,1
Lenana Parking Lot Area,-1.2900918,36.800209,2026-08-27 09:00:00,9,3,0,0,50,100,1.0,44,0.8847,1
Unnamed Parking,-1.2944773,36.8101427,2026-08-27 09:00:00,9,3,0,0,50,100,1.0,50,0.991,0
Parking B,-1.2806414,36.8128716,2026-08-27 09:00:00,9,3,0,0,50,100,1.0,40,0.8094,1
MAIN PACKING,-1.2803274,36.8127162,2026-08-27 09:00:00,9,3,0,0,50,100,1.0,36,0.7128,1
YMCA STAFF PARKING,-1.2805756,36.8129968,2026-08-27 09:00:00,9,3,0,0,50,100,1.0,46,0.9161,1
Unnamed Parking,-1.2896057,36.8150615,2026-08-27 10:00:00,10,3,0,0,50,100,1.0,49,0.9847,0
Unnamed Parking,-1.2909796,36.8282672,2026-08-27 10:00:00,10,3,0,0,50,100,1.0,44,0.8814,1
Unnamed Parking,-1.2856445,36.8132893,2026-08-27 10:00:00,10,3,0,0,50,100,1.0,38,0.763,1
Unnamed Parking,-1.2597359,36.8182597,2026-08-27 10:00:00,10,3,0,0,50,100,1.0,42,0.8401,1
Unnamed Parking,-1.2641049,36.8117123,2026-08-27 10:00:00,10,3,0,0,50,100,1.0,38,0.7605,1
InterContinental Hotel Car Park,-1.2873717,36.8192911,2026-08-27 10:00:00,10,3,0,0,50,300,1.15,45,0.9014,1
Unnamed Parking,-1.25013,36.8202579,2026-08-27 10:00:00,10,3,0,0,50,100,1.16,37,0.7419,1
Olympic Bus Terminus,-1.3126351,36.7778212,2026-08-27 10:00:00,10,3,0,0,50,100,1.0,41,0.826,1
Ayany Car Park,-1.3090339,36.7757579,2026-08-27 10:00:00,10,3,0,0,50,200,1.0,38,0.7697,1
Westgate Mall Car Park,-1.2566578,36.8035661,2026-08-27 10:00:00,10,3,0,0,50,50,1.0,43,0.8601,1
Student parking,-1.274479,36.805643,2026-08-27 10:00:00,10,3,0,0,50,100,1.0,41,0.8207,1
Kenton Rear Parking,-1.2809847,36.7869545,2026-08-27 10:00:00,10,3,0,0,50,100,1.0,43,0.8641,1
Unnamed Parking,-1.2553877,36.8667692,2026-08-27 10:00:00,10,3,0,0,50,100,1.0,43,0.8518,1
Unnamed Parking,-1.259848,36.8644681,2026-08-27 10:00:00,10,3,0,0,50,100,1.19,39,0.7711,1
Travel House Parking,-1.2861727,36.8214386,2026-08-27 10:00:00,10,3,0,0,50,100,1.18,45,0.9002,1
Lenana Parking Lot Area,-1.2900918,36.800209,2026-08-27 10:00:00,10,3,0,0,50,100,1.0,42,0.8461,1
Unnamed Parking,-1.2944773,36.8101427,2026-08-27 10:00:00,10,3,0,0,50,100,1.0,39,0.7709,1
Parking B,-1.2806414,36.8128716,2026-08-27 10:00:00,10,3,0,0,50,100,1.0,50,1.0,0
MAIN PACKING,-1.2803274,36.8127162,2026-08-27 10:00:00,10,3,0,0,50,100,1.0,44,0.8881,1
YMCA STAFF PARKING,-1.2805756,36.8129968,2026-08-27 10:00:00,10,3,0,0,50,100,1.0,42,0.8377,1
Unnamed Parking,-1.2896057,36.8150615,2026-08-27 11:00:00,11,3,0,0,50,100,1.0,48,0.9632,0
Unnamed Parking,-1.2909796,36.8282672,2026-08-27 11:00:00,11,3,0,0,50,100,1.0,50,0.9973,0
Unnamed Parking,-1.2856445,36.8132893,2026-08-27 11:00:00,11,3,0,0,50,100,1.0,42,0.8384,1
Unnamed Parking,-1.2597359,36.8182597,2026-08-27 11:00:00,11,3,0,0,50,100,1.0,44,0.8778,1
Unnamed Parking,-1.2641049,36.8117123,2026-08-27 11:00:00,11,3,0,0,50,100,1.0,39,0.771,1
InterContinental Hotel Car Park,-1.2873717,36.8192911,2026-08-27 11:00:00,11,3,0,0,50,300,1.15,42,0.8382,1
Unnamed Parking,-1.25013,36.8202579,2026-08-27 11:00:00,11,3,0,0,50,100,1.16,42,0.8341,1
Olympic Bus Terminus,-1.3126351,36.7778212,2026-08-27 11:00:00,11,3,0,0,50,100,1.0,43,0.8648,1
Ayany Car Park,-1.3090339,36.7757579,2026-08-27 11:00:00,11,3,0,0,50,200,1.0,44,0.8766,1
Westgate Mall Car Park,-1.2566578,36.8035661,2026-08-27 11:00:00,11,3,0,0,50,50,1.0,45,0.8948,1
Student parking,-1.274479,36.805643,2026-08-27 11:00:00,11,3,0,0,50,100,1.0,43,0.869,1
Kenton Rear Parking,-1.2809847,36.7869545,2026-08-27 11:00:00,11,3,0,0,50,100,1.0,38,0.7531,1
Unnamed Parking,-1.2553877,36.8667692,2026-08-27 11:00:00,11,3,0,0,50,100,1.0,39,0.7749,1
Unnamed Parking,-1.259848,36.8644681,2026-08-27 11:00:00,11,3,0,0,50,100,1.19,40,0.8063,1
Travel House Parking,-1.2861727,36.8214386,2026-08-27 11:00:00,11,3,0,0,50,100,1.18,41,0.8274,1
Lenana Parking Lot Area,-1.2900918,36.800209,2026-08-27 11:00:00,11,3,0,0,50,100,1.0,47,0.9341,1
Unnamed Parking,-1.2944773,36.8101427,2026-08-27 11:00:00,11,3,0,0,50,100,1.0,38,0.757,1
Parking B,-1.2806414,36.8128716,2026-08-27 11:00:00,11,3,0,0,50,100,1.0,41,0.8214,1
MAIN PACKING,-1.2803274,36.8127162,2026-08-27 11:00:00,11,3,0,0,50,100,1.0,46,0.9262,1
YMCA STAFF PARKING,-1.2805756,36.8129968,2026-08-27 11:00:00,11,3,0,0,50,100,1.0,41,0.826,1
Unnamed Parking,-1.2896057,36.8150615,2026-08-27 12:00:00,12,3,0,0,50,100,1.0,37,0.7368,1
Unnamed Parking,-1.2909796,36.8282672,2026-08-27 12:00:00,12,3,0,0,50,100,1.0,34,0.6888,1
Unnamed Parking,-1.2856445,36.8132893,2026-08-27 12:00:00,12,3,0,0,50,100,1.0,36,0.7205,1
Unnamed Parking,-1.2597359,36.8182597,2026-08-27 12:00:00,12,3,0,0,50,100,1.0,34,0.6817,1
Unnamed Parking,-1.2641049,36.8117123,2026-08-27 12:00:00,12,3,0,0,50,100,1.0,38,0.7534,1
InterContinental Hotel Car Park,-1.2873717,36.8192911,2026-08-27 12:00:00,12,3,0,0,50,300,1.15,29,0.5764,1
Unnamed Parking,-1.25013,36.8202579,2026-08-27 12:00:00,12,3,0,0,50,100,1.16,34,0.6709,1
Olympic Bus Terminus,-1.3126351,36.7778212,2026-08-27 12:00:00,12,3,0,0,50,100,1.0,36,0.7237,1
Ayany Car Park,-1.3090339,36.7757579,2026-08-27 12:00:00,12,3,0,0,50,200,1.0,37,0.7427,1
Westgate Mall Car Park,-1.2566578,36.8035661,2026-08-27 12:00:00,12,3,0,0,50,50,1.0,41,0.8194,1
Student parking,-1.274479,36.805643,2026-08-27 12:00:00,12,3,0,0,50,100,1.0,33,0.6687,1
Kenton Rear Parking,-1.2809847,36.7869545,2026-08-27 12:00:00,12,3,0,0,50,100,1.0,41,0.8184,1
Unnamed Parking,-1.2553877,36.8667692,2026-08-27 12:00:00,12,3,0,0,50,100,1.0,32,0.6473,1
Unnamed Parking,-1.259848,36.8644681,2026-08-27 12:00:00,12,3,0,0,50,100,1.19,40,0.8063,1
Travel House Parking,-1.2861727,36.8214386,2026-08-27 12:00:00,12,3,0,0,50,100,1.18,38,0.7654,1
Lenana Parking Lot Area,-1.2900918,36.800209,2026-08-27 12:00:00,12,3,0,0,50,100,1.0,31,0.6269,1
Unnamed Parking,-1.2944773,36.8101427,2026-08-27 12:00:00,12,3,0,0,50,100,1.0,36,0.7246,1
Parking B,-1.2806414,36.8128716,2026-08-27 12:00:00,12,3,0,0,50,100,1.0,35,0.6959,1
MAIN PACKING,-1.2803274,36.8127162,2026-08-27 12:00:00,12,3,0,0,50,100,1.0,38,0.75,1
YMCA STAFF PARKING,-1.2805756,36.8129968,2026-08-27 12:00:00,12,3,0,0,50,100,1.0,34,0.6821,1
Unnamed Parking,-1.2896057,36.8150615,2026-08-27 13:00:00,13,3,0,0,50,100,1.0,41,0.8254,1
Unnamed Parking,-1.2909796,36.8282672,2026-08-27 13:00:00,13,3,0,0,50,100,1.0,48,0.9595,0
Unnamed Parking,-1.2856445,36.8132893,2026-08-27 13:00:00,13,3,0,0,50,100,1.0,42,0.8421,1
Unnamed Parking,-1.2597359,36.8182597,2026-08-27 13:00:00,13,3,0,0,50,100,1.0,46,0.9161,1
Unnamed Parking,-1.2641049,36.8117123,2026-08-27 13:00:00,13,3,0,0,50,100,1.0,42,0.832,1
InterContinental Hotel Car Park,-1.2873717,36.8192911,2026-08-27 13:00:00,13,3,0,0,50,300,1.15,49,0.9833,0
Unnamed Parking,-1.25013,36.8202579,2026-08-27 13:00:00,13,3,0,0,50,100,1.16,40,0.7957,1
Olympic Bus Terminus,-1.3126351,36.7778212,2026-08-27 13:00:00,13,3,0,0,50,100,1.0,40,0.8009,1
Ayany Car Park,-1.3090339,36.7757579,2026-08-27 13:00:00,13,3,0,0,50,200,1.0,49,0.972,0
Westgate Mall Car Park,-1.2566578,36.8035661,2026-08-27 13:00:00,13,3,0,0,50,50,1.0,41,0.8144,1
Student parking,-1.274479,36.805643,2026-08-27 13:00:00,13,3,0,0,50,100,1.0,49,0.9781,0
Kenton Rear Parking,-1.2809847,36.7869545,2026-08-27 13:00:00,13,3,0,0,50,100,1.0,46,0.9213,1
Unnamed Parking,-1.2553877,36.8667692,2026-08-27 13:00:00,13,3,0,0,50,100,1.0,42,0.8376,1
Unnamed Parking,-1.259848,36.8644681,2026-08-27 13:00:00,13,3,0,0,50,100,1.19,35,0.7049,1
Travel House Parking,-1.2861727,36.8214386,2026-08-27 13:00:00,13,3,0,0,50,100,1.18,42,0.8485,1
Lenana Parking Lot Area,-1.2900918,36.800209,2026-08-27 13:00:00,13,3,0,0,50,100,1.0,43,0.8581,1
Unnamed Parking,-1.2944773,36.8101427,2026-08-27 13:00:00,13,3,0,0,50,100,1.0,47,0.9434,1
Parking B,-1.2806414,36.8128716,2026-08-27 13:00:00,13,3,0,0,50,100,1.0,49,0.9771,0
MAIN PACKING,-1.2803274,36.8127162,2026-08-27 13:00:00,13,3,0,0,50,100,1.0,40,0.7952,1
YMCA STAFF PARKING,-1.2805756,36.8129968,2026-08-27 13:00:00,13,3,0,0,50,100,1.0,46,0.9141,1
Unnamed Parking,-1.2896057,36.8150615,2026-08-27 14:00:00,14,3,0,0,50,100,1.0,46,0.9112,1
Unnamed Parking,-1.2909796,36.8282672,2026-08-27 14:00:00,14,3,0,0,50,100,1.0,47,0.9359,1
Unnamed Parking,-1.2856445,36.8132893,2026-08-27 14:00:00,14,3,0,0,50,100,1.0,44,0.8899,1
Unnamed Parking,-1.2597359,36.8182597,2026-08-27 14:00:00,14,3,0,0,50,100,1.0,35,0.6946,1
Unnamed Parking,-1.2641049,36.8117123,2026-08-27 14:00:00,14,3,0,0,50,100,1.0,42,0.8376,1
InterContinental Hotel Car Park,-1.2873717,36.8192911,2026-08-27 14:00:00,14,3,0,0,50,300,1.15,38,0.7575,1
Unnamed Parking,-1.25013,36.8202579,2026-08-27 14:00:00,14,3,0,0,50,100,1.16,42,0.8338,1
Olympic Bus Terminus,-1.3126351,36.7778212,2026-08-27 14:00:00,14,3,0,0,50,100,1.0,46,0.9284,1
Ayany Car Park,-1.3090339,36.7757579,2026-08-27 14:00:00,14,3,0,0,50,200,1.0,44,0.8744,1
Westgate Mall Car Park,-1.2566578,36.8035661,2026-08-27 14:00:00,14,3,0,0,50,50,1.0,47,0.9418,1
Student parking,-1.274479,36.805643,2026-08-27 14:00:00,14,3,0,0,50,100,1.0,44,0.8773,1
Kenton Rear Parking,-1.2809847,36.7869545,2026-08-27 14:00:00,14,3,0,0,50,100,1.0,37,0.7461,1
Unnamed Parking,-1.2553877,36.8667692,2026-08-27 14:00:00,14,3,0,0,50,100,1.0,32,0.6483,1
Unnamed Parking,-1.259848,36.8644681,2026-08-27 14:00:00,14,3,0,0,50,100,1.19,43,0.8619,1
Travel House Parking,-1.2861727,36.8214386,2026-08-27 14:00:00,14,3,0,0,50,100,1.18,42,0.8329,1
Lenana Parking Lot Area,-1.2900918,36.800209,2026-08-27 14:00:00,14,3,0,0,50,100,1.0,39,0.7718,1
Unnamed Parking,-1.2944773,36.8101427,2026-08-27 14:00:00,14,3,0,0,50,100,1.0,36,0.7139,1
Parking B,-1.2806414,36.8128716,2026-08-27 14:00:00,14,3,0,0,50,100,1.0,40,0.7912,1
MAIN PACKING,-1.2803274,36.8127162,2026-08-27 14:00:00,14,3,0,0,50,100,1.0,42,0.8344,1
YMCA STAFF PARKING,-1.2805756,36.8129968,2026-08-27 14:00:00,14,3,0,0,50,100,1.0,45,0.9033,1
Unnamed Parking,-1.2896057,36.8150615,2026-08-27 15:00:00,15,3,0,0,50,100,1.0,43,0.8651,1
Unnamed Parking,-1.2909796,36.8282672,2026-08-27 15:00:00,15,3,0,0,50,100,1.0,49,0.9786,0
Unnamed Parking,-1.2856445,36.8132893,2026-08-27 15:00:00,15,3,0,0,50,100,1.0,38,0.7672,1
Unnamed Parking,-1.2597359,36.8182597,2026-08-27 15:00:00,15,3,0,0,50,100,1.0,46,0.9205,1
Unnamed Parking,-1.2641049,36.8117123,2026-08-27 15:00:00,15,3,0,0,50,100,1.0,43,0.8538,1
InterContinental Hotel Car Park,-1.2873717,36.8192911,2026-08-27 15:00:00,15,3,0,0,50,300,1.15,45,0.9056,1
Unnamed Parking,-1.25013,36.8202579,2026-08-27 15:00:00,15,3,0,0,50,100,1.16,41,0.8151,1
Olympic Bus Terminus,-1.3126351,36.7778212,2026-08-27 15:00:00,15,3,0,0,50,100,1.0,47,0.9357,1
Ayany Car Park,-1.3090339,36.7757579,2026-08-27 15:00:00,15,3,0,0,50,200,1.0,44,0.8736,1
Westgate Mall Car Park,-1.2566578,36.8035661,2026-08-27 15:00:00,15,3,0,0,50,50,1.0,40,0.7956,1
Student parking,-1.274479,36.805643,2026-08-27 15:00:00,15,3,0,0,50,100,1.0,42,0.849,1
Kenton Rear Parking,-1.2809847,36.7869545,2026-08-27 15:00:00,15,3,0,0,50,100,1.0,42,0.8308,1
Unnamed Parking,-1.2553877,36.8667692,2026-08-27 15:00:00,15,3,0,0,50,100,1.0,44,0.8891,1
Unnamed Parking,-1.259848,36.8644681,2026-08-27 15:00:00,15,3,0,0,50,100,1.19,38,0.7556,1
Travel House Parking,-1.2861727,36.8214386,2026-08-27 15:00:00,15,3,0,0,50,100,1.18,42,0.8477,1
Lenana Parking Lot Area,-1.2900918,36.800209,2026-08-27 15:00:00,15,3,0,0,50,100,1.0,44,0.8816,1
Unnamed Parking,-1.2944773,36.8101427,2026-08-27 15:00:00,15,3,0,0,50,100,1.0,43,0.8526,1
Parking B,-1.2806414,36.8128716,2026-08-27 15:00:00,15,3,0,0,50,100,1.0,48,0.9578,0
MAIN PACKING,-1.2803274,36.8127162,2026-08-27 15:00:00,15,3,0,0,50,100,1.0,46,0.9119,1
YMCA STAFF PARKING,-1.2805756,36.8129968,2026-08-27 15:00:00,15,3,0,0,50,100,1.0,42,0.8494,1
Unnamed Parking,-1.2896057,36.8150615,2026-08-27 16:00:00,16,3,0,0,50,100,1.0,43,0.8673,1
Unnamed Parking,-1.2909796,36.8282672,2026-08-27 16:00:00,16,3,0,0,50,100,1.0,44,0.8737,1
Unnamed Parking,-1.2856445,36.8132893,2026-08-27 16:00:00,16,3,0,0,50,100,1.0,44,0.8823,1
Unnamed Parking,-1.2597359,36.8182597,2026-08-27 16:00:00,16,3,0,0,50,100,1.0,35,0.7039,1
Unnamed Parking,-1.2641049,36.8117123,2026-08-27 16:00:00,16,3,0,0,50,100,1.0,41,0.8259,1
InterContinental Hotel Car Park,-1.2873717,36.8192911,2026-08-27 16:00:00,16,3,0,0,50,300,1.15,37,0.7312,1
Unnamed Parking,-1.25013,36.8202579,2026-08-27 16:00:00,16,3,0,0,50,100,1.16,48,0.9523,0
Olympic Bus Terminus,-1.3126351,36.7778212,2026-08-27 16:00:00,16,3,0,0,50,100,1.0,42,0.8451,1
Ayany Car Park,-1.3090339,36.7757579,2026-08-27 16:00:00,16,3,0,0,50,200,1.0,42,0.8345,1
Westgate Mall Car Park,-1.2566578,36.8035661,2026-08-27 16:00:00,16,3,0,0,50,50,1.0,46,0.9217,1
Student parking,-1.274479,36.805643,2026-08-27 16:00:00,16,3,0,0,50,100,1.0,44,0.8838,1
Kenton Rear Parking,-1.2809847,36.7869545,2026-08-27 16:00:00,16,3,0,0,50,100,1.0,38,0.7597,1
Unnamed Parking,-1.2553877,36.8667692,2026-08-27 16:00:00,16,3,0,0,50,100,1.0,42,0.8443,1
Unnamed Parking,-1.259848,36.8644681,2026-08-27 16:00:00,16,3,0,0,50,100,1.19,41,0.8232,1
Travel House Parking,-1.2861727,36.8214386,2026-08-27 16:00:00,16,3,0,0,50,100,1.18,36,0.7104,1
Lenana Parking Lot Area,-1.2900918,36.800209,2026-08-27 16:00:00,16,3,0,0,50,100,1.0,40,0.7948,1
Unnamed Parking,-1.2944773,36.8101427,2026-08-27 16:00:00,16,3,0,0,50,100,1.0,42,0.8353,1
Parking B,-1.2806414,36.8128716,2026-08-27 16:00:00,16,3,0,0,50,100,1.0,42,0.8408,1
MAIN PACKING,-1.2803274,36.8127162,2026-08-27 16:00:00,16,3,0,0,50,100,1.0,37,0.7314,1
YMCA STAFF PARKING,-1.2805756,36.8129968,2026-08-27 16:00:00,16,3,0,0,50,100,1.0,47,0.9421,1
Unnamed Parking,-1.2896057,36.8150615,2026-08-27 17:00:00,17,3,0,0,50,100,1.0,35,0.6918,1
Unnamed Parking,-1.2909796,36.8282672,2026-08-27 17:00:00,17,3,0,0,50,100,1.0,35,0.703,1
Unnamed Parking,-1.2856445,36.8132893,2026-08-27 17:00:00,17,3,0,0,50,100,1.0,37,0.7321,1
Unnamed Parking,-1.2597359,36.8182597,2026-08-27 17:00:00,17,3,0,0,50,100,1.0,32,0.637,1
Unnamed Parking,-1.2641049,36.8117123,2026-08-27 17:00:00,17,3,0,0,50,100,1.0,37,0.7365,1
InterContinental Hotel Car Park,-1.2873717,36.8192911,2026-08-27 17:00:00,17,3,0,0,50,300,1.15,34,0.6706,1
Unnamed Parking,-1.25013,36.8202579,2026-08-27 17:00:00,17,3,0,0,50,100,1.16,31,0.6283,1
Olympic Bus Terminus,-1.3126351,36.7778212,2026-08-27 17:00:00,17,3,0,0,50,100,1.0,37,0.7459,1
Ayany Car Park,-1.3090339,36.7757579,2026-08-27 17:00:00,17,3,0,0,50,200,1.0,41,0.8193,1
Westgate Mall Car Park,-1.2566578,36.8035661,2026-08-27 17:00:00,17,3,0,0,50,50,1.0,38,0.758,1
Student parking,-1.274479,36.805643,2026-08-27 17:00:00,17,3,0,0,50,100,1.0,39,0.7738,1
Kenton Rear Parking,-1.2809847,36.7869545,2026-08-27 17:00:00,17,3,0,0,50,100,1.0,33,0.6583,1
Unnamed Parking,-1.2553877,36.8667692,2026-08-27 17:00:00,17,3,0,0,50,100,1.0,29,0.5722,1
Unnamed Parking,-1.259848,36.8644681,2026-08-27 17:00:00,17,3,0,0,50,100,1.19,41,0.8192,1
Travel House Parking,-1.2861727,36.8214386,2026-08-27 17:00:00,17,3,0,0,50,100,1.18,43,0.8644,1
Lenana Parking Lot Area,-1.2900918,36.800209,2026-08-27 17:00:00,17,3,0,0,50,100,1.0,41,0.8234,1
Unnamed Parking,-1.2944773,36.8101427,2026-08-27 17:00:00,17,3,0,0,50,100,1.0,34,0.6731,1
Parking B,-1.2806414,36.8128716,2026-08-27 17:00:00,17,3,0,0,50,100,1.0,30,0.6076,1
MAIN PACKING,-1.2803274,36.8127162,2026-08-27 17:00:00,17,3,0,0,50,100,1.0,31,0.6147,1
YMCA STAFF PARKING,-1.2805756,36.8129968,2026-08-27 17:00:00,17,3,0,0,50,100,1.0,28,0.5653,1
Unnamed Parking,-1.2896057,36.8150615,2026-08-27 18:00:00,18,3,0,0,50,100,1.0,35,0.6914,1
Unnamed Parking,-1.2909796,36.8282672,2026-08-27 18:00:00,18,3,0,0,50,100,1.0,41,0.8285,1
Unnamed Parking,-1.2856445,36.8132893,2026-08-27 18:00:00,18,3,0,0,50,100,1.0,34,0.6887,1
Unnamed Parking,-1.2597359,36.8182597,2026-08-27 18:00:00,18,3,0,0,50,100,1.0,36,0.7242,1
Unnamed Parking,-1.2641049,36.8117123,2026-08-27 18:00:00,18,3,0,0,50,100,1.0,41,0.81,1
InterContinental Hotel Car Park,-1.2873717,36.8192911,2026-08-27 18:00:00,18,3,0,0,50,300,1.15,33,0.6677,1
Unnamed Parking,-1.25013,36.8202579,2026-08-27 18:00:00,18,3,0,0,50,100,1.16,43,0.8628,1
Olympic Bus Terminus,-1.3126351,36.7778212,2026-08-27 18:00:00,18,3,0,0,50,100,1.0,43,0.8594,1
Ayany Car Park,-1.3090339,36.7757579,2026-08-27 18:00:00,18,3,0,0,50,200,1.0,34,0.6895,1
Westgate Mall Car Park,-1.2566578,36.8035661,2026-08-27 18:00:00,18,3,0,0,50,50,1.0,33,0.6538,1
Student parking,-1.274479,36.805643,2026-08-27 18:00:00,18,3,0,0,50,100,1.0,38,0.7558,1
Kenton Rear Parking,-1.2809847,36.7869545,2026-08-27 18:00:00,18,3,0,0,50,100,1.0,34,0.6722,1
Unnamed Parking,-1.2553877,36.8667692,2026-08-27 18:00:00,18,3,0,0,50,100,1.0,30,0.6075,1
Unnamed Parking,-1.259848,36.8644681,2026-08-27 18:00:00,18,3,0,0,50,100,1.19,40,0.8025,1
Travel House Parking,-1.2861727,36.8214386,2026-08-27 18:00:00,18,3,0,0,50,100,1.18,40,0.7973,1
Lenana Parking Lot Area,-1.2900918,36.800209,2026-08-27 18:00:00,18,3,0,0,50,100,1.0,36,0.7124,1
Unnamed Parking,-1.2944773,36.8101427,2026-08-27 18:00:00,18,3,0,0,50,100,1.0,30,0.599,1
Parking B,-1.2806414,36.8128716,2026-08-27 18:00:00,18,3,0,0,50,100,1.0,30,0.6016,1
MAIN PACKING,-1.2803274,36.8127162,2026-08-27 18:00:00,18,3,0,0,50,100,1.0,35,0.7086,1
YMCA STAFF PARKING,-1.2805756,36.8129968,2026-08-27 18:00:00,18,3,0,0,50,100,1.0,33,0.66,1
Unnamed Parking,-1.2896057,36.8150615,2026-08-27 19:00:00,19,3,0,0,50,100,1.0,19,0.3727,1
Unnamed Parking,-1.2909796,36.8282672,2026-08-27 19:00:00,19,3,0,0,50,100,1.0,24,0.4818,1
Unnamed Parking,-1.2856445,36.8132893,2026-08-27 19:00:00,19,3,0,0,50,100,1.0,23,0.4587,1
Unnamed Parking,-1.2597359,36.8182597,2026-08-27 19:00:00,19,3,0,0,50,100,1.0,26,0.5103,1
Unnamed Parking,-1.2641049,36.8117123,2026-08-27 19:00:00,19,3,0,0,50,100,1.0,16,0.3208,1
InterContinental Hotel Car Park,-1.2873717,36.8192911,2026-08-27 19:00:00,19,3,0,0,50,300,1.15,19,0.3725,1
Unnamed Parking,-1.25013,36.8202579,2026-08-27 19:00:00,19,3,0,0,50,100,1.16,23,0.4607,1
Olympic Bus Terminus,-1.3126351,36.7778212,2026-08-27 19:00:00,19,3,0,0,50,100,1.0,22,0.4358,1
Ayany Car Park,-1.3090339,36.7757579,2026-08-27 19:00:00,19,3,0,0,50,200,1.0,26,0.5226,1
Westgate Mall Car Park,-1.2566578,36.8035661,2026-08-27 19:00:00,19,3,0,0,50,50,1.0,22,0.4336,1
Student parking,-1.274479,36.805643,2026-08-27 19:00:00,19,3,0,0,50,100,1.0,27,0.5478,1
Kenton Rear Parking,-1.2809847,36.7869545,2026-08-27 19:00:00,19,3,0,0,50,100,1.0,22,0.4432,1
Unnamed Parking,-1.2553877,36.8667692,2026-08-27 19:00:00,19,3,0,0,50,100,1.0,24,0.485,1
Unnamed Parking,-1.259848,36.8644681,2026-08-27 19:00:00,19,3,0,0,50,100,1.19,19,0.3741,1
Travel House Parking,-1.2861727,36.8214386,2026-08-27 19:00:00,19,3,0,0,50,100,1.18,20,0.4011,1
Lenana Parking Lot Area,-1.2900918,36.800209,2026-08-27 19:00:00,19,3,0,0,50,100,1.0,24,0.4729,1
Unnamed Parking,-1.2944773,36.8101427,2026-08-27 19:00:00,19,3,0,0,50,100,1.0,26,0.529,1
Parking B,-1.2806414,36.8128716,2026-08-27 19:00:00,19,3,0,0,50,100,1.0,23,0.4583,1
MAIN PACKING,-1.2803274,36.8127162,2026-08-27 19:00:00,19,3,0,0,50,100,1.0,20,0.3933,1
YMCA STAFF PARKING,-1.2805756,36.8129968,2026-08-27 19:00:00,19,3,0,0,50,100,1.0,26,0.5102,1
Unnamed Parking,-1.2896057,36.8150615,2026-08-27 20:00:00,20,3,0,0,50,100,1.0,11,0.2246,1
Unnamed Parking,-1.2909796,36.8282672,2026-08-27 20:00:00,20,3,0,0,50,100,1.0,14,0.2862,1
Unnamed Parking,-1.2856445,36.8132893,2026-08-27 20:00:00,20,3,0,0,50,100,1.0,23,0.4545,1
Unnamed Parking,-1.2597359,36.8182597,2026-08-27 20:00:00,20,3,0,0,50,100,1.0,20,0.4011,1
Unnamed Parking,-1.2641049,36.8117123,2026-08-27 20:00:00,20,3,0,0,50,100,1.0,22,0.4484,1
InterContinental Hotel Car Park,-1.2873717,36.8192911,2026-08-27 20:00:00,20,3,0,0,50,300,1.15,20,0.4052,1
Unnamed Parking,-1.25013,36.8202579,2026-08-27 20:00:00,20,3,0,0,50,100,1.16,22,0.4457,1
Olympic Bus Terminus,-1.3126351,36.7778212,2026-08-27 20:00:00,20,3,0,0,50,100,1.0,17,0.3348,1
Ayany Car Park,-1.3090339,36.7757579,2026-08-27 20:00:00,20,3,0,0,50,200,1.0,22,0.4456,1
Westgate Mall Car Park,-1.2566578,36.8035661,2026-08-27 20:00:00,20,3,0,0,50,50,1.0,24,0.4796,1
Student parking,-1.274479,36.805643,2026-08-27 20:00:00,20,3,0,0,50,100,1.0,25,0.4976,1
Kenton Rear Parking,-1.2809847,36.7869545,2026-08-27 20:00:00,20,3,0,0,50,100,1.0,28,0.5611,1
Unnamed Parking,-1.2553877,36.8667692,2026-08-27 20:00:00,20,3,0,0,50,100,1.0,21,0.4195,1
Unnamed Parking,-1.259848,36.8644681,2026-08-27 20:00:00,20,3,0,0,50,100,1.19,21,0.4219,1
Travel House Parking,-1.2861727,36.8214386,2026-08-27 20:00:00,20,3,0,0,50,100,1.18,14,0.2781,1
Lenana Parking Lot Area,-1.2900918,36.800209,2026-08-27 20:00:00,20,3,0,0,50,100,1.0,18,0.3575,1
Unnamed Parking,-1.2944773,36.8101427,2026-08-27 20:00:00,20,3,0,0,50,100,1.0,19,0.3846,1
Parking B,-1.2806414,36.8128716,2026-08-27 20:00:00,20,3,0,0,50,100,1.0,24,0.484,1
MAIN PACKING,-1.2803274,36.8127162,2026-08-27 20:00:00,20,3,0,0,50,100,1.0,18,0.3511,1
YMCA STAFF PARKING,-1.2805756,36.8129968,2026-08-27 20:00:00,20,3,0,0,50,100,1.0,23,0.4637,1
Unnamed Parking,-1.2896057,36.8150615,2026-08-27 21:00:00,21,3,0,0,50,100,1.0,20,0.3999,1
Unnamed Parking,-1.2909796,36.8282672,2026-08-27 21:00:00,21,3,0,0,50,100,1.0,19,0.3858,1
Unnamed Parking,-1.2856445,36.8132893,2026-08-27 21:00:00,21,3,0,0,50,100,1.0,21,0.4199,1
Unnamed Parking,-1.2597359,36.8182597,2026-08-27 21:00:00,21,3,0,0,50,100,1.0,18,0.3687,1
Unnamed Parking,-1.2641049,36.8117123,2026-08-27 21:00:00,21,3,0,0,50,100,1.0,18,0.3657,1
InterContinental Hotel Car Park,-1.2873717,36.8192911,2026-08-27 21:00:00,21,3,0,0,50,300,1.15,13,0.2636,1
Unnamed Parking,-1.25013,36.8202579,2026-08-27 21:00:00,21,3,0,0,50,100,1.16,19,0.3802,1
Olympic Bus Terminus,-1.3126351,36.7778212,2026-08-27 21:00:00,21,3,0,0,50,100,1.0,18,0.3616,1
Ayany Car Park,-1.3090339,36.7757579,2026-08-27 21:00:00,21,3,0,0,50,200,1.0,18,0.3587,1
Westgate Mall Car Park,-1.2566578,36.8035661,2026-08-27 21:00:00,21,3,0,0,50,50,1.0,22,0.4333,1
Student parking,-1.274479,36.805643,2026-08-27 21:00:00,21,3,0,0,50,100,1.0,23,0.4527,1
Kenton Rear Parking,-1.2809847,36.7869545,2026-08-27 21:00:00,21,3,0,0,50,100,1.0,21,0.4186,1
Unnamed Parking,-1.2553877,36.8667692,2026-08-27 21:00:00,21,3,0,0,50,100,1.0,24,0.4796,1
Unnamed Parking,-1.259848,36.8644681,2026-08-27 21:00:00,21,3,0,0,50,100,1.19,22,0.446,1
Travel House Parking,-1.2861727,36.8214386,2026-08-27 21:00:00,21,3,0,0,50,100,1.18,19,0.3764,1
Lenana Parking Lot Area,-1.2900918,36.800209,2026-08-27 21:00:00,21,3,0,0,50,100,1.0,18,0.363,1
Unnamed Parking,-1.2944773,36.8101427,2026-08-27 21:00:00,21,3,0,0,50,100,1.0,21,0.425,1
Parking B,-1.2806414,36.8128716,2026-08-27 21:00:00,21,3,0,0,50,100,1.0,22,0.4459,1
MAIN PACKING,-1.2803274,36.8127162,2026-08-27 21:00:00,21,3,0,0,50,100,1.0,26,0.5118,1
YMCA STAFF PARKING,-1.2805756,36.8129968,2026-08-27 21:00:00,21,3,0,0,50,100,1.0,25,0.4953,1
Unnamed Parking,-1.2896057,36.8150615,2026-08-27 22:00:00,22,3,0,0,50,100,1.0,18,0.3567,1
Unnamed Parking,-1.2909796,36.8282672,2026-08-27 22:00:00,22,3,0,0,50,100,1.0,20,0.3918,1
Unnamed Parking,-1.2856445,36.8132893,2026-08-27 22:00:00,22,3,0,0,50,100,1.0,23,0.4537,1
Unnamed Parking,-1.2597359,36.8182597,2026-08-27 22:00:00,22,3,0,0,50,100,1.0,24,0.4854,1
Unnamed Parking,-1.2641049,36.8117123,2026-08-27 22:00:00,22,3,0,0,50,100,1.0,24,0.4751,1
InterContinental Hotel Car Park,-1.2873717,36.8192911,2026-08-27 22:00:00,22,3,0,0,50,300,1.15,20,0.3949,1
Unnamed Parking,-1.25013,36.8202579,2026-08-27 22:00:00,22,3,0,0,50,100,1.16,15,0.2997,1
Olympic Bus Terminus,-1.3126351,36.7778212,2026-08-27 22:00:00,22,3,0,0,50,100,1.0,16,0.3201,1
Ayany Car Park,-1.3090339,36.7757579,2026-08-27 22:00:00,22,3,0,0,50,200,1.0,21,0.4218,1
Westgate Mall Car Park,-1.2566578,36.8035661,2026-08-27 22:00:00,22,3,0,0,50,50,1.0,21,0.4274,1
Student parking,-1.274479,36.805643,2026-08-27 22:00:00,22,3,0,0,50,100,1.0,16,0.3121,1
Kenton Rear Parking,-1.2809847,36.7869545,2026-08-27 22:00:00,22,3,0,0,50,100,1.0,20,0.4036,1
Unnamed Parking,-1.2553877,36.8667692,2026-08-27 22:00:00,22,3,0,0,50,100,1.0,23,0.4505,1
Unnamed Parking,-1.259848,36.8644681,2026-08-27 22:00:00,22,3,0,0,50,100,1.19,15,0.3079,1
Travel House Parking,-1.2861727,36.8214386,2026-08-27 22:00:00,22,3,0,0,50,100,1.18,24,0.4884,1
Lenana Parking Lot Area,-1.2900918,36.800209,2026-08-27 22:00:00,22,3,0,0,50,100,1.0,18,0.3698,1
Unnamed Parking,-1.2944773,36.8101427,2026-08-27 22:00:00,22,3,0,0,50,100,1.0,25,0.5006,1
Parking B,-1.2806414,36.8128716,2026-08-27 22:00:00,22,3,0,0,50,100,1.0,18,0.3573,1
MAIN PACKING,-1.2803274,36.8127162,2026-08-27 22:00:00,22,3,0,0,50,100,1.0,16,0.3179,1
YMCA STAFF PARKING,-1.2805756,36.8129968,2026-08-27 22:00:00,22,3,0,0,50,100,1.0,18,0.3633,1
Unnamed Parking,-1.2896057,36.8150615,2026-08-28 06:00:00,6,4,0,0,50,100,1.0,20,0.3924,1
Unnamed Parking,-1.2909796,36.8282672,2026-08-28 06:00:00,6,4,0,0,50,100,1.0,18,0.3689,1
Unnamed Parking,-1.2856445,36.8132893,2026-08-28 06:00:00,6,4,0,0,50,100,1.0,19,0.3827,1
Unnamed Parking,-1.2597359,36.8182597,2026-08-28 06:00:00,6,4,0,0,50,100,1.0,21,0.4267,1
Unnamed Parking,-1.2641049,36.8117123,2026-08-28 06:00:00,6,4,0,0,50,100,1.0,19,0.3863,1
InterContinental Hotel Car Park,-1.2873717,36.8192911,2026-08-28 06:00:00,6,4,0,0,50,300,1.15,20,0.3947,1
Unnamed Parking,-1.25013,36.8202579,2026-08-28 06:00:00,6,4,0,0,50,100,1.16,13,0.2633,1
Olympic Bus Terminus,-1.3126351,36.7778212,2026-08-28 06:00:00,6,4,0,0,50,100,1.0,22,0.4313,1
Ayany Car Park,-1.3090339,36.7757579,2026-08-28 06:00:00,6,4,0,0,50,200,1.0,20,0.3929,1
Westgate Mall Car Park,-1.2566578,36.8035661,2026-08-28 06:00:00,6,4,0,0,50,50,1.0,26,0.5288,1
Student parking,-1.274479,36.805643,2026-08-28 06:00:00,6,4,0,0,50,100,1.0,16,0.3248,1
Kenton Rear Parking,-1.2809847,36.7869545,2026-08-28 06:00:00,6,4,0,0,50,100,1.0,13,0.2553,1
Unnamed Parking,-1.2553877,36.8667692,2026-08-28 06:00:00,6,4,0,0,50,100,1.0,22,0.4494,1
Unnamed Parking,-1.259848,36.8644681,2026-08-28 06:00:00,6,4,0,0,50,100,1.19,21,0.4277,1
Travel House Parking,-1.2861727,36.8214386,2026-08-28 06:00:00,6,4,0,0,50,100,1.18,16,0.3193,1
Lenana Parking Lot Area,-1.2900918,36.800209,2026-08-28 06:00:00,6,4,0,0,50,100,1.0,14,0.2776,1
Unnamed Parking,-1.2944773,36.8101427,2026-08-28 06:00:00,6,4,0,0,50,100,1.0,26,0.523,1
Parking B,-1.2806414,36.8128716,2026-08-28 06:00:00,6,4,0,0,50,100,1.0,26,0.5131,1
MAIN PACKING,-1.2803274,36.8127162,2026-08-28 06:00:00,6,4,0,0,50,100,1.0,10,0.201,1
YMCA STAFF PARKING,-1.2805756,36.8129968,2026-08-28 06:00:00,6,4,0,0,50,100,1.0,18,0.3633,1
Unnamed Parking,-1.2896057,36.8150615,2026-08-28 07:00:00,7,4,0,0,50,100,1.0,27,0.5331,1
Unnamed Parking,-1.2909796,36.8282672,2026-08-28 07:00:00,7,4,0,0,50,100,1.0,18,0.3619,1
Unnamed Parking,-1.2856445,36.8132893,2026-08-28 07:00:00,7,4,0,0,50,100,1.0,18,0.3608,1
Unnamed Parking,-1.2597359,36.8182597,2026-08-28 07:00:00,7,4,0,0,50,100,1.0,19,0.3774,1
Unnamed Parking,-1.2641049,36.8117123,2026-08-28 07:00:00,7,4,0,0,50,100,1.0,16,0.3103,1
InterContinental Hotel Car Park,-1.2873717,36.8192911,2026-08-28 07:00:00,7,4,0,0,50,300,1.15,13,0.2636,1
Unnamed Parking,-1.25013,36.8202579,2026-08-28 07:00:00,7,4,0,0,50,100,1.16,24,0.4842,1
Olympic Bus Terminus,-1.3126351,36.7778212,2026-08-28 07:00:00,7,4,0,0,50,100,1.0,13,0.2526,1
Ayany Car Park,-1.3090339,36.7757579,2026-08-28 07:00:00,7,4,0,0,50,200,1.0,21,0.4198,1
Westgate Mall Car Park,-1.2566578,36.8035661,2026-08-28 07:00:00,7,4,0,0,50,50,1.0,24,0.4709,1
Student parking,-1.274479,36.805643,2026-08-28 07:00:00,7,4,0,0,50,100,1.0,14,0.2839,1
Kenton Rear Parking,-1.2809847,36.7869545,2026-08-28 07:00:00,7,4,0,0,50,100,1.0,16,0.3261,1
Unnamed Parking,-1.2553877,36.8667692,2026-08-28 07:00:00,7,4,0,0,50,100,1.0,25,0.4971,1
Unnamed Parking,-1.259848,36.8644681,2026-08-28 07:00:00,7,4,0,0,50,100,1.19,22,0.4426,1
Travel House Parking,-1.2861727,36.8214386,2026-08-28 07:00:00,7,4,0,0,50,100,1.18,18,0.3506,1
Lenana Parking Lot Area,-1.2900918,36.800209,2026-08-28 07:00:00,7,4,0,0,50,100,1.0,25,0.4962,1
Unnamed Parking,-1.2944773,36.8101427,2026-08-28 07:00:00,7,4,0,0,50,100,1.0,25,0.4965,1
Parking B,-1.2806414,36.8128716,2026-08-28 07:00:00,7,4,0,0,50,100,1.0,21,0.4215,1
MAIN PACKING,-1.2803274,36.8127162,2026-08-28 07:00:00,7,4,0,0,50,100,1.0,16,0.328,1
YMCA STAFF PARKING,-1.2805756,36.8129968,2026-08-28 07:00:00,7,4,0,0,50,100,1.0,18,0.3669,1
Unnamed Parking,-1.2896057,36.8150615,2026-08-28 08:00:00,8,4,0,0,50,100,1.0,44,0.8729,1
Unnamed Parking,-1.2909796,36.8282672,2026-08-28 08:00:00,8,4,0,0,50,100,1.0,42,0.8349,1
Unnamed Parking,-1.2856445,36.8132893,2026-08-28 08:00:00,8,4,0,0,50,100,1.0,46,0.9251,1
Unnamed Parking,-1.2597359,36.8182597,2026-08-28 08:00:00,8,4,0,0,50,100,1.0,36,0.7276,1
Unnamed Parking,-1.2641049,36.8117123,2026-08-28 08:00:00,8,4,0,0,50,100,1.0,37,0.7305,1
InterContinental Hotel Car Park,-1.2873717,36.8192911,2026-08-28 08:00:00,8,4,0,0,50,300,1.15,43,0.8645,1
Unnamed Parking,-1.25013,36.8202579,2026-08-28 08:00:00,8,4,0,0,50,100,1.16,41,0.8107,1
Olympic Bus Terminus,-1.3126351,36.7778212,2026-08-28 08:00:00,8,4,0,0,50,100,1.0,40,0.7998,1
Ayany Car Park,-1.3090339,36.7757579,2026-08-28 08:00:00,8,4,0,0,50,200,1.0,35,0.7086,1
Westgate Mall Car Park,-1.2566578,36.8035661,2026-08-28 08:00:00,8,4,0,0,50,50,1.0,43,0.8516,1
Student parking,-1.274479,36.805643,2026-08-28 08:00:00,8,4,0,0,50,100,1.0,42,0.8458,1
Kenton Rear Parking,-1.2809847,36.7869545,2026-08-28 08:00:00,8,4,0,0,50,100,1.0,45,0.9023,1
Unnamed Parking,-1.2553877,36.8667692,2026-08-28 08:00:00,8,4,0,0,50,100,1.0,43,0.8555,1
Unnamed Parking,-1.259848,36.8644681,2026-08-28 08:00:00,8,4,0,0,50,100,1.19,42,0.8394,1
Travel House Parking,-1.2861727,36.8214386,2026-08-28 08:00:00,8,4,0,0,50,100,1.18,47,0.9442,1
Lenana Parking Lot Area,-1.2900918,36.800209,2026-08-28 08:00:00,8,4,0,0,50,100,1.0,37,0.745,1
Unnamed Parking,-1.2944773,36.8101427,2026-08-28 08:00:00,8,4,0,0,50,100,1.0,45,0.8929,1
Parking B,-1.2806414,36.8128716,2026-08-28 08:00:00,8,4,0,0,50,100,1.0,36,0.7163,1
MAIN PACKING,-1.2803274,36.8127162,2026-08-28 08:00:00,8,4,0,0,50,100,1.0,39,0.7829,1
YMCA STAFF PARKING,-1.2805756,36.8129968,2026-08-28 08:00:00,8,4,0,0,50,100,1.0,38,0.753,1
Unnamed Parking,-1.2896057,36.8150615,2026-08-28 09:00:00,9,4,0,0,50,100,1.0,46,0.9126,1
Unnamed Parking,-1.2909796,36.8282672,2026-08-28 09:00:00,9,4,0,0,50,100,1.0,42,0.8448,1
Unnamed Parking,-1.2856445,36.8132893,2026-08-28 09:00:00,9,4,0,0,50,100,1.0,42,0.8489,1
Unnamed Parking,-1.2597359,36.8182597,2026-08-28 09:00:00,9,4,0,0,50,100,1.0,38,0.7615,1
Unnamed Parking,-1.2641049,36.8117123,2026-08-28 09:00:00,9,4,0,0,50,100,1.0,41,0.826,1
InterContinental Hotel Car Park,-1.2873717,36.8192911,2026-08-28 09:00:00,9,4,0,0,50,300,1.15,39,0.7889,1
Unnamed Parking,-1.25013,36.8202579,2026-08-28 09:00:00,9,4,0,0,50,100,1.16,44,0.8807,1
Olympic Bus Terminus,-1.3126351,36.7778212,2026-08-28 09:00:00,9,4,0,0,50,100,1.0,39,0.7707,1
Ayany Car Park,-1.3090339,36.7757579,2026-08-28 09:00:00,9,4,0,0,50,200,1.0,48,0.9564,0
Westgate Mall Car Park,-1.2566578,36.8035661,2026-08-28 09:00:00,9,4,0,0,50,50,1.0,36,0.716,1
Student parking,-1.274479,36.805643,2026-08-28 09:00:00,9,4,0,0,50,100,1.0,39,0.7855,1
Kenton Rear Parking,-1.2809847,36.7869545,2026-08-28 09:00:00,9,4,0,0,50,100,1.0,49,0.9842,0
Unnamed Parking,-1.2553877,36.8667692,2026-08-28 09:00:00,9,4,0,0,50,100,1.0,41,0.8152,1
Unnamed Parking,-1.259848,36.8644681,2026-08-28 09:00:00,9,4,0,0,50,100,1.19,37,0.7448,1
Travel House Parking,-1.2861727,36.8214386,2026-08-28 09:00:00,9,4,0,0,50,100,1.18,43,0.8675,1
Lenana Parking Lot Area,-1.2900918,36.800209,2026-08-28 09:00:00,9,4,0,0,50,100,1.0,41,0.812,1
Unnamed Parking,-1.2944773,36.8101427,2026-08-28 09:00:00,9,4,0,0,50,100,1.0,39,0.7831,1
Parking B,-1.2806414,36.8128716,2026-08-28 09:00:00,9,4,0,0,50,100,1.0,38,0.7623,1
MAIN PACKING,-1.2803274,36.8127162,2026-08-28 09:00:00,9,4,0,0,50,100,1.0,50,1.0,0
YMCA STAFF PARKING,-1.2805756,36.8129968,2026-08-28 09:00:00,9,4,0,0,50,100,1.0,41,0.8299,1
Unnamed Parking,-1.2896057,36.8150615,2026-08-28 10:00:00,10,4,0,0,50,100,1.0,35,0.696,1
Unnamed Parking,-1.2909796,36.8282672,2026-08-28 10:00:00,10,4,0,0,50,100,1.0,48,0.9695,0
Unnamed Parking,-1.2856445,36.8132893,2026-08-28 10:00:00,10,4,0,0,50,100,1.0,45,0.8989,1
Unnamed Parking,-1.2597359,36.8182597,2026-08-28 10:00:00,10,4,0,0,50,100,1.0,39,0.7887,1
Unnamed Parking,-1.2641049,36.8117123,2026-08-28 10:00:00,10,4,0,0,50,100,1.0,39,0.7754,1
InterContinental Hotel Car Park,-1.2873717,36.8192911,2026-08-28 10:00:00,10,4,0,0,50,300,1.15,45,0.9039,1
Unnamed Parking,-1.25013,36.8202579,2026-08-28 10:00:00,10,4,0,0,50,100,1.16,42,0.8302,1
Olympic Bus Terminus,-1.3126351,36.7778212,2026-08-28 10:00:00,10,4,0,0,50,100,1.0,35,0.6959,1
Ayany Car Park,-1.3090339,36.7757579,2026-08-28 10:00:00,10,4,0,0,50,200,1.0,50,0.993,0
Westgate Mall Car Park,-1.2566578,36.8035661,2026-08-28 10:00:00,10,4,0,0,50,50,1.0,41,0.8153,1
Student parking,-1.274479,36.805643,2026-08-28 10:00:00,10,4,0,0,50,100,1.0,48,0.9696,0
Kenton Rear Parking,-1.2809847,36.7869545,2026-08-28 10:00:00,10,4,0,0,50,100,1.0,48,0.9523,0
Unnamed Parking,-1.2553877,36.8667692,2026-08-28 10:00:00,10,4,0,0,50,100,1.0,38,0.7699,1
Unnamed Parking,-1.259848,36.8644681,2026-08-28 10:00:00,10,4,0,0,50,100,1.19,47,0.9327,1
Travel House Parking,-1.2861727,36.8214386,2026-08-28 10:00:00,10,4,0,0,50,100,1.18,40,0.7979,1
Lenana Parking Lot Area,-1.2900918,36.800209,2026-08-28 10:00:00,10,4,0,0,50,100,1.0,35,0.7007,1
Unnamed Parking,-1.2944773,36.8101427,2026-08-28 10:00:00,10,4,0,0,50,100,1.0,41,0.816,1
Parking B,-1.2806414,36.8128716,2026-08-28 10:00:00,10,4,0,0,50,100,1.0,44,0.8818,1
MAIN PACKING,-1.2803274,36.8127162,2026-08-28 10:00:00,10,4,0,0,50,100,1.0,41,0.813,1
YMCA STAFF PARKING,-1.2805756,36.8129968,2026-08-28 10:00:00,10,4,0,0,50,100,1.0,41,0.8254,1
Unnamed Parking,-1.2896057,36.8150615,2026-08-28 11:00:00,11,4,0,0,50,100,1.0,47,0.9415,1
Unnamed Parking,-1.2909796,36.8282672,2026-08-28 11:00:00,11,4,0,0,50,100,1.0,43,0.8585,1
Unnamed Parking,-1.2856445,36.8132893,2026-08-28 11:00:00,11,4,0,0,50,100,1.0,39,0.7825,1
Unnamed Parking,-1.2597359,36.8182597,2026-08-28 11:00:00,11,4,0,0,50,100,1.0,45,0.9062,1
Unnamed Parking,-1.2641049,36.8117123,2026-08-28 11:00:00,11,4,0,0,50,100,1.0,43,0.8658,1
InterContinental Hotel Car Park,-1.2873717,36.8192911,2026-08-28 11:00:00,11,4,0,0,50,300,1.15,32,0.6483,1
Unnamed Parking,-1.25013,36.8202579,2026-08-28 11:00:00,11,4,0,0,50,100,1.16,44,0.8843,1
Olympic Bus Terminus,-1.3126351,36.7778212,2026-08-28 11:00:00,11,4,0,0,50,100,1.0,44,0.8813,1
Ayany Car Park,-1.3090339,36.7757579,2026-08-28 11:00:00,11,4,0,0,50,200,1.0,43,0.8516,1
Westgate Mall Car Park,-1.2566578,36.8035661,2026-08-28 11:00:00,11,4,0,0,50,50,1.0,46,0.9213,1
Student parking,-1.274479,36.805643,2026-08-28 11:00:00,11,4,0,0,50,100,1.0,40,0.7962,1
Kenton Rear Parking,-1.2809847,36.7869545,2026-08-28 11:00:00,11,4,0,0,50,100,1.0,44,0.8769,1
Unnamed Parking,-1.2553877,36.8667692,2026-08-28 11:00:00,11,4,0,0,50,100,1.0,36,0.7246,1
Unnamed Parking,-1.259848,36.8644681,2026-08-28 11:00:00,11,4,0,0,50,100,1.19,44,0.8826,1
Travel House Parking,-1.2861727,36.8214386,2026-08-28 11:00:00,11,4,0,0,50,100,1.18,50,1.0,0
Lenana Parking Lot Area,-1.2900918,36.800209,2026-08-28 11:00:00,11,4,0,0,50,100,1.0,39,0.7704,1
Unnamed Parking,-1.2944773,36.8101427,2026-08-28 11:00:00,11,4,0,0,50,100,1.0,39,0.7892,1
Parking B,-1.2806414,36.8128716,2026-08-28 11:00:00,11,4,0,0,50,100,1.0,40,0.7932,1
MAIN PACKING,-1.2803274,36.8127162,2026-08-28 11:00:00,11,4,0,0,50,100,1.0,43,0.8604,1
YMCA STAFF PARKING,-1.2805756,36.8129968,2026-08-28 11:00:00,11,4,0,0,50,100,1.0,38,0.765,1
Unnamed Parking,-1.2896057,36.8150615,2026-08-28 12:00:00,12,4,0,0,50,100,1.0,37,0.7337,1
Unnamed Parking,-1.2909796,36.8282672,2026-08-28 12:00:00,12,4,0,0,50,100,1.0,38,0.7677,1
Unnamed Parking,-1.2856445,36.8132893,2026-08-28 12:00:00,12,4,0,0,50,100,1.0,37,0.7427,1
Unnamed Parking,-1.2597359,36.8182597,2026-08-28 12:00:00,12,4,0,0,50,100,1.0,28,0.5585,1
Unnamed Parking,-1.2641049,36.8117123,2026-08-28 12:00:00,12,4,0,0,50,100,1.0,39,0.7796,1
InterContinental Hotel Car Park,-1.2873717,36.8192911,2026-08-28 12:00:00,12,4,0,0,50,300,1.15,39,0.775,1
Unnamed Parking,-1.25013,36.8202579,2026-08-28 12:00:00,12,4,0,0,50,100,1.16,38,0.7664,1
Olympic Bus Terminus,-1.3126351,36.7778212,2026-08-28 12:00:00,12,4,0,0,50,100,1.0,36,0.7298,1
Ayany Car Park,-1.3090339,36.7757579,2026-08-28 12:00:00,12,4,0,0,50,200,1.0,36,0.7176,1
Westgate Mall Car Park,-1.2566578,36.8035661,2026-08-28 12:00:00,12,4,0,0,50,50,1.0,39,0.7826,1
Student parking,-1.274479,36.805643,2026-08-28 12:00:00,12,4,0,0,50,100,1.0,43,0.8539,1
Kenton Rear Parking,-1.2809847,36.7869545,2026-08-28 12:00:00,12,4,0,0,50,100,1.0,31,0.6238,1
Unnamed Parking,-1.2553877,36.8667692,2026-08-28 12:00:00,12,4,0,0,50,100,1.0,39,0.7863,1
Unnamed Parking,-1.259848,36.8644681,2026-08-28 12:00:00,12,4,0,0,50,100,1.19,35,0.6931,1
Travel House Parking,-1.2861727,36.8214386,2026-08-28 12:00:00,12,4,0,0,50,100,1.18,34,0.6896,1
Lenana Parking Lot Area,-1.2900918,36.800209,2026-08-28 12:00:00,12,4,0,0,50,100,1.0,29,0.5771,1
Unnamed Parking,-1.2944773,36.8101427,2026-08-28 12:00:00,12,4,0,0,50,100,1.0,34,0.6772,1
Parking B,-1.2806414,36.8128716,2026-08-28 12:00:00,12,4,0,0,50,100,1.0,31,0.6202,1
MAIN PACKING,-1.2803274,36.8127162,2026-08-28 12:00:00,12,4,0,0,50,100,1.0,33,0.6629,1
YMCA STAFF PARKING,-1.2805756,36.8129968,2026-08-28 12:00:00,12,4,0,0,50,100,1.0,31,0.6121,1
Unnamed Parking,-1.2896057,36.8150615,2026-08-28 13:00:00,13,4,0,0,50,100,1.0,41,0.8141,1
Unnamed Parking,-1.2909796,36.8282672,2026-08-28 13:00:00,13,4,0,0,50,100,1.0,41,0.8175,1
Unnamed Parking,-1.2856445,36.8132893,2026-08-28 13:00:00,13,4,0,0,50,100,1.0,43,0.8577,1
Unnamed Parking,-1.2597359,36.8182597,2026-08-28 13:00:00,13,4,0,0,50,100,1.0,36,0.7208,1
Unnamed Parking,-1.2641049,36.8117123,2026-08-28 13:00:00,13,4,0,0,50,100,1.0,37,0.7344,1
InterContinental Hotel Car Park,-1.2873717,36.8192911,2026-08-28 13:00:00,13,4,0,0,50,300,1.15,44,0.879,1
Unnamed Parking,-1.25013,36.8202579,2026-08-28 13:00:00,13,4,0,0,50,100,1.16,39,0.7862,1
Olympic Bus Terminus,-1.3126351,36.7778212,2026-08-28 13:00:00,13,4,0,0,50,100,1.0,47,0.936,1
Ayany Car Park,-1.3090339,36.7757579,2026-08-28 13:00:00,13,4,0,0,50,200,1.0,43,0.868,1
Westgate Mall Car Park,-1.2566578,36.8035661,2026-08-28 13:00:00,13,4,0,0,50,50,1.0,45,0.8985,1
Student parking,-1.274479,36.805643,2026-08-28 13:00:00,13,4,0,0,50,100,1.0,48,0.9629,0
Kenton Rear Parking,-1.2809847,36.7869545,2026-08-28 13:00:00,13,4,0,0,50,100,1.0,41,0.8252,1
Unnamed Parking,-1.2553877,36.8667692,2026-08-28 13:00:00,13,4,0,0,50,100,1.0,40,0.804,1
Unnamed Parking,-1.259848,36.8644681,2026-08-28 13:00:00,13,4,0,0,50,100,1.19,46,0.9197,1
Travel House Parking,-1.2861727,36.8214386,2026-08-28 13:00:00,13,4,0,0,50,100,1.18,45,0.8908,1
Lenana Parking Lot Area,-1.2900918,36.800209,2026-08-28 13:00:00,13,4,0,0,50,100,1.0,42,0.835,1
Unnamed Parking,-1.2944773,36.8101427,2026-08-28 13:00:00,13,4,0,0,50,100,1.0,48,0.9613,0
Parking B,-1.2806414,36.8128716,2026-08-28 13:00:00,13,4,0,0,50,100,1.0,42,0.833,1
MAIN PACKING,-1.2803274,36.8127162,2026-08-28 13:00:00,13,4,0,0,50,100,1.0,43,0.8526,1
YMCA STAFF PARKING,-1.2805756,36.8129968,2026-08-28 13:00:00,13,4,0,0,50,100,1.0,43,0.8517,1
Unnamed Parking,-1.2896057,36.8150615,2026-08-28 14:00:00,14,4,0,0,50,100,1.0,39,0.7752,1
Unnamed Parking,-1.2909796,36.8282672,2026-08-28 14:00:00,14,4,0,0,50,100,1.0,43,0.8562,1
Unnamed Parking,-1.2856445,36.8132893,2026-08-28 14:00:00,14,4,0,0,50,100,1.0,48,0.9617,0
Unnamed Parking,-1.2597359,36.8182597,2026-08-28 14:00:00,14,4,0,0,50,100,1.0,44,0.8856,1
Unnamed Parking,-1.2641049,36.8117123,2026-08-28 14:00:00,14,4,0,0,50,100,1.0,43,0.8525,1
InterContinental Hotel Car Park,-1.2873717,36.8192911,2026-08-28 14:00:00,14,4,0,0,50,300,1.15,42,0.8371,1
Unnamed Parking,-1.25013,36.8202579,2026-08-28 14:00:00,14,4,0,0,50,100,1.16,44,0.8765,1
Olympic Bus Terminus,-1.3126351,36.7778212,2026-08-28 14:00:00,14,4,0,0,50,100,1.0,45,0.91,1
Ayany Car Park,-1.3090339,36.7757579,2026-08-28 14:00:00,14,4,0,0,50,200,1.0,45,0.8987,1
Westgate Mall Car Park,-1.2566578,36.8035661,2026-08-28 14:00:00,14,4,0,0,50,50,1.0,41,0.8235,1
Student parking,-1.274479,36.805643,2026-08-28 14:00:00,14,4,0,0,50,100,1.0,44,0.876,1
Kenton Rear Parking,-1.2809847,36.7869545,2026-08-28 14:00:00,14,4,0,0,50,100,1.0,44,0.8884,1
Unnamed Parking,-1.2553877,36.8667692,2026-08-28 14:00:00,14,4,0,0,50,100,1.0,38,0.7694,1
Unnamed Parking,-1.259848,36.8644681,2026-08-28 14:00:00,14,4,0,0,50,100,1.19,43,0.8635,1
Travel House Parking,-1.2861727,36.8214386,2026-08-28 14:00:00,14,4,0,0,50,100,1.18,34,0.6771,1
Lenana Parking Lot Area,-1.2900918,36.800209,2026-08-28 14:00:00,14,4,0,0,50,100,1.0,44,0.8886,1
Unnamed Parking,-1.2944773,36.8101427,2026-08-28 14:00:00,14,4,0,0,50,100,1.0,45,0.9028,1
Parking B,-1.2806414,36.8128716,2026-08-28 14:00:00,14,4,0,0,50,100,1.0,45,0.9098,1
MAIN PACKING,-1.2803274,36.8127162,2026-08-28 14:00:00,14,4,0,0,50,100,1.0,41,0.8184,1
YMCA STAFF PARKING,-1.2805756,36.8129968,2026-08-28 14:00:00,14,4,0,0,50,100,1.0,44,0.8747,1
Unnamed Parking,-1.2896057,36.8150615,2026-08-28 15:00:00,15,4,0,0,50,100,1.0,48,0.9639,0
Unnamed Parking,-1.2909796,36.8282672,2026-08-28 15:00:00,15,4,0,0,50,100,1.0,48,0.9631,0
Unnamed Parking,-1.2856445,36.8132893,2026-08-28 15:00:00,15,4,0,0,50,100,1.0,42,0.8477,1
Unnamed Parking,-1.2597359,36.8182597,2026-08-28 15:00:00,15,4,0,0,50,100,1.0,43,0.8611,1
Unnamed Parking,-1.2641049,36.8117123,2026-08-28 15:00:00,15,4,0,0,50,100,1.0,47,0.9389,1
InterContinental Hotel Car Park,-1.2873717,36.8192911,2026-08-28 15:00:00,15,4,0,0,50,300,1.15,36,0.7299,1
Unnamed Parking,-1.25013,36.8202579,2026-08-28 15:00:00,15,4,0,0,50,100,1.16,41,0.8242,1
Olympic Bus Terminus,-1.3126351,36.7778212,2026-08-28 15:00:00,15,4,0,0,50,100,1.0,48,0.9568,0
Ayany Car Park,-1.3090339,36.7757579,2026-08-28 15:00:00,15,4,0,0,50,200,1.0,46,0.928,1
Westgate Mall Car Park,-1.2566578,36.8035661,2026-08-28 15:00:00,15,4,0,0,50,50,1.0,44,0.8795,1
Student parking,-1.274479,36.805643,2026-08-28 15:00:00,15,4,0,0,50,100,1.0,36,0.7295,1
Kenton Rear Parking,-1.2809847,36.7869545,2026-08-28 15:00:00,15,4,0,0,50,100,1.0,42,0.846,1
Unnamed Parking,-1.2553877,36.8667692,2026-08-28 15:00:00,15,4,0,0,50,100,1.0,40,0.8028,1
Unnamed Parking,-1.259848,36.8644681,2026-08-28 15:00:00,15,4,0,0,50,100,1.19,44,0.8765,1
Travel House Parking,-1.2861727,36.8214386,2026-08-28 15:00:00,15,4,0,0,50,100,1.18,39,0.7853,1
Lenana Parking Lot Area,-1.2900918,36.800209,2026-08-28 15:00:00,15,4,0,0,50,100,1.0,38,0.7679,1
Unnamed Parking,-1.2944773,36.8101427,2026-08-28 15:00:00,15,4,0,0,50,100,1.0,34,0.6848,1
Parking B,-1.2806414,36.8128716,2026-08-28 15:00:00,15,4,0,0,50,100,1.0,47,0.9477,1
MAIN PACKING,-1.2803274,36.8127162,2026-08-28 15:00:00,15,4,0,0,50,100,1.0,41,0.818,1
YMCA STAFF PARKING,-1.2805756,36.8129968,2026-08-28 15:00:00,15,4,0,0,50,100,1.0,43,0.8626,1
Unnamed Parking,-1.2896057,36.8150615,2026-08-28 16:00:00,16,4,0,0,50,100,1.0,42,0.8498,1
Unnamed Parking,-1.2909796,36.8282672,2026-08-28 16:00:00,16,4,0,0,50,100,1.0,38,0.7646,1
Unnamed Parking,-1.2856445,36.8132893,2026-08-28 16:00:00,16,4,0,0,50,100,1.0,37,0.7493,1
Unnamed Parking,-1.2597359,36.8182597,2026-08-28 16:00:00,16,4,0,0,50,100,1.0,38,0.7696,1
Unnamed Parking,-1.2641049,36.8117123,2026-08-28 16:00:00,16,4,0,0,50,100,1.0,40,0.7921,1
InterContinental Hotel Car Park,-1.2873717,36.8192911,2026-08-28 16:00:00,16,4,0,0,50,300,1.15,44,0.8793,1
Unnamed Parking,-1.25013,36.8202579,2026-08-28 16:00:00,16,4,0,0,50,100,1.16,39,0.7863,1
Olympic Bus Terminus,-1.3126351,36.7778212,2026-08-28 16:00:00,16,4,0,0,50,100,1.0,49,0.9897,0
Ayany Car Park,-1.3090339,36.7757579,2026-08-28 16:00:00,16,4,0,0,50,200,1.0,47,0.9322,1
Westgate Mall Car Park,-1.2566578,36.8035661,2026-08-28 16:00:00,16,4,0,0,50,50,1.0,46,0.9147,1
Student parking,-1.274479,36.805643,2026-08-28 16:00:00,16,4,0,0,50,100,1.0,42,0.8404,1
Kenton Rear Parking,-1.2809847,36.7869545,2026-08-28 16:00:00,16,4,0,0,50,100,1.0,49,0.9711,0
Unnamed Parking,-1.2553877,36.8667692,2026-08-28 16:00:00,16,4,0,0,50,100,1.0,42,0.8326,1
Unnamed Parking,-1.259848,36.8644681,2026-08-28 16:00:00,16,4,0,0,50,100,1.19,42,0.8475,1
Travel House Parking,-1.2861727,36.8214386,2026-08-28 16:00:00,16,4,0,0,50,100,1.18,43,0.8636,1
Lenana Parking Lot Area,-1.2900918,36.800209,2026-08-28 16:00:00,16,4,0,0,50,100,1.0,45,0.9061,1
Unnamed Parking,-1.2944773,36.8101427,2026-08-28 16:00:00,16,4,0,0,50,100,1.0,45,0.901,1
Parking B,-1.2806414,36.8128716,2026-08-28 16:00:00,16,4,0,0,50,100,1.0,41,0.812,1
MAIN PACKING,-1.2803274,36.8127162,2026-08-28 16:00:00,16,4,0,0,50,100,1.0,40,0.8074,1
YMCA STAFF PARKING,-1.2805756,36.8129968,2026-08-28 16:00:00,16,4,0,0,50,100,1.0,45,0.9012,1
Unnamed Parking,-1.2896057,36.8150615,2026-08-28 17:00:00,17,4,0,0,50,100,1.0,38,0.7572,1
Unnamed Parking,-1.2909796,36.8282672,2026-08-28 17:00:00,17,4,0,0,50,100,1.0,33,0.6685,1
Unnamed Parking,-1.2856445,36.8132893,2026-08-28 17:00:00,17,4,0,0,50,100,1.0,29,0.573,1
Unnamed Parking,-1.2597359,36.8182597,2026-08-28 17:00:00,17,4,0,0,50,100,1.0,34,0.6834,1
Unnamed Parking,-1.2641049,36.8117123,2026-08-28 17:00:00,17,4,0,0,50,100,1.0,37,0.7499,1
InterContinental Hotel Car Park,-1.2873717,36.8192911,2026-08-28 17:00:00,17,4,0,0,50,300,1.15,42,0.8444,1
Unnamed Parking,-1.25013,36.8202579,2026-08-28 17:00:00,17,4,0,0,50,100,1.16,30,0.6042,1
Olympic Bus Terminus,-1.3126351,36.7778212,2026-08-28 17:00:00,17,4,0,0,50,100,1.0,33,0.6659,1
Ayany Car Park,-1.3090339,36.7757579,2026-08-28 17:00:00,17,4,0,0,50,200,1.0,33,0.6688,1
Westgate Mall Car Park,-1.2566578,36.8035661,2026-08-28 17:00:00,17,4,0,0,50,50,1.0,40,0.8085,1
Student parking,-1.274479,36.805643,2026-08-28 17:00:00,17,4,0,0,50,100,1.0,35,0.6972,1
Kenton Rear Parking,-1.2809847,36.7869545,2026-08-28 17:00:00,17,4,0,0,50,100,1.0,31,0.6274,1
Unnamed Parking,-1.2553877,36.8667692,2026-08-28 17:00:00,17,4,0,0,50,100,1.0,37,0.7447,1
Unnamed Parking,-1.259848,36.8644681,2026-08-28 17:00:00,17,4,0,0,50,100,1.19,33,0.6676,1
Travel House Parking,-1.2861727,36.8214386,2026-08-28 17:00:00,17,4,0,0,50,100,1.18,30,0.602,1
Lenana Parking Lot Area,-1.2900918,36.800209,2026-08-28 17:00:00,17,4,0,0,50,100,1.0,31,0.6286,1
Unnamed Parking,-1.2944773,36.8101427,2026-08-28 17:00:00,17,4,0,0,50,100,1.0,42,0.8387,1
Parking B,-1.2806414,36.8128716,2026-08-28 17:00:00,17,4,0,0,50,100,1.0,37,0.7307,1
MAIN PACKING,-1.2803274,36.8127162,2026-08-28 17:00:00,17,4,0,0,50,100,1.0,35,0.7086,1
YMCA STAFF PARKING,-1.2805756,36.8129968,2026-08-28 17:00:00,17,4,0,0,50,100,1.0,34,0.68,1
Unnamed Parking,-1.2896057,36.8150615,2026-08-28 18:00:00,18,4,0,0,50,100,1.0,36,0.7234,1
Unnamed Parking,-1.2909796,36.8282672,2026-08-28 18:00:00,18,4,0,0,50,100,1.0,36,0.7224,1
Unnamed Parking,-1.2856445,36.8132893,2026-08-28 18:00:00,18,4,0,0,50,100,1.0,36,0.7234,1
Unnamed Parking,-1.2597359,36.8182597,2026-08-28 18:00:00,18,4,0,0,50,100,1.0,35,0.7092,1
Unnamed Parking,-1.2641049,36.8117123,2026-08-28 18:00:00,18,4,0,0,50,100,1.0,38,0.7695,1
InterContinental Hotel Car Park,-1.2873717,36.8192911,2026-08-28 18:00:00,18,4,0,0,50,300,1.15,35,0.7018,1
Unnamed Parking,-1.25013,36.8202579,2026-08-28 18:00:00,18,4,0,0,50,100,1.16,31,0.6218,1
Olympic Bus Terminus,-1.3126351,36.7778212,2026-08-28 18:00:00,18,4,0,0,50,100,1.0,33,0.651,1
Ayany Car Park,-1.3090339,36.7757579,2026-08-28 18:00:00,18,4,0,0,50,200,1.0,27,0.5417,1
Westgate Mall Car Park,-1.2566578,36.8035661,2026-08-28 18:00:00,18,4,0,0,50,50,1.0,43,0.8621,1
Student parking,-1.274479,36.805643,2026-08-28 18:00:00,18,4,0,0,50,100,1.0,38,0.769,1
Kenton Rear Parking,-1.2809847,36.7869545,2026-08-28 18:00:00,18,4,0,0,50,100,1.0,32,0.6336,1
Unnamed Parking,-1.2553877,36.8667692,2026-08-28 18:00:00,18,4,0,0,50,100,1.0,34,0.6775,1
Unnamed Parking,-1.259848,36.8644681,2026-08-28 18:00:00,18,4,0,0,50,100,1.19,32,0.649,1
Travel House Parking,-1.2861727,36.8214386,2026-08-28 18:00:00,18,4,0,0,50,100,1.18,41,0.8234,1
Lenana Parking Lot Area,-1.2900918,36.800209,2026-08-28 18:00:00,18,4,0,0,50,100,1.0,29,0.5864,1
Unnamed Parking,-1.2944773,36.8101427,2026-08-28 18:00:00,18,4,0,0,50,100,1.0,35,0.7092,1
Parking B,-1.2806414,36.8128716,2026-08-28 18:00:00,18,4,0,0,50,100,1.0,35,0.6913,1
MAIN PACKING,-1.2803274,36.8127162,2026-08-28 18:00:00,18,4,0,0,50,100,1.0,38,0.7661,1
YMCA STAFF PARKING,-1.2805756,36.8129968,2026-08-28 18:00:00,18,4,0,0,50,100,1.0,35,0.6917,1
Unnamed Parking,-1.2896057,36.8150615,2026-08-28 19:00:00,19,4,0,0,50,100,1.0,13,0.2593,1
Unnamed Parking,-1.2909796,36.8282672,2026-08-28 19:00:00,19,4,0,0,50,100,1.0,19,0.3799,1
Unnamed Parking,-1.2856445,36.8132893,2026-08-28 19:00:00,19,4,0,0,50,100,1.0,16,0.3222,1
Unnamed Parking,-1.2597359,36.8182597,2026-08-28 19:00:00,19,4,0,0,50,100,1.0,20,0.4064,1
Unnamed Parking,-1.2641049,36.8117123,2026-08-28 19:00:00,19,4,0,0,50,100,1.0,26,0.5147,1
InterContinental Hotel Car Park,-1.2873717,36.8192911,2026-08-28 19:00:00,19,4,0,0,50,300,1.15,13,0.2608,1
Unnamed Parking,-1.25013,36.8202579,2026-08-28 19:00:00,19,4,0,0,50,100,1.16,17,0.336,1
Olympic Bus Terminus,-1.3126351,36.7778212,2026-08-28 19:00:00,19,4,0,0,50,100,1.0,18,0.3558,1
Ayany Car Park,-1.3090339,36.7757579,2026-08-28 19:00:00,19,4,0,0,50,200,1.0,18,0.3695,1
Westgate Mall Car Park,-1.2566578,36.8035661,2026-08-28 19:00:00,19,4,0,0,50,50,1.0,23,0.4592,1
Student parking,-1.274479,36.805643,2026-08-28 19:00:00,19,4,0,0,50,100,1.0,19,0.3861,1
Kenton Rear Parking,-1.2809847,36.7869545,2026-08-28 19:00:00,19,4,0,0,50,100,1.0,22,0.4333,1
Unnamed Parking,-1.2553877,36.8667692,2026-08-28 19:00:00,19,4,0,0,50,100,1.0,17,0.3499,1
Unnamed Parking,-1.259848,36.8644681,2026-08-28 19:00:00,19,4,0,0,50,100,1.19,21,0.4184,1
Travel House Parking,-1.2861727,36.8214386,2026-08-28 19:00:00,19,4,0,0,50,100,1.18,23,0.4622,1
Lenana Parking Lot Area,-1.2900918,36.800209,2026-08-28 19:00:00,19,4,0,0,50,100,1.0,17,0.3414,1
Unnamed Parking,-1.2944773,36.8101427,2026-08-28 19:00:00,19,4,0,0,50,100,1.0,23,0.4625,1
Parking B,-1.2806414,36.8128716,2026-08-28 19:00:00,19,4,0,0,50,100,1.0,20,0.4042,1
MAIN PACKING,-1.2803274,36.8127162,2026-08-28 19:00:00,19,4,0,0,50,100,1.0,24,0.4836,1
YMCA STAFF PARKING,-1.2805756,36.8129968,2026-08-28 19:00:00,19,4,0,0,50,100,1.0,19,0.3839,1
Unnamed Parking,-1.2896057,36.8150615,2026-08-28 20:00:00,20,4,0,0,50,100,1.0,22,0.4305,1
Unnamed Parking,-1.2909796,36.8282672,2026-08-28 20:00:00,20,4,0,0,50,100,1.0,20,0.3968,1
Unnamed Parking,-1.2856445,36.8132893,2026-08-28 20:00:00,20,4,0,0,50,100,1.0,20,0.3923,1
Unnamed Parking,-1.2597359,36.8182597,2026-08-28 20:00:00,20,4,0,0,50,100,1.0,21,0.4207,1
Unnamed Parking,-1.2641049,36.8117123,2026-08-28 20:00:00,20,4,0,0,50,100,1.0,22,0.4429,1
InterContinental Hotel Car Park,-1.2873717,36.8192911,2026-08-28 20:00:00,20,4,0,0,50,300,1.15,15,0.3,1
Unnamed Parking,-1.25013,36.8202579,2026-08-28 20:00:00,20,4,0,0,50,100,1.16,26,0.5147,1
Olympic Bus Terminus,-1.3126351,36.7778212,2026-08-28 20:00:00,20,4,0,0,50,100,1.0,13,0.2512,1
Ayany Car Park,-1.3090339,36.7757579,2026-08-28 20:00:00,20,4,0,0,50,200,1.0,17,0.3452,1
Westgate Mall Car Park,-1.2566578,36.8035661,2026-08-28 20:00:00,20,4,0,0,50,50,1.0,20,0.3925,1
Student parking,-1.274479,36.805643,2026-08-28 20:00:00,20,4,0,0,50,100,1.0,22,0.433,1
Kenton Rear Parking,-1.2809847,36.7869545,2026-08-28 20:00:00,20,4,0,0,50,100,1.0,26,0.5261,1
Unnamed Parking,-1.2553877,36.8667692,2026-08-28 20:00:00,20,4,0,0,50,100,1.0,13,0.2513,1
Unnamed Parking,-1.259848,36.8644681,2026-08-28 20:00:00,20,4,0,0,50,100,1.19,18,0.3594,1
Travel House Parking,-1.2861727,36.8214386,2026-08-28 20:00:00,20,4,0,0,50,100,1.18,11,0.2299,1
Lenana Parking Lot Area,-1.2900918,36.800209,2026-08-28 20:00:00,20,4,0,0,50,100,1.0,20,0.4025,1
Unnamed Parking,-1.2944773,36.8101427,2026-08-28 20:00:00,20,4,0,0,50,100,1.0,21,0.4217,1
Parking B,-1.2806414,36.8128716,2026-08-28 20:00:00,20,4,0,0,50,100,1.0,26,0.5273,1
MAIN PACKING,-1.2803274,36.8127162,2026-08-28 20:00:00,20,4,0,0,50,100,1.0,20,0.4097,1
YMCA STAFF PARKING,-1.2805756,36.8129968,2026-08-28 20:00:00,20,4,0,0,50,100,1.0,24,0.4835,1
Unnamed Parking,-1.2896057,36.8150615,2026-08-28 21:00:00,21,4,0,0,50,100,1.0,22,0.4467,1
Unnamed Parking,-1.2909796,36.8282672,2026-08-28 21:00:00,21,4,0,0,50,100,1.0,18,0.3652,1
Unnamed Parking,-1.2856445,36.8132893,2026-08-28 21:00:00,21,4,0,0,50,100,1.0,14,0.2873,1
Unnamed Parking,-1.2597359,36.8182597,2026-08-28 21:00:00,21,4,0,0,50,100,1.0,21,0.422,1
Unnamed Parking,-1.2641049,36.8117123,2026-08-28 21:00:00,21,4,0,0,50,100,1.0,14,0.2806,1
InterContinental Hotel Car Park,-1.2873717,36.8192911,2026-08-28 21:00:00,21,4,0,0,50,300,1.15,25,0.5036,1
Unnamed Parking,-1.25013,36.8202579,2026-08-28 21:00:00,21,4,0,0,50,100,1.16,19,0.387,1
Olympic Bus Terminus,-1.3126351,36.7778212,2026-08-28 21:00:00,21,4,0,0,50,100,1.0,25,0.4956,1
Ayany Car Park,-1.3090339,36.7757579,2026-08-28 21:00:00,21,4,0,0,50,200,1.0,18,0.3616,1
Westgate Mall Car Park,-1.2566578,36.8035661,2026-08-28 21:00:00,21,4,0,0,50,50,1.0,21,0.4215,1
Student parking,-1.274479,36.805643,2026-08-28 21:00:00,21,4,0,0,50,100,1.0,21,0.4167,1
Kenton Rear Parking,-1.2809847,36.7869545,2026-08-28 21:00:00,21,4,0,0,50,100,1.0,20,0.3964,1
Unnamed Parking,-1.2553877,36.8667692,2026-08-28 21:00:00,21,4,0,0,50,100,1.0,18,0.3654,1
Unnamed Parking,-1.259848,36.8644681,2026-08-28 21:00:00,21,4,0,0,50,100,1.19,22,0.4314,1
Travel House Parking,-1.2861727,36.8214386,2026-08-28 21:00:00,21,4,0,0,50,100,1.18,16,0.3259,1
Lenana Parking Lot Area,-1.2900918,36.800209,2026-08-28 21:00:00,21,4,0,0,50,100,1.0,15,0.3032,1
Unnamed Parking,-1.2944773,36.8101427,2026-08-28 21:00:00,21,4,0,0,50,100,1.0,25,0.4994,1
Parking B,-1.2806414,36.8128716,2026-08-28 21:00:00,21,4,0,0,50,100,1.0,23,0.4582,1
MAIN PACKING,-1.2803274,36.8127162,2026-08-28 21:00:00,21,4,0,0,50,100,1.0,20,0.4053,1
YMCA STAFF PARKING,-1.2805756,36.8129968,2026-08-28 21:00:00,21,4,0,0,50,100,1.0,27,0.5332,1
Unnamed Parking,-1.2896057,36.8150615,2026-08-28 22:00:00,22,4,0,0,50,100,1.0,19,0.3786,1
Unnamed Parking,-1.2909796,36.8282672,2026-08-28 22:00:00,22,4,0,0,50,100,1.0,25,0.5058,1
Unnamed Parking,-1.2856445,36.8132893,2026-08-28 22:00:00,22,4,0,0,50,100,1.0,21,0.414,1
Unnamed Parking,-1.2597359,36.8182597,2026-08-28 22:00:00,22,4,0,0,50,100,1.0,16,0.318,1
Unnamed Parking,-1.2641049,36.8117123,2026-08-28 22:00:00,22,4,0,0,50,100,1.0,27,0.5478,1
InterContinental Hotel Car Park,-1.2873717,36.8192911,2026-08-28 22:00:00,22,4,0,0,50,300,1.15,24,0.4793,1
Unnamed Parking,-1.25013,36.8202579,2026-08-28 22:00:00,22,4,0,0,50,100,1.16,20,0.3903,1
Olympic Bus Terminus,-1.3126351,36.7778212,2026-08-28 22:00:00,22,4,0,0,50,100,1.0,23,0.4582,1
Ayany Car Park,-1.3090339,36.7757579,2026-08-28 22:00:00,22,4,0,0,50,200,1.0,18,0.3677,1
Westgate Mall Car Park,-1.2566578,36.8035661,2026-08-28 22:00:00,22,4,0,0,50,50,1.0,23,0.4663,1
Student parking,-1.274479,36.805643,2026-08-28 22:00:00,22,4,0,0,50,100,1.0,10,0.2087,1
Kenton Rear Parking,-1.2809847,36.7869545,2026-08-28 22:00:00,22,4,0,0,50,100,1.0,16,0.3184,1
Unnamed Parking,-1.2553877,36.8667692,2026-08-28 22:00:00,22,4,0,0,50,100,1.0,24,0.4783,1
Unnamed Parking,-1.259848,36.8644681,2026-08-28 22:00:00,22,4,0,0,50,100,1.19,19,0.38,1
Travel House Parking,-1.2861727,36.8214386,2026-08-28 22:00:00,22,4,0,0,50,100,1.18,21,0.4166,1
Lenana Parking Lot Area,-1.2900918,36.800209,2026-08-28 22:00:00,22,4,0,0,50,100,1.0,15,0.2923,1
Unnamed Parking,-1.2944773,36.8101427,2026-08-28 22:00:00,22,4,0,0,50,100,1.0,27,0.5478,1
Parking B,-1.2806414,36.8128716,2026-08-28 22:00:00,22,4,0,0,50,100,1.0,25,0.4952,1
MAIN PACKING,-1.2803274,36.8127162,2026-08-28 22:00:00,22,4,0,0,50,100,1.0,19,0.3839,1
YMCA STAFF PARKING,-1.2805756,36.8129968,2026-08-28 22:00:00,22,4,0,0,50,100,1.0,18,0.3676,1
